year,county,crime_type,total_source_records,district_assigned_records,district_unassigned_records,district_assignment_rate,coverage_status
2016,南投縣,毒品,810,810,0,1,complete
2016,南投縣,強盜,6,6,0,1,complete
2016,南投縣,搶奪,6,6,0,1,complete
2016,南投縣,住宅竊盜,103,103,0,1,complete
2016,南投縣,汽車竊盜,127,127,0,1,complete
2016,南投縣,機車竊盜,298,195,103,0.6543624161,complete
2016,南投縣,強制性交,15,15,0,1,complete
2016,南投縣,組織犯罪防制條例,0,0,0,,unavailable
2016,嘉義市,毒品,494,491,3,0.9939271255,complete
2016,嘉義市,強盜,4,4,0,1,complete
2016,嘉義市,搶奪,0,0,0,,complete
2016,嘉義市,住宅竊盜,19,19,0,1,complete
2016,嘉義市,汽車竊盜,76,76,0,1,complete
2016,嘉義市,機車竊盜,106,39,67,0.3679245283,complete
2016,嘉義市,強制性交,12,12,0,1,complete
2016,嘉義市,組織犯罪防制條例,0,0,0,,unavailable
2016,嘉義縣,毒品,514,514,0,1,complete
2016,嘉義縣,強盜,0,0,0,,complete
2016,嘉義縣,搶奪,2,2,0,1,complete
2016,嘉義縣,住宅竊盜,25,25,0,1,complete
2016,嘉義縣,汽車竊盜,72,72,0,1,complete
2016,嘉義縣,機車竊盜,126,56,70,0.4444444444,complete
2016,嘉義縣,強制性交,13,13,0,1,complete
2016,嘉義縣,組織犯罪防制條例,0,0,0,,unavailable
2016,基隆市,毒品,1253,1253,0,1,complete
2016,基隆市,強盜,8,8,0,1,complete
2016,基隆市,搶奪,3,3,0,1,complete
2016,基隆市,住宅竊盜,71,71,0,1,complete
2016,基隆市,汽車竊盜,22,22,0,1,complete
2016,基隆市,機車竊盜,228,130,98,0.5701754386,complete
2016,基隆市,強制性交,15,15,0,1,complete
2016,基隆市,組織犯罪防制條例,0,0,0,,unavailable
2016,宜蘭縣,毒品,700,700,0,1,complete
2016,宜蘭縣,強盜,6,6,0,1,complete
2016,宜蘭縣,搶奪,5,5,0,1,complete
2016,宜蘭縣,住宅竊盜,95,95,0,1,complete
2016,宜蘭縣,汽車竊盜,108,108,0,1,complete
2016,宜蘭縣,機車竊盜,199,118,81,0.5929648241,complete
2016,宜蘭縣,強制性交,11,11,0,1,complete
2016,宜蘭縣,組織犯罪防制條例,0,0,0,,unavailable
2016,屏東縣,毒品,1538,1538,0,1,complete
2016,屏東縣,強盜,7,7,0,1,complete
2016,屏東縣,搶奪,15,15,0,1,complete
2016,屏東縣,住宅竊盜,53,53,0,1,complete
2016,屏東縣,汽車竊盜,232,232,0,1,complete
2016,屏東縣,機車竊盜,469,195,274,0.4157782516,complete
2016,屏東縣,強制性交,1,1,0,1,complete
2016,屏東縣,組織犯罪防制條例,0,0,0,,unavailable
2016,彰化縣,毒品,1413,1413,0,1,complete
2016,彰化縣,強盜,12,12,0,1,complete
2016,彰化縣,搶奪,18,18,0,1,complete
2016,彰化縣,住宅竊盜,92,92,0,1,complete
2016,彰化縣,汽車竊盜,134,134,0,1,complete
2016,彰化縣,機車竊盜,319,196,123,0.6144200627,complete
2016,彰化縣,強制性交,27,27,0,1,complete
2016,彰化縣,組織犯罪防制條例,0,0,0,,unavailable
2016,新北市,毒品,7982,7981,1,0.9998747181,complete
2016,新北市,強盜,59,59,0,1,complete
2016,新北市,搶奪,48,48,0,1,complete
2016,新北市,住宅竊盜,549,549,0,1,complete
2016,新北市,汽車竊盜,386,386,0,1,complete
2016,新北市,機車竊盜,2202,1010,1192,0.4586739328,complete
2016,新北市,強制性交,38,38,0,1,complete
2016,新北市,組織犯罪防制條例,0,0,0,,unavailable
2016,新竹市,毒品,372,369,3,0.9919354839,complete
2016,新竹市,強盜,2,2,0,1,complete
2016,新竹市,搶奪,7,7,0,1,complete
2016,新竹市,住宅竊盜,73,73,0,1,complete
2016,新竹市,汽車竊盜,105,105,0,1,complete
2016,新竹市,機車竊盜,378,113,265,0.2989417989,complete
2016,新竹市,強制性交,12,11,1,0.9166666667,complete
2016,新竹市,組織犯罪防制條例,0,0,0,,unavailable
2016,新竹縣,毒品,825,825,0,1,complete
2016,新竹縣,強盜,10,10,0,1,complete
2016,新竹縣,搶奪,11,11,0,1,complete
2016,新竹縣,住宅竊盜,68,68,0,1,complete
2016,新竹縣,汽車竊盜,342,342,0,1,complete
2016,新竹縣,機車竊盜,445,168,277,0.3775280899,complete
2016,新竹縣,強制性交,5,5,0,1,complete
2016,新竹縣,組織犯罪防制條例,0,0,0,,unavailable
2016,桃園市,毒品,4823,4823,0,1,complete
2016,桃園市,強盜,28,28,0,1,complete
2016,桃園市,搶奪,22,22,0,1,complete
2016,桃園市,住宅竊盜,146,146,0,1,complete
2016,桃園市,汽車竊盜,970,970,0,1,complete
2016,桃園市,機車竊盜,2688,1166,1522,0.4337797619,complete
2016,桃園市,強制性交,16,16,0,1,complete
2016,桃園市,組織犯罪防制條例,0,0,0,,unavailable
2016,澎湖縣,毒品,36,36,0,1,complete
2016,澎湖縣,強盜,0,0,0,,complete
2016,澎湖縣,搶奪,0,0,0,,complete
2016,澎湖縣,住宅竊盜,26,26,0,1,complete
2016,澎湖縣,汽車竊盜,8,8,0,1,complete
2016,澎湖縣,機車竊盜,21,12,9,0.5714285714,complete
2016,澎湖縣,強制性交,4,4,0,1,complete
2016,澎湖縣,組織犯罪防制條例,0,0,0,,unavailable
2016,臺中市,毒品,3085,3084,1,0.9996758509,complete
2016,臺中市,強盜,22,22,0,1,complete
2016,臺中市,搶奪,24,24,0,1,complete
2016,臺中市,住宅竊盜,144,144,0,1,complete
2016,臺中市,汽車竊盜,238,238,0,1,complete
2016,臺中市,機車竊盜,1192,575,617,0.4823825503,complete
2016,臺中市,強制性交,24,24,0,1,complete
2016,臺中市,組織犯罪防制條例,0,0,0,,unavailable
2016,臺北市,毒品,3981,3981,0,1,complete
2016,臺北市,強盜,29,29,0,1,complete
2016,臺北市,搶奪,25,24,1,0.96,complete
2016,臺北市,住宅竊盜,468,468,0,1,complete
2016,臺北市,汽車竊盜,87,87,0,1,complete
2016,臺北市,機車竊盜,604,312,292,0.5165562914,complete
2016,臺北市,強制性交,57,57,0,1,complete
2016,臺北市,組織犯罪防制條例,0,0,0,,unavailable
2016,臺南市,毒品,1774,1773,1,0.9994363021,complete
2016,臺南市,強盜,33,33,0,1,complete
2016,臺南市,搶奪,23,23,0,1,complete
2016,臺南市,住宅竊盜,382,382,0,1,complete
2016,臺南市,汽車竊盜,287,287,0,1,complete
2016,臺南市,機車竊盜,1034,341,693,0.329787234,complete
2016,臺南市,強制性交,65,65,0,1,complete
2016,臺南市,組織犯罪防制條例,0,0,0,,unavailable
2016,臺東縣,毒品,278,278,0,1,complete
2016,臺東縣,強盜,1,1,0,1,complete
2016,臺東縣,搶奪,0,0,0,,complete
2016,臺東縣,住宅竊盜,15,15,0,1,complete
2016,臺東縣,汽車竊盜,14,14,0,1,complete
2016,臺東縣,機車竊盜,118,25,93,0.2118644068,complete
2016,臺東縣,強制性交,1,1,0,1,complete
2016,臺東縣,組織犯罪防制條例,0,0,0,,unavailable
2016,花蓮縣,毒品,712,712,0,1,complete
2016,花蓮縣,強盜,3,3,0,1,complete
2016,花蓮縣,搶奪,1,1,0,1,complete
2016,花蓮縣,住宅竊盜,65,65,0,1,complete
2016,花蓮縣,汽車竊盜,66,66,0,1,complete
2016,花蓮縣,機車竊盜,135,78,57,0.5777777778,complete
2016,花蓮縣,強制性交,11,11,0,1,complete
2016,花蓮縣,組織犯罪防制條例,0,0,0,,unavailable
2016,苗栗縣,毒品,602,602,0,1,complete
2016,苗栗縣,強盜,7,7,0,1,complete
2016,苗栗縣,搶奪,4,4,0,1,complete
2016,苗栗縣,住宅竊盜,72,72,0,1,complete
2016,苗栗縣,汽車竊盜,141,141,0,1,complete
2016,苗栗縣,機車竊盜,265,101,164,0.3811320755,complete
2016,苗栗縣,強制性交,4,4,0,1,complete
2016,苗栗縣,組織犯罪防制條例,0,0,0,,unavailable
2016,連江縣,毒品,7,7,0,1,complete
2016,連江縣,強盜,0,0,0,,complete
2016,連江縣,搶奪,0,0,0,,complete
2016,連江縣,住宅竊盜,2,2,0,1,complete
2016,連江縣,汽車竊盜,0,0,0,,complete
2016,連江縣,機車竊盜,1,0,1,0,complete
2016,連江縣,強制性交,0,0,0,,complete
2016,連江縣,組織犯罪防制條例,0,0,0,,unavailable
2016,金門縣,毒品,36,36,0,1,complete
2016,金門縣,強盜,0,0,0,,complete
2016,金門縣,搶奪,2,2,0,1,complete
2016,金門縣,住宅竊盜,31,31,0,1,complete
2016,金門縣,汽車竊盜,3,3,0,1,complete
2016,金門縣,機車竊盜,27,13,14,0.4814814815,complete
2016,金門縣,強制性交,7,7,0,1,complete
2016,金門縣,組織犯罪防制條例,0,0,0,,unavailable
2016,雲林縣,毒品,1009,1009,0,1,complete
2016,雲林縣,強盜,14,14,0,1,complete
2016,雲林縣,搶奪,9,9,0,1,complete
2016,雲林縣,住宅竊盜,118,118,0,1,complete
2016,雲林縣,汽車竊盜,87,87,0,1,complete
2016,雲林縣,機車竊盜,254,112,142,0.4409448819,complete
2016,雲林縣,強制性交,2,2,0,1,complete
2016,雲林縣,組織犯罪防制條例,0,0,0,,unavailable
2016,高雄市,毒品,3506,3501,5,0.9985738734,complete
2016,高雄市,強盜,27,27,0,1,complete
2016,高雄市,搶奪,81,81,0,1,complete
2016,高雄市,住宅竊盜,107,107,0,1,complete
2016,高雄市,汽車竊盜,619,619,0,1,complete
2016,高雄市,機車竊盜,1919,611,1308,0.3183949974,complete
2016,高雄市,強制性交,15,15,0,1,complete
2016,高雄市,組織犯罪防制條例,0,0,0,,unavailable
2017,南投縣,毒品,674,674,0,1,complete
2017,南投縣,強盜,10,10,0,1,complete
2017,南投縣,搶奪,8,8,0,1,complete
2017,南投縣,住宅竊盜,98,98,0,1,complete
2017,南投縣,汽車竊盜,60,60,0,1,complete
2017,南投縣,機車竊盜,203,124,79,0.6108374384,complete
2017,南投縣,強制性交,16,16,0,1,complete
2017,南投縣,組織犯罪防制條例,0,0,0,,unavailable
2017,嘉義市,毒品,416,415,1,0.9975961538,complete
2017,嘉義市,強盜,2,2,0,1,complete
2017,嘉義市,搶奪,3,3,0,1,complete
2017,嘉義市,住宅竊盜,13,13,0,1,complete
2017,嘉義市,汽車竊盜,22,22,0,1,complete
2017,嘉義市,機車竊盜,76,28,48,0.3684210526,complete
2017,嘉義市,強制性交,13,13,0,1,complete
2017,嘉義市,組織犯罪防制條例,0,0,0,,unavailable
2017,嘉義縣,毒品,447,447,0,1,complete
2017,嘉義縣,強盜,3,3,0,1,complete
2017,嘉義縣,搶奪,6,6,0,1,complete
2017,嘉義縣,住宅竊盜,14,14,0,1,complete
2017,嘉義縣,汽車竊盜,61,61,0,1,complete
2017,嘉義縣,機車竊盜,81,30,51,0.3703703704,complete
2017,嘉義縣,強制性交,13,13,0,1,complete
2017,嘉義縣,組織犯罪防制條例,0,0,0,,unavailable
2017,基隆市,毒品,1235,1234,1,0.9991902834,complete
2017,基隆市,強盜,11,11,0,1,complete
2017,基隆市,搶奪,6,6,0,1,complete
2017,基隆市,住宅竊盜,55,55,0,1,complete
2017,基隆市,汽車竊盜,22,22,0,1,complete
2017,基隆市,機車竊盜,176,97,79,0.5511363636,complete
2017,基隆市,強制性交,12,12,0,1,complete
2017,基隆市,組織犯罪防制條例,0,0,0,,unavailable
2017,宜蘭縣,毒品,772,772,0,1,complete
2017,宜蘭縣,強盜,5,5,0,1,complete
2017,宜蘭縣,搶奪,1,1,0,1,complete
2017,宜蘭縣,住宅竊盜,70,70,0,1,complete
2017,宜蘭縣,汽車竊盜,57,57,0,1,complete
2017,宜蘭縣,機車竊盜,107,77,30,0.7196261682,complete
2017,宜蘭縣,強制性交,9,9,0,1,complete
2017,宜蘭縣,組織犯罪防制條例,0,0,0,,unavailable
2017,屏東縣,毒品,1603,1601,2,0.9987523394,complete
2017,屏東縣,強盜,8,8,0,1,complete
2017,屏東縣,搶奪,5,5,0,1,complete
2017,屏東縣,住宅竊盜,57,57,0,1,complete
2017,屏東縣,汽車竊盜,142,142,0,1,complete
2017,屏東縣,機車竊盜,355,177,178,0.4985915493,complete
2017,屏東縣,強制性交,4,4,0,1,complete
2017,屏東縣,組織犯罪防制條例,0,0,0,,unavailable
2017,彰化縣,毒品,1306,1306,0,1,complete
2017,彰化縣,強盜,15,15,0,1,complete
2017,彰化縣,搶奪,12,12,0,1,complete
2017,彰化縣,住宅竊盜,65,65,0,1,complete
2017,彰化縣,汽車竊盜,91,91,0,1,complete
2017,彰化縣,機車竊盜,234,137,97,0.5854700855,complete
2017,彰化縣,強制性交,14,14,0,1,complete
2017,彰化縣,組織犯罪防制條例,0,0,0,,unavailable
2017,新北市,毒品,7696,7696,0,1,complete
2017,新北市,強盜,46,46,0,1,complete
2017,新北市,搶奪,32,32,0,1,complete
2017,新北市,住宅竊盜,510,510,0,1,complete
2017,新北市,汽車竊盜,275,275,0,1,complete
2017,新北市,機車竊盜,1965,799,1166,0.4066157761,complete
2017,新北市,強制性交,29,29,0,1,complete
2017,新北市,組織犯罪防制條例,0,0,0,,unavailable
2017,新竹市,毒品,426,423,3,0.9929577465,complete
2017,新竹市,強盜,1,1,0,1,complete
2017,新竹市,搶奪,3,3,0,1,complete
2017,新竹市,住宅竊盜,46,46,0,1,complete
2017,新竹市,汽車竊盜,64,64,0,1,complete
2017,新竹市,機車竊盜,315,86,229,0.273015873,complete
2017,新竹市,強制性交,4,4,0,1,complete
2017,新竹市,組織犯罪防制條例,0,0,0,,unavailable
2017,新竹縣,毒品,799,799,0,1,complete
2017,新竹縣,強盜,9,9,0,1,complete
2017,新竹縣,搶奪,5,5,0,1,complete
2017,新竹縣,住宅竊盜,56,56,0,1,complete
2017,新竹縣,汽車竊盜,275,275,0,1,complete
2017,新竹縣,機車竊盜,364,143,221,0.3928571429,complete
2017,新竹縣,強制性交,1,1,0,1,complete
2017,新竹縣,組織犯罪防制條例,0,0,0,,unavailable
2017,桃園市,毒品,5198,5197,1,0.9998076183,complete
2017,桃園市,強盜,23,23,0,1,complete
2017,桃園市,搶奪,12,12,0,1,complete
2017,桃園市,住宅竊盜,156,156,0,1,complete
2017,桃園市,汽車竊盜,607,607,0,1,complete
2017,桃園市,機車竊盜,2120,889,1231,0.4193396226,complete
2017,桃園市,強制性交,4,4,0,1,complete
2017,桃園市,組織犯罪防制條例,0,0,0,,unavailable
2017,澎湖縣,毒品,16,16,0,1,complete
2017,澎湖縣,強盜,0,0,0,,complete
2017,澎湖縣,搶奪,0,0,0,,complete
2017,澎湖縣,住宅竊盜,21,21,0,1,complete
2017,澎湖縣,汽車竊盜,1,1,0,1,complete
2017,澎湖縣,機車竊盜,14,7,7,0.5,complete
2017,澎湖縣,強制性交,5,5,0,1,complete
2017,澎湖縣,組織犯罪防制條例,0,0,0,,unavailable
2017,臺中市,毒品,3440,3440,0,1,complete
2017,臺中市,強盜,14,14,0,1,complete
2017,臺中市,搶奪,19,19,0,1,complete
2017,臺中市,住宅竊盜,131,131,0,1,complete
2017,臺中市,汽車竊盜,173,173,0,1,complete
2017,臺中市,機車竊盜,964,427,537,0.4429460581,complete
2017,臺中市,強制性交,33,33,0,1,complete
2017,臺中市,組織犯罪防制條例,0,0,0,,unavailable
2017,臺北市,毒品,3702,3700,2,0.9994597515,complete
2017,臺北市,強盜,21,21,0,1,complete
2017,臺北市,搶奪,24,24,0,1,complete
2017,臺北市,住宅竊盜,356,356,0,1,complete
2017,臺北市,汽車竊盜,82,82,0,1,complete
2017,臺北市,機車竊盜,685,329,356,0.4802919708,complete
2017,臺北市,強制性交,34,34,0,1,complete
2017,臺北市,組織犯罪防制條例,0,0,0,,unavailable
2017,臺南市,毒品,2113,2112,1,0.9995267392,complete
2017,臺南市,強盜,29,29,0,1,complete
2017,臺南市,搶奪,18,18,0,1,complete
2017,臺南市,住宅竊盜,344,344,0,1,complete
2017,臺南市,汽車竊盜,139,139,0,1,complete
2017,臺南市,機車竊盜,666,233,433,0.3498498498,complete
2017,臺南市,強制性交,13,13,0,1,complete
2017,臺南市,組織犯罪防制條例,0,0,0,,unavailable
2017,臺東縣,毒品,236,236,0,1,complete
2017,臺東縣,強盜,1,1,0,1,complete
2017,臺東縣,搶奪,1,1,0,1,complete
2017,臺東縣,住宅竊盜,8,8,0,1,complete
2017,臺東縣,汽車竊盜,5,5,0,1,complete
2017,臺東縣,機車竊盜,83,29,54,0.3493975904,complete
2017,臺東縣,強制性交,0,0,0,,complete
2017,臺東縣,組織犯罪防制條例,0,0,0,,unavailable
2017,花蓮縣,毒品,662,662,0,1,complete
2017,花蓮縣,強盜,6,6,0,1,complete
2017,花蓮縣,搶奪,1,1,0,1,complete
2017,花蓮縣,住宅竊盜,49,49,0,1,complete
2017,花蓮縣,汽車竊盜,29,29,0,1,complete
2017,花蓮縣,機車竊盜,76,45,31,0.5921052632,complete
2017,花蓮縣,強制性交,10,10,0,1,complete
2017,花蓮縣,組織犯罪防制條例,0,0,0,,unavailable
2017,苗栗縣,毒品,636,636,0,1,complete
2017,苗栗縣,強盜,8,8,0,1,complete
2017,苗栗縣,搶奪,0,0,0,,complete
2017,苗栗縣,住宅竊盜,102,102,0,1,complete
2017,苗栗縣,汽車竊盜,100,100,0,1,complete
2017,苗栗縣,機車竊盜,172,62,110,0.3604651163,complete
2017,苗栗縣,強制性交,1,1,0,1,complete
2017,苗栗縣,組織犯罪防制條例,0,0,0,,unavailable
2017,連江縣,毒品,4,4,0,1,complete
2017,連江縣,強盜,0,0,0,,complete
2017,連江縣,搶奪,1,1,0,1,complete
2017,連江縣,住宅竊盜,3,3,0,1,complete
2017,連江縣,汽車竊盜,0,0,0,,complete
2017,連江縣,機車竊盜,2,0,2,0,complete
2017,連江縣,強制性交,0,0,0,,complete
2017,連江縣,組織犯罪防制條例,0,0,0,,unavailable
2017,金門縣,毒品,48,48,0,1,complete
2017,金門縣,強盜,1,1,0,1,complete
2017,金門縣,搶奪,1,1,0,1,complete
2017,金門縣,住宅竊盜,19,19,0,1,complete
2017,金門縣,汽車竊盜,2,2,0,1,complete
2017,金門縣,機車竊盜,5,3,2,0.6,complete
2017,金門縣,強制性交,5,5,0,1,complete
2017,金門縣,組織犯罪防制條例,0,0,0,,unavailable
2017,雲林縣,毒品,911,911,0,1,complete
2017,雲林縣,強盜,12,12,0,1,complete
2017,雲林縣,搶奪,4,4,0,1,complete
2017,雲林縣,住宅竊盜,131,131,0,1,complete
2017,雲林縣,汽車竊盜,66,66,0,1,complete
2017,雲林縣,機車竊盜,182,71,111,0.3901098901,complete
2017,雲林縣,強制性交,5,5,0,1,complete
2017,雲林縣,組織犯罪防制條例,0,0,0,,unavailable
2017,高雄市,毒品,3234,3233,1,0.9996907854,complete
2017,高雄市,強盜,30,30,0,1,complete
2017,高雄市,搶奪,56,56,0,1,complete
2017,高雄市,住宅竊盜,153,153,0,1,complete
2017,高雄市,汽車竊盜,447,447,0,1,complete
2017,高雄市,機車竊盜,1655,506,1149,0.3057401813,complete
2017,高雄市,強制性交,13,13,0,1,complete
2017,高雄市,組織犯罪防制條例,0,0,0,,unavailable
2018,南投縣,毒品,585,585,0,1,complete
2018,南投縣,強盜,5,5,0,1,complete
2018,南投縣,搶奪,9,9,0,1,complete
2018,南投縣,住宅竊盜,90,90,0,1,complete
2018,南投縣,汽車竊盜,55,55,0,1,complete
2018,南投縣,機車竊盜,162,84,78,0.5185185185,complete
2018,南投縣,強制性交,16,16,0,1,complete
2018,南投縣,組織犯罪防制條例,0,0,0,,partial
2018,嘉義市,毒品,440,440,0,1,complete
2018,嘉義市,強盜,3,3,0,1,complete
2018,嘉義市,搶奪,1,1,0,1,complete
2018,嘉義市,住宅竊盜,18,18,0,1,complete
2018,嘉義市,汽車竊盜,22,22,0,1,complete
2018,嘉義市,機車竊盜,50,20,30,0.4,complete
2018,嘉義市,強制性交,15,15,0,1,complete
2018,嘉義市,組織犯罪防制條例,0,0,0,,partial
2018,嘉義縣,毒品,514,514,0,1,complete
2018,嘉義縣,強盜,4,4,0,1,complete
2018,嘉義縣,搶奪,5,5,0,1,complete
2018,嘉義縣,住宅竊盜,25,25,0,1,complete
2018,嘉義縣,汽車竊盜,53,53,0,1,complete
2018,嘉義縣,機車竊盜,64,28,36,0.4375,complete
2018,嘉義縣,強制性交,3,3,0,1,complete
2018,嘉義縣,組織犯罪防制條例,0,0,0,,partial
2018,基隆市,毒品,1313,1313,0,1,complete
2018,基隆市,強盜,5,5,0,1,complete
2018,基隆市,搶奪,5,5,0,1,complete
2018,基隆市,住宅竊盜,59,59,0,1,complete
2018,基隆市,汽車竊盜,16,16,0,1,complete
2018,基隆市,機車竊盜,116,53,63,0.4568965517,complete
2018,基隆市,強制性交,11,11,0,1,complete
2018,基隆市,組織犯罪防制條例,0,0,0,,partial
2018,宜蘭縣,毒品,693,693,0,1,complete
2018,宜蘭縣,強盜,7,7,0,1,complete
2018,宜蘭縣,搶奪,3,3,0,1,complete
2018,宜蘭縣,住宅竊盜,38,38,0,1,complete
2018,宜蘭縣,汽車竊盜,57,57,0,1,complete
2018,宜蘭縣,機車竊盜,97,65,32,0.6701030928,complete
2018,宜蘭縣,強制性交,5,5,0,1,complete
2018,宜蘭縣,組織犯罪防制條例,0,0,0,,partial
2018,屏東縣,毒品,1467,1467,0,1,complete
2018,屏東縣,強盜,7,7,0,1,complete
2018,屏東縣,搶奪,7,7,0,1,complete
2018,屏東縣,住宅竊盜,32,32,0,1,complete
2018,屏東縣,汽車竊盜,74,74,0,1,complete
2018,屏東縣,機車竊盜,202,99,103,0.4900990099,complete
2018,屏東縣,強制性交,6,6,0,1,complete
2018,屏東縣,組織犯罪防制條例,0,0,0,,partial
2018,彰化縣,毒品,1125,1125,0,1,complete
2018,彰化縣,強盜,12,12,0,1,complete
2018,彰化縣,搶奪,6,6,0,1,complete
2018,彰化縣,住宅竊盜,61,61,0,1,complete
2018,彰化縣,汽車竊盜,87,87,0,1,complete
2018,彰化縣,機車竊盜,190,125,65,0.6578947368,complete
2018,彰化縣,強制性交,13,13,0,1,complete
2018,彰化縣,組織犯罪防制條例,1,1,0,1,partial
2018,新北市,毒品,6473,6473,0,1,complete
2018,新北市,強盜,27,27,0,1,complete
2018,新北市,搶奪,37,37,0,1,complete
2018,新北市,住宅竊盜,361,361,0,1,complete
2018,新北市,汽車竊盜,216,216,0,1,complete
2018,新北市,機車竊盜,1624,682,942,0.4199507389,complete
2018,新北市,強制性交,22,22,0,1,complete
2018,新北市,組織犯罪防制條例,0,0,0,,partial
2018,新竹市,毒品,345,342,3,0.9913043478,complete
2018,新竹市,強盜,1,1,0,1,complete
2018,新竹市,搶奪,0,0,0,,complete
2018,新竹市,住宅竊盜,30,30,0,1,complete
2018,新竹市,汽車竊盜,39,39,0,1,complete
2018,新竹市,機車竊盜,276,65,211,0.2355072464,complete
2018,新竹市,強制性交,5,5,0,1,complete
2018,新竹市,組織犯罪防制條例,0,0,0,,partial
2018,新竹縣,毒品,573,573,0,1,complete
2018,新竹縣,強盜,1,1,0,1,complete
2018,新竹縣,搶奪,5,5,0,1,complete
2018,新竹縣,住宅竊盜,53,53,0,1,complete
2018,新竹縣,汽車竊盜,198,198,0,1,complete
2018,新竹縣,機車竊盜,327,141,186,0.4311926606,complete
2018,新竹縣,強制性交,2,2,0,1,complete
2018,新竹縣,組織犯罪防制條例,0,0,0,,partial
2018,桃園市,毒品,5307,5307,0,1,complete
2018,桃園市,強盜,15,15,0,1,complete
2018,桃園市,搶奪,13,13,0,1,complete
2018,桃園市,住宅竊盜,106,106,0,1,complete
2018,桃園市,汽車竊盜,427,427,0,1,complete
2018,桃園市,機車竊盜,1777,628,1149,0.3534046145,complete
2018,桃園市,強制性交,6,6,0,1,complete
2018,桃園市,組織犯罪防制條例,0,0,0,,partial
2018,澎湖縣,毒品,23,23,0,1,complete
2018,澎湖縣,強盜,0,0,0,,complete
2018,澎湖縣,搶奪,0,0,0,,complete
2018,澎湖縣,住宅竊盜,26,26,0,1,complete
2018,澎湖縣,汽車竊盜,0,0,0,,complete
2018,澎湖縣,機車竊盜,23,9,14,0.3913043478,complete
2018,澎湖縣,強制性交,3,3,0,1,complete
2018,澎湖縣,組織犯罪防制條例,0,0,0,,partial
2018,臺中市,毒品,3136,3136,0,1,complete
2018,臺中市,強盜,24,24,0,1,complete
2018,臺中市,搶奪,17,17,0,1,complete
2018,臺中市,住宅竊盜,104,104,0,1,complete
2018,臺中市,汽車竊盜,135,134,1,0.9925925926,complete
2018,臺中市,機車竊盜,629,303,326,0.4817170111,complete
2018,臺中市,強制性交,18,18,0,1,complete
2018,臺中市,組織犯罪防制條例,1,1,0,1,partial
2018,臺北市,毒品,3826,3826,0,1,complete
2018,臺北市,強盜,16,16,0,1,complete
2018,臺北市,搶奪,13,13,0,1,complete
2018,臺北市,住宅竊盜,352,352,0,1,complete
2018,臺北市,汽車竊盜,91,91,0,1,complete
2018,臺北市,機車竊盜,480,244,236,0.5083333333,complete
2018,臺北市,強制性交,22,22,0,1,complete
2018,臺北市,組織犯罪防制條例,0,0,0,,partial
2018,臺南市,毒品,2291,2291,0,1,complete
2018,臺南市,強盜,29,29,0,1,complete
2018,臺南市,搶奪,9,9,0,1,complete
2018,臺南市,住宅竊盜,296,296,0,1,complete
2018,臺南市,汽車竊盜,88,88,0,1,complete
2018,臺南市,機車竊盜,387,125,262,0.322997416,complete
2018,臺南市,強制性交,16,16,0,1,complete
2018,臺南市,組織犯罪防制條例,0,0,0,,partial
2018,臺東縣,毒品,270,269,1,0.9962962963,complete
2018,臺東縣,強盜,0,0,0,,complete
2018,臺東縣,搶奪,1,1,0,1,complete
2018,臺東縣,住宅竊盜,3,3,0,1,complete
2018,臺東縣,汽車竊盜,3,3,0,1,complete
2018,臺東縣,機車竊盜,53,18,35,0.3396226415,complete
2018,臺東縣,強制性交,0,0,0,,complete
2018,臺東縣,組織犯罪防制條例,0,0,0,,partial
2018,花蓮縣,毒品,513,512,1,0.9980506823,complete
2018,花蓮縣,強盜,3,3,0,1,complete
2018,花蓮縣,搶奪,4,4,0,1,complete
2018,花蓮縣,住宅竊盜,44,44,0,1,complete
2018,花蓮縣,汽車竊盜,39,39,0,1,complete
2018,花蓮縣,機車竊盜,47,25,22,0.5319148936,complete
2018,花蓮縣,強制性交,7,7,0,1,complete
2018,花蓮縣,組織犯罪防制條例,0,0,0,,partial
2018,苗栗縣,毒品,671,671,0,1,complete
2018,苗栗縣,強盜,7,7,0,1,complete
2018,苗栗縣,搶奪,3,3,0,1,complete
2018,苗栗縣,住宅竊盜,77,77,0,1,complete
2018,苗栗縣,汽車竊盜,53,53,0,1,complete
2018,苗栗縣,機車竊盜,114,29,85,0.2543859649,complete
2018,苗栗縣,強制性交,1,1,0,1,complete
2018,苗栗縣,組織犯罪防制條例,0,0,0,,partial
2018,連江縣,毒品,10,10,0,1,complete
2018,連江縣,強盜,0,0,0,,complete
2018,連江縣,搶奪,0,0,0,,complete
2018,連江縣,住宅竊盜,1,1,0,1,complete
2018,連江縣,汽車竊盜,0,0,0,,complete
2018,連江縣,機車竊盜,0,0,0,,complete
2018,連江縣,強制性交,0,0,0,,complete
2018,連江縣,組織犯罪防制條例,0,0,0,,partial
2018,金門縣,毒品,23,23,0,1,complete
2018,金門縣,強盜,0,0,0,,complete
2018,金門縣,搶奪,0,0,0,,complete
2018,金門縣,住宅竊盜,25,25,0,1,complete
2018,金門縣,汽車竊盜,0,0,0,,complete
2018,金門縣,機車竊盜,5,4,1,0.8,complete
2018,金門縣,強制性交,6,6,0,1,complete
2018,金門縣,組織犯罪防制條例,0,0,0,,partial
2018,雲林縣,毒品,861,861,0,1,complete
2018,雲林縣,強盜,3,3,0,1,complete
2018,雲林縣,搶奪,1,1,0,1,complete
2018,雲林縣,住宅竊盜,95,95,0,1,complete
2018,雲林縣,汽車竊盜,66,66,0,1,complete
2018,雲林縣,機車竊盜,129,62,67,0.480620155,complete
2018,雲林縣,強制性交,7,7,0,1,complete
2018,雲林縣,組織犯罪防制條例,0,0,0,,partial
2018,高雄市,毒品,2988,2987,1,0.999665328,complete
2018,高雄市,強盜,17,17,0,1,complete
2018,高雄市,搶奪,41,41,0,1,complete
2018,高雄市,住宅竊盜,61,61,0,1,complete
2018,高雄市,汽車竊盜,220,220,0,1,complete
2018,高雄市,機車竊盜,956,300,656,0.3138075314,complete
2018,高雄市,強制性交,11,11,0,1,complete
2018,高雄市,組織犯罪防制條例,0,0,0,,partial
2019,南投縣,毒品,531,531,0,1,complete
2019,南投縣,強盜,5,5,0,1,complete
2019,南投縣,搶奪,4,4,0,1,complete
2019,南投縣,住宅竊盜,95,95,0,1,complete
2019,南投縣,汽車竊盜,51,51,0,1,complete
2019,南投縣,機車竊盜,128,66,62,0.515625,complete
2019,南投縣,強制性交,20,20,0,1,complete
2019,南投縣,組織犯罪防制條例,1,1,0,1,complete
2019,嘉義市,毒品,392,392,0,1,complete
2019,嘉義市,強盜,3,3,0,1,complete
2019,嘉義市,搶奪,3,3,0,1,complete
2019,嘉義市,住宅竊盜,9,9,0,1,complete
2019,嘉義市,汽車竊盜,16,16,0,1,complete
2019,嘉義市,機車竊盜,25,12,13,0.48,complete
2019,嘉義市,強制性交,11,11,0,1,complete
2019,嘉義市,組織犯罪防制條例,0,0,0,,complete
2019,嘉義縣,毒品,379,379,0,1,complete
2019,嘉義縣,強盜,3,3,0,1,complete
2019,嘉義縣,搶奪,0,0,0,,complete
2019,嘉義縣,住宅竊盜,13,13,0,1,complete
2019,嘉義縣,汽車竊盜,21,21,0,1,complete
2019,嘉義縣,機車竊盜,53,24,29,0.4528301887,complete
2019,嘉義縣,強制性交,5,5,0,1,complete
2019,嘉義縣,組織犯罪防制條例,0,0,0,,complete
2019,基隆市,毒品,903,903,0,1,complete
2019,基隆市,強盜,3,3,0,1,complete
2019,基隆市,搶奪,3,3,0,1,complete
2019,基隆市,住宅竊盜,67,67,0,1,complete
2019,基隆市,汽車竊盜,11,11,0,1,complete
2019,基隆市,機車竊盜,51,27,24,0.5294117647,complete
2019,基隆市,強制性交,12,12,0,1,complete
2019,基隆市,組織犯罪防制條例,1,1,0,1,complete
2019,宜蘭縣,毒品,537,537,0,1,complete
2019,宜蘭縣,強盜,4,4,0,1,complete
2019,宜蘭縣,搶奪,3,3,0,1,complete
2019,宜蘭縣,住宅竊盜,34,34,0,1,complete
2019,宜蘭縣,汽車竊盜,56,56,0,1,complete
2019,宜蘭縣,機車竊盜,104,69,35,0.6634615385,complete
2019,宜蘭縣,強制性交,9,9,0,1,complete
2019,宜蘭縣,組織犯罪防制條例,0,0,0,,complete
2019,屏東縣,毒品,1218,1218,0,1,complete
2019,屏東縣,強盜,5,5,0,1,complete
2019,屏東縣,搶奪,5,5,0,1,complete
2019,屏東縣,住宅竊盜,29,29,0,1,complete
2019,屏東縣,汽車竊盜,57,57,0,1,complete
2019,屏東縣,機車竊盜,209,65,144,0.3110047847,complete
2019,屏東縣,強制性交,5,5,0,1,complete
2019,屏東縣,組織犯罪防制條例,1,1,0,1,complete
2019,彰化縣,毒品,1019,1019,0,1,complete
2019,彰化縣,強盜,11,11,0,1,complete
2019,彰化縣,搶奪,7,7,0,1,complete
2019,彰化縣,住宅竊盜,42,42,0,1,complete
2019,彰化縣,汽車竊盜,44,44,0,1,complete
2019,彰化縣,機車竊盜,153,90,63,0.5882352941,complete
2019,彰化縣,強制性交,5,5,0,1,complete
2019,彰化縣,組織犯罪防制條例,0,0,0,,complete
2019,新北市,毒品,4620,4620,0,1,complete
2019,新北市,強盜,25,25,0,1,complete
2019,新北市,搶奪,28,28,0,1,complete
2019,新北市,住宅竊盜,300,300,0,1,complete
2019,新北市,汽車竊盜,128,128,0,1,complete
2019,新北市,機車竊盜,1219,570,649,0.4675963905,complete
2019,新北市,強制性交,11,11,0,1,complete
2019,新北市,組織犯罪防制條例,0,0,0,,complete
2019,新竹市,毒品,335,335,0,1,complete
2019,新竹市,強盜,1,1,0,1,complete
2019,新竹市,搶奪,1,1,0,1,complete
2019,新竹市,住宅竊盜,21,21,0,1,complete
2019,新竹市,汽車竊盜,17,17,0,1,complete
2019,新竹市,機車竊盜,227,45,182,0.1982378855,complete
2019,新竹市,強制性交,3,2,1,0.6666666667,complete
2019,新竹市,組織犯罪防制條例,1,1,0,1,complete
2019,新竹縣,毒品,496,496,0,1,complete
2019,新竹縣,強盜,4,4,0,1,complete
2019,新竹縣,搶奪,4,4,0,1,complete
2019,新竹縣,住宅竊盜,62,62,0,1,complete
2019,新竹縣,汽車竊盜,118,118,0,1,complete
2019,新竹縣,機車竊盜,274,82,192,0.299270073,complete
2019,新竹縣,強制性交,3,3,0,1,complete
2019,新竹縣,組織犯罪防制條例,0,0,0,,complete
2019,桃園市,毒品,4891,4889,2,0.9995910857,complete
2019,桃園市,強盜,17,17,0,1,complete
2019,桃園市,搶奪,5,5,0,1,complete
2019,桃園市,住宅竊盜,62,62,0,1,complete
2019,桃園市,汽車竊盜,222,222,0,1,complete
2019,桃園市,機車竊盜,1224,354,870,0.2892156863,complete
2019,桃園市,強制性交,8,8,0,1,complete
2019,桃園市,組織犯罪防制條例,0,0,0,,complete
2019,澎湖縣,毒品,17,17,0,1,complete
2019,澎湖縣,強盜,3,3,0,1,complete
2019,澎湖縣,搶奪,0,0,0,,complete
2019,澎湖縣,住宅竊盜,34,34,0,1,complete
2019,澎湖縣,汽車竊盜,2,2,0,1,complete
2019,澎湖縣,機車竊盜,7,1,6,0.1428571429,complete
2019,澎湖縣,強制性交,4,4,0,1,complete
2019,澎湖縣,組織犯罪防制條例,0,0,0,,complete
2019,臺中市,毒品,2722,2722,0,1,complete
2019,臺中市,強盜,17,17,0,1,complete
2019,臺中市,搶奪,16,16,0,1,complete
2019,臺中市,住宅竊盜,78,78,0,1,complete
2019,臺中市,汽車竊盜,102,102,0,1,complete
2019,臺中市,機車竊盜,526,257,269,0.4885931559,complete
2019,臺中市,強制性交,0,0,0,,complete
2019,臺中市,組織犯罪防制條例,1,1,0,1,complete
2019,臺北市,毒品,3507,3507,0,1,complete
2019,臺北市,強盜,14,14,0,1,complete
2019,臺北市,搶奪,15,15,0,1,complete
2019,臺北市,住宅竊盜,318,318,0,1,complete
2019,臺北市,汽車竊盜,45,45,0,1,complete
2019,臺北市,機車竊盜,365,185,180,0.5068493151,complete
2019,臺北市,強制性交,14,14,0,1,complete
2019,臺北市,組織犯罪防制條例,1,1,0,1,complete
2019,臺南市,毒品,1894,1894,0,1,complete
2019,臺南市,強盜,21,21,0,1,complete
2019,臺南市,搶奪,8,8,0,1,complete
2019,臺南市,住宅竊盜,233,233,0,1,complete
2019,臺南市,汽車竊盜,96,96,0,1,complete
2019,臺南市,機車竊盜,333,114,219,0.3423423423,complete
2019,臺南市,強制性交,13,13,0,1,complete
2019,臺南市,組織犯罪防制條例,0,0,0,,complete
2019,臺東縣,毒品,266,266,0,1,complete
2019,臺東縣,強盜,1,1,0,1,complete
2019,臺東縣,搶奪,0,0,0,,complete
2019,臺東縣,住宅竊盜,3,3,0,1,complete
2019,臺東縣,汽車竊盜,1,1,0,1,complete
2019,臺東縣,機車竊盜,46,10,36,0.2173913043,complete
2019,臺東縣,強制性交,0,0,0,,complete
2019,臺東縣,組織犯罪防制條例,0,0,0,,complete
2019,花蓮縣,毒品,482,482,0,1,complete
2019,花蓮縣,強盜,5,5,0,1,complete
2019,花蓮縣,搶奪,5,5,0,1,complete
2019,花蓮縣,住宅竊盜,44,44,0,1,complete
2019,花蓮縣,汽車竊盜,9,9,0,1,complete
2019,花蓮縣,機車竊盜,75,27,48,0.36,complete
2019,花蓮縣,強制性交,2,2,0,1,complete
2019,花蓮縣,組織犯罪防制條例,0,0,0,,complete
2019,苗栗縣,毒品,684,684,0,1,complete
2019,苗栗縣,強盜,4,4,0,1,complete
2019,苗栗縣,搶奪,1,1,0,1,complete
2019,苗栗縣,住宅竊盜,49,49,0,1,complete
2019,苗栗縣,汽車竊盜,27,27,0,1,complete
2019,苗栗縣,機車竊盜,77,14,63,0.1818181818,complete
2019,苗栗縣,強制性交,1,1,0,1,complete
2019,苗栗縣,組織犯罪防制條例,0,0,0,,complete
2019,連江縣,毒品,5,5,0,1,complete
2019,連江縣,強盜,0,0,0,,complete
2019,連江縣,搶奪,0,0,0,,complete
2019,連江縣,住宅竊盜,1,1,0,1,complete
2019,連江縣,汽車竊盜,0,0,0,,complete
2019,連江縣,機車竊盜,2,0,2,0,complete
2019,連江縣,強制性交,0,0,0,,complete
2019,連江縣,組織犯罪防制條例,0,0,0,,complete
2019,金門縣,毒品,33,33,0,1,complete
2019,金門縣,強盜,0,0,0,,complete
2019,金門縣,搶奪,0,0,0,,complete
2019,金門縣,住宅竊盜,27,27,0,1,complete
2019,金門縣,汽車竊盜,2,2,0,1,complete
2019,金門縣,機車竊盜,3,2,1,0.6666666667,complete
2019,金門縣,強制性交,4,4,0,1,complete
2019,金門縣,組織犯罪防制條例,1,1,0,1,complete
2019,雲林縣,毒品,877,877,0,1,complete
2019,雲林縣,強盜,4,4,0,1,complete
2019,雲林縣,搶奪,0,0,0,,complete
2019,雲林縣,住宅竊盜,129,129,0,1,complete
2019,雲林縣,汽車竊盜,35,35,0,1,complete
2019,雲林縣,機車竊盜,111,47,64,0.4234234234,complete
2019,雲林縣,強制性交,6,6,0,1,complete
2019,雲林縣,組織犯罪防制條例,0,0,0,,complete
2019,高雄市,毒品,2769,2769,0,1,complete
2019,高雄市,強盜,21,21,0,1,complete
2019,高雄市,搶奪,21,21,0,1,complete
2019,高雄市,住宅竊盜,45,45,0,1,complete
2019,高雄市,汽車竊盜,132,132,0,1,complete
2019,高雄市,機車竊盜,622,222,400,0.3569131833,complete
2019,高雄市,強制性交,22,22,0,1,complete
2019,高雄市,組織犯罪防制條例,0,0,0,,complete
2020,南投縣,毒品,498,498,0,1,complete
2020,南投縣,強盜,3,3,0,1,complete
2020,南投縣,搶奪,1,1,0,1,complete
2020,南投縣,住宅竊盜,90,90,0,1,complete
2020,南投縣,汽車竊盜,27,27,0,1,complete
2020,南投縣,機車竊盜,82,40,42,0.487804878,complete
2020,南投縣,強制性交,11,11,0,1,complete
2020,南投縣,組織犯罪防制條例,0,0,0,,complete
2020,嘉義市,毒品,386,386,0,1,complete
2020,嘉義市,強盜,2,2,0,1,complete
2020,嘉義市,搶奪,2,2,0,1,complete
2020,嘉義市,住宅竊盜,7,7,0,1,complete
2020,嘉義市,汽車竊盜,12,12,0,1,complete
2020,嘉義市,機車竊盜,37,13,24,0.3513513514,complete
2020,嘉義市,強制性交,6,6,0,1,complete
2020,嘉義市,組織犯罪防制條例,0,0,0,,complete
2020,嘉義縣,毒品,448,448,0,1,complete
2020,嘉義縣,強盜,3,3,0,1,complete
2020,嘉義縣,搶奪,1,1,0,1,complete
2020,嘉義縣,住宅竊盜,4,4,0,1,complete
2020,嘉義縣,汽車竊盜,18,18,0,1,complete
2020,嘉義縣,機車竊盜,57,24,33,0.4210526316,complete
2020,嘉義縣,強制性交,3,3,0,1,complete
2020,嘉義縣,組織犯罪防制條例,0,0,0,,complete
2020,基隆市,毒品,804,804,0,1,complete
2020,基隆市,強盜,3,3,0,1,complete
2020,基隆市,搶奪,1,1,0,1,complete
2020,基隆市,住宅竊盜,59,59,0,1,complete
2020,基隆市,汽車竊盜,11,11,0,1,complete
2020,基隆市,機車竊盜,50,31,19,0.62,complete
2020,基隆市,強制性交,12,12,0,1,complete
2020,基隆市,組織犯罪防制條例,0,0,0,,complete
2020,宜蘭縣,毒品,495,495,0,1,complete
2020,宜蘭縣,強盜,6,6,0,1,complete
2020,宜蘭縣,搶奪,1,1,0,1,complete
2020,宜蘭縣,住宅竊盜,15,15,0,1,complete
2020,宜蘭縣,汽車竊盜,48,48,0,1,complete
2020,宜蘭縣,機車竊盜,104,59,45,0.5673076923,complete
2020,宜蘭縣,強制性交,6,6,0,1,complete
2020,宜蘭縣,組織犯罪防制條例,0,0,0,,complete
2020,屏東縣,毒品,1209,1209,0,1,complete
2020,屏東縣,強盜,2,2,0,1,complete
2020,屏東縣,搶奪,2,2,0,1,complete
2020,屏東縣,住宅竊盜,7,7,0,1,complete
2020,屏東縣,汽車竊盜,23,23,0,1,complete
2020,屏東縣,機車竊盜,106,41,65,0.3867924528,complete
2020,屏東縣,強制性交,4,4,0,1,complete
2020,屏東縣,組織犯罪防制條例,0,0,0,,complete
2020,彰化縣,毒品,1016,1016,0,1,complete
2020,彰化縣,強盜,5,5,0,1,complete
2020,彰化縣,搶奪,6,6,0,1,complete
2020,彰化縣,住宅竊盜,44,44,0,1,complete
2020,彰化縣,汽車竊盜,47,47,0,1,complete
2020,彰化縣,機車竊盜,135,86,49,0.637037037,complete
2020,彰化縣,強制性交,3,3,0,1,complete
2020,彰化縣,組織犯罪防制條例,1,1,0,1,complete
2020,新北市,毒品,4912,4912,0,1,complete
2020,新北市,強盜,23,23,0,1,complete
2020,新北市,搶奪,22,22,0,1,complete
2020,新北市,住宅竊盜,193,193,0,1,complete
2020,新北市,汽車竊盜,59,59,0,1,complete
2020,新北市,機車竊盜,912,423,489,0.4638157895,complete
2020,新北市,強制性交,10,10,0,1,complete
2020,新北市,組織犯罪防制條例,3,3,0,1,complete
2020,新竹市,毒品,302,302,0,1,complete
2020,新竹市,強盜,3,3,0,1,complete
2020,新竹市,搶奪,2,2,0,1,complete
2020,新竹市,住宅竊盜,23,23,0,1,complete
2020,新竹市,汽車竊盜,21,21,0,1,complete
2020,新竹市,機車竊盜,155,38,117,0.2451612903,complete
2020,新竹市,強制性交,1,1,0,1,complete
2020,新竹市,組織犯罪防制條例,0,0,0,,complete
2020,新竹縣,毒品,598,598,0,1,complete
2020,新竹縣,強盜,2,2,0,1,complete
2020,新竹縣,搶奪,2,2,0,1,complete
2020,新竹縣,住宅竊盜,30,30,0,1,complete
2020,新竹縣,汽車竊盜,59,59,0,1,complete
2020,新竹縣,機車竊盜,195,70,125,0.358974359,complete
2020,新竹縣,強制性交,3,3,0,1,complete
2020,新竹縣,組織犯罪防制條例,1,1,0,1,complete
2020,桃園市,毒品,4750,4750,0,1,complete
2020,桃園市,強盜,16,16,0,1,complete
2020,桃園市,搶奪,6,6,0,1,complete
2020,桃園市,住宅竊盜,57,57,0,1,complete
2020,桃園市,汽車竊盜,109,109,0,1,complete
2020,桃園市,機車竊盜,842,215,627,0.2553444181,complete
2020,桃園市,強制性交,9,9,0,1,complete
2020,桃園市,組織犯罪防制條例,1,1,0,1,complete
2020,澎湖縣,毒品,25,25,0,1,complete
2020,澎湖縣,強盜,1,1,0,1,complete
2020,澎湖縣,搶奪,0,0,0,,complete
2020,澎湖縣,住宅竊盜,39,39,0,1,complete
2020,澎湖縣,汽車竊盜,1,1,0,1,complete
2020,澎湖縣,機車竊盜,7,3,4,0.4285714286,complete
2020,澎湖縣,強制性交,4,4,0,1,complete
2020,澎湖縣,組織犯罪防制條例,0,0,0,,complete
2020,臺中市,毒品,2549,2549,0,1,complete
2020,臺中市,強盜,14,14,0,1,complete
2020,臺中市,搶奪,8,8,0,1,complete
2020,臺中市,住宅竊盜,70,70,0,1,complete
2020,臺中市,汽車竊盜,91,91,0,1,complete
2020,臺中市,機車竊盜,423,194,229,0.4586288416,complete
2020,臺中市,強制性交,6,6,0,1,complete
2020,臺中市,組織犯罪防制條例,0,0,0,,complete
2020,臺北市,毒品,3339,3339,0,1,complete
2020,臺北市,強盜,14,14,0,1,complete
2020,臺北市,搶奪,14,14,0,1,complete
2020,臺北市,住宅竊盜,243,243,0,1,complete
2020,臺北市,汽車竊盜,35,35,0,1,complete
2020,臺北市,機車竊盜,283,147,136,0.519434629,complete
2020,臺北市,強制性交,7,7,0,1,complete
2020,臺北市,組織犯罪防制條例,3,3,0,1,complete
2020,臺南市,毒品,1920,1920,0,1,complete
2020,臺南市,強盜,15,15,0,1,complete
2020,臺南市,搶奪,19,19,0,1,complete
2020,臺南市,住宅竊盜,165,165,0,1,complete
2020,臺南市,汽車竊盜,51,51,0,1,complete
2020,臺南市,機車竊盜,266,77,189,0.2894736842,complete
2020,臺南市,強制性交,11,11,0,1,complete
2020,臺南市,組織犯罪防制條例,0,0,0,,complete
2020,臺東縣,毒品,238,238,0,1,complete
2020,臺東縣,強盜,0,0,0,,complete
2020,臺東縣,搶奪,0,0,0,,complete
2020,臺東縣,住宅竊盜,1,1,0,1,complete
2020,臺東縣,汽車竊盜,4,4,0,1,complete
2020,臺東縣,機車竊盜,37,8,29,0.2162162162,complete
2020,臺東縣,強制性交,1,1,0,1,complete
2020,臺東縣,組織犯罪防制條例,0,0,0,,complete
2020,花蓮縣,毒品,372,372,0,1,complete
2020,花蓮縣,強盜,3,3,0,1,complete
2020,花蓮縣,搶奪,2,2,0,1,complete
2020,花蓮縣,住宅竊盜,30,30,0,1,complete
2020,花蓮縣,汽車竊盜,12,12,0,1,complete
2020,花蓮縣,機車竊盜,48,27,21,0.5625,complete
2020,花蓮縣,強制性交,2,2,0,1,complete
2020,花蓮縣,組織犯罪防制條例,0,0,0,,complete
2020,苗栗縣,毒品,598,598,0,1,complete
2020,苗栗縣,強盜,3,3,0,1,complete
2020,苗栗縣,搶奪,2,2,0,1,complete
2020,苗栗縣,住宅竊盜,59,59,0,1,complete
2020,苗栗縣,汽車竊盜,22,22,0,1,complete
2020,苗栗縣,機車竊盜,89,20,69,0.2247191011,complete
2020,苗栗縣,強制性交,7,7,0,1,complete
2020,苗栗縣,組織犯罪防制條例,0,0,0,,complete
2020,連江縣,毒品,6,6,0,1,complete
2020,連江縣,強盜,0,0,0,,complete
2020,連江縣,搶奪,0,0,0,,complete
2020,連江縣,住宅竊盜,1,1,0,1,complete
2020,連江縣,汽車竊盜,0,0,0,,complete
2020,連江縣,機車竊盜,4,0,4,0,complete
2020,連江縣,強制性交,0,0,0,,complete
2020,連江縣,組織犯罪防制條例,0,0,0,,complete
2020,金門縣,毒品,44,44,0,1,complete
2020,金門縣,強盜,0,0,0,,complete
2020,金門縣,搶奪,0,0,0,,complete
2020,金門縣,住宅竊盜,33,33,0,1,complete
2020,金門縣,汽車竊盜,4,4,0,1,complete
2020,金門縣,機車竊盜,4,3,1,0.75,complete
2020,金門縣,強制性交,1,1,0,1,complete
2020,金門縣,組織犯罪防制條例,0,0,0,,complete
2020,雲林縣,毒品,621,621,0,1,complete
2020,雲林縣,強盜,5,5,0,1,complete
2020,雲林縣,搶奪,4,4,0,1,complete
2020,雲林縣,住宅竊盜,76,76,0,1,complete
2020,雲林縣,汽車竊盜,33,33,0,1,complete
2020,雲林縣,機車竊盜,87,37,50,0.4252873563,complete
2020,雲林縣,強制性交,7,7,0,1,complete
2020,雲林縣,組織犯罪防制條例,1,1,0,1,complete
2020,高雄市,毒品,2544,2544,0,1,complete
2020,高雄市,強盜,14,14,0,1,complete
2020,高雄市,搶奪,29,29,0,1,complete
2020,高雄市,住宅竊盜,51,51,0,1,complete
2020,高雄市,汽車竊盜,86,86,0,1,complete
2020,高雄市,機車竊盜,458,151,307,0.3296943231,complete
2020,高雄市,強制性交,31,31,0,1,complete
2020,高雄市,組織犯罪防制條例,0,0,0,,complete
2021,南投縣,毒品,407,407,0,1,complete
2021,南投縣,強盜,4,4,0,1,complete
2021,南投縣,搶奪,2,2,0,1,complete
2021,南投縣,住宅竊盜,117,117,0,1,complete
2021,南投縣,汽車竊盜,21,21,0,1,complete
2021,南投縣,機車竊盜,100,44,56,0.44,complete
2021,南投縣,強制性交,4,4,0,1,complete
2021,南投縣,組織犯罪防制條例,0,0,0,,partial
2021,嘉義市,毒品,429,429,0,1,complete
2021,嘉義市,強盜,3,3,0,1,complete
2021,嘉義市,搶奪,0,0,0,,complete
2021,嘉義市,住宅竊盜,10,10,0,1,complete
2021,嘉義市,汽車竊盜,4,4,0,1,complete
2021,嘉義市,機車竊盜,20,8,12,0.4,complete
2021,嘉義市,強制性交,2,2,0,1,complete
2021,嘉義市,組織犯罪防制條例,0,0,0,,partial
2021,嘉義縣,毒品,340,340,0,1,complete
2021,嘉義縣,強盜,3,3,0,1,complete
2021,嘉義縣,搶奪,4,4,0,1,complete
2021,嘉義縣,住宅竊盜,20,20,0,1,complete
2021,嘉義縣,汽車竊盜,14,14,0,1,complete
2021,嘉義縣,機車竊盜,57,29,28,0.5087719298,complete
2021,嘉義縣,強制性交,5,5,0,1,complete
2021,嘉義縣,組織犯罪防制條例,1,1,0,1,partial
2021,基隆市,毒品,738,738,0,1,complete
2021,基隆市,強盜,7,7,0,1,complete
2021,基隆市,搶奪,0,0,0,,complete
2021,基隆市,住宅竊盜,40,40,0,1,complete
2021,基隆市,汽車竊盜,9,9,0,1,complete
2021,基隆市,機車竊盜,90,51,39,0.5666666667,complete
2021,基隆市,強制性交,7,7,0,1,complete
2021,基隆市,組織犯罪防制條例,0,0,0,,partial
2021,宜蘭縣,毒品,430,430,0,1,complete
2021,宜蘭縣,強盜,1,1,0,1,complete
2021,宜蘭縣,搶奪,2,2,0,1,complete
2021,宜蘭縣,住宅竊盜,6,6,0,1,complete
2021,宜蘭縣,汽車竊盜,62,62,0,1,complete
2021,宜蘭縣,機車竊盜,108,73,35,0.6759259259,complete
2021,宜蘭縣,強制性交,2,2,0,1,complete
2021,宜蘭縣,組織犯罪防制條例,2,2,0,1,partial
2021,屏東縣,毒品,884,884,0,1,complete
2021,屏東縣,強盜,1,1,0,1,complete
2021,屏東縣,搶奪,6,6,0,1,complete
2021,屏東縣,住宅竊盜,13,13,0,1,complete
2021,屏東縣,汽車竊盜,32,32,0,1,complete
2021,屏東縣,機車竊盜,185,69,116,0.372972973,complete
2021,屏東縣,強制性交,4,4,0,1,complete
2021,屏東縣,組織犯罪防制條例,0,0,0,,partial
2021,彰化縣,毒品,789,789,0,1,complete
2021,彰化縣,強盜,3,3,0,1,complete
2021,彰化縣,搶奪,4,4,0,1,complete
2021,彰化縣,住宅竊盜,37,37,0,1,complete
2021,彰化縣,汽車竊盜,40,40,0,1,complete
2021,彰化縣,機車竊盜,130,75,55,0.5769230769,complete
2021,彰化縣,強制性交,6,6,0,1,complete
2021,彰化縣,組織犯罪防制條例,0,0,0,,partial
2021,新北市,毒品,3737,3737,0,1,complete
2021,新北市,強盜,32,32,0,1,complete
2021,新北市,搶奪,25,25,0,1,complete
2021,新北市,住宅竊盜,214,214,0,1,complete
2021,新北市,汽車竊盜,63,63,0,1,complete
2021,新北市,機車竊盜,795,373,422,0.4691823899,complete
2021,新北市,強制性交,9,9,0,1,complete
2021,新北市,組織犯罪防制條例,1,1,0,1,partial
2021,新竹市,毒品,318,318,0,1,complete
2021,新竹市,強盜,0,0,0,,complete
2021,新竹市,搶奪,1,1,0,1,complete
2021,新竹市,住宅竊盜,16,16,0,1,complete
2021,新竹市,汽車竊盜,14,14,0,1,complete
2021,新竹市,機車竊盜,160,41,119,0.25625,complete
2021,新竹市,強制性交,1,1,0,1,complete
2021,新竹市,組織犯罪防制條例,0,0,0,,partial
2021,新竹縣,毒品,476,476,0,1,complete
2021,新竹縣,強盜,7,7,0,1,complete
2021,新竹縣,搶奪,0,0,0,,complete
2021,新竹縣,住宅竊盜,54,54,0,1,complete
2021,新竹縣,汽車竊盜,77,77,0,1,complete
2021,新竹縣,機車竊盜,180,75,105,0.4166666667,complete
2021,新竹縣,強制性交,0,0,0,,complete
2021,新竹縣,組織犯罪防制條例,0,0,0,,partial
2021,桃園市,毒品,3843,3843,0,1,complete
2021,桃園市,強盜,18,18,0,1,complete
2021,桃園市,搶奪,10,10,0,1,complete
2021,桃園市,住宅竊盜,40,40,0,1,complete
2021,桃園市,汽車竊盜,100,100,0,1,complete
2021,桃園市,機車竊盜,551,128,423,0.2323049002,complete
2021,桃園市,強制性交,4,4,0,1,complete
2021,桃園市,組織犯罪防制條例,0,0,0,,partial
2021,澎湖縣,毒品,30,30,0,1,complete
2021,澎湖縣,強盜,1,1,0,1,complete
2021,澎湖縣,搶奪,0,0,0,,complete
2021,澎湖縣,住宅竊盜,34,34,0,1,complete
2021,澎湖縣,汽車竊盜,1,1,0,1,complete
2021,澎湖縣,機車竊盜,7,0,7,0,complete
2021,澎湖縣,強制性交,4,4,0,1,complete
2021,澎湖縣,組織犯罪防制條例,0,0,0,,partial
2021,臺中市,毒品,2135,2135,0,1,complete
2021,臺中市,強盜,14,14,0,1,complete
2021,臺中市,搶奪,7,7,0,1,complete
2021,臺中市,住宅竊盜,70,70,0,1,complete
2021,臺中市,汽車竊盜,49,49,0,1,complete
2021,臺中市,機車竊盜,432,219,213,0.5069444444,complete
2021,臺中市,強制性交,3,3,0,1,complete
2021,臺中市,組織犯罪防制條例,1,1,0,1,partial
2021,臺北市,毒品,2534,2534,0,1,complete
2021,臺北市,強盜,15,15,0,1,complete
2021,臺北市,搶奪,9,9,0,1,complete
2021,臺北市,住宅竊盜,143,143,0,1,complete
2021,臺北市,汽車竊盜,25,25,0,1,complete
2021,臺北市,機車竊盜,292,141,151,0.4828767123,complete
2021,臺北市,強制性交,5,5,0,1,complete
2021,臺北市,組織犯罪防制條例,2,2,0,1,partial
2021,臺南市,毒品,1772,1772,0,1,complete
2021,臺南市,強盜,15,15,0,1,complete
2021,臺南市,搶奪,10,10,0,1,complete
2021,臺南市,住宅竊盜,162,162,0,1,complete
2021,臺南市,汽車竊盜,30,30,0,1,complete
2021,臺南市,機車竊盜,252,81,171,0.3214285714,complete
2021,臺南市,強制性交,24,24,0,1,complete
2021,臺南市,組織犯罪防制條例,0,0,0,,partial
2021,臺東縣,毒品,176,176,0,1,complete
2021,臺東縣,強盜,2,2,0,1,complete
2021,臺東縣,搶奪,3,3,0,1,complete
2021,臺東縣,住宅竊盜,3,3,0,1,complete
2021,臺東縣,汽車竊盜,3,3,0,1,complete
2021,臺東縣,機車竊盜,38,4,34,0.1052631579,complete
2021,臺東縣,強制性交,5,5,0,1,complete
2021,臺東縣,組織犯罪防制條例,0,0,0,,partial
2021,花蓮縣,毒品,298,298,0,1,complete
2021,花蓮縣,強盜,2,2,0,1,complete
2021,花蓮縣,搶奪,1,1,0,1,complete
2021,花蓮縣,住宅竊盜,26,26,0,1,complete
2021,花蓮縣,汽車竊盜,9,9,0,1,complete
2021,花蓮縣,機車竊盜,80,59,21,0.7375,complete
2021,花蓮縣,強制性交,0,0,0,,complete
2021,花蓮縣,組織犯罪防制條例,0,0,0,,partial
2021,苗栗縣,毒品,550,550,0,1,complete
2021,苗栗縣,強盜,4,4,0,1,complete
2021,苗栗縣,搶奪,1,1,0,1,complete
2021,苗栗縣,住宅竊盜,76,76,0,1,complete
2021,苗栗縣,汽車竊盜,15,15,0,1,complete
2021,苗栗縣,機車竊盜,97,19,78,0.1958762887,complete
2021,苗栗縣,強制性交,3,3,0,1,complete
2021,苗栗縣,組織犯罪防制條例,0,0,0,,partial
2021,連江縣,毒品,5,5,0,1,complete
2021,連江縣,強盜,0,0,0,,complete
2021,連江縣,搶奪,0,0,0,,complete
2021,連江縣,住宅竊盜,2,2,0,1,complete
2021,連江縣,汽車竊盜,0,0,0,,complete
2021,連江縣,機車竊盜,0,0,0,,complete
2021,連江縣,強制性交,1,1,0,1,complete
2021,連江縣,組織犯罪防制條例,0,0,0,,partial
2021,金門縣,毒品,50,50,0,1,complete
2021,金門縣,強盜,1,1,0,1,complete
2021,金門縣,搶奪,0,0,0,,complete
2021,金門縣,住宅竊盜,32,32,0,1,complete
2021,金門縣,汽車竊盜,0,0,0,,complete
2021,金門縣,機車竊盜,16,11,5,0.6875,complete
2021,金門縣,強制性交,3,3,0,1,complete
2021,金門縣,組織犯罪防制條例,0,0,0,,partial
2021,雲林縣,毒品,482,482,0,1,complete
2021,雲林縣,強盜,1,1,0,1,complete
2021,雲林縣,搶奪,3,3,0,1,complete
2021,雲林縣,住宅竊盜,60,60,0,1,complete
2021,雲林縣,汽車竊盜,15,15,0,1,complete
2021,雲林縣,機車竊盜,102,39,63,0.3823529412,complete
2021,雲林縣,強制性交,3,3,0,1,complete
2021,雲林縣,組織犯罪防制條例,0,0,0,,partial
2021,高雄市,毒品,2108,2108,0,1,complete
2021,高雄市,強盜,13,13,0,1,complete
2021,高雄市,搶奪,20,20,0,1,complete
2021,高雄市,住宅竊盜,15,15,0,1,complete
2021,高雄市,汽車竊盜,41,41,0,1,complete
2021,高雄市,機車竊盜,448,156,292,0.3482142857,complete
2021,高雄市,強制性交,10,10,0,1,complete
2021,高雄市,組織犯罪防制條例,0,0,0,,partial
2022,南投縣,毒品,480,480,0,1,complete
2022,南投縣,強盜,2,2,0,1,complete
2022,南投縣,搶奪,3,3,0,1,complete
2022,南投縣,住宅竊盜,127,127,0,1,complete
2022,南投縣,汽車竊盜,22,22,0,1,complete
2022,南投縣,機車竊盜,82,32,50,0.3902439024,complete
2022,南投縣,強制性交,2,2,0,1,complete
2022,南投縣,組織犯罪防制條例,0,0,0,,partial
2022,嘉義市,毒品,412,412,0,1,complete
2022,嘉義市,強盜,4,4,0,1,complete
2022,嘉義市,搶奪,1,1,0,1,complete
2022,嘉義市,住宅竊盜,5,5,0,1,complete
2022,嘉義市,汽車竊盜,3,3,0,1,complete
2022,嘉義市,機車竊盜,18,6,12,0.3333333333,complete
2022,嘉義市,強制性交,4,4,0,1,complete
2022,嘉義市,組織犯罪防制條例,0,0,0,,partial
2022,嘉義縣,毒品,280,280,0,1,complete
2022,嘉義縣,強盜,0,0,0,,complete
2022,嘉義縣,搶奪,0,0,0,,complete
2022,嘉義縣,住宅竊盜,5,5,0,1,complete
2022,嘉義縣,汽車竊盜,14,14,0,1,complete
2022,嘉義縣,機車竊盜,44,20,24,0.4545454545,complete
2022,嘉義縣,強制性交,4,4,0,1,complete
2022,嘉義縣,組織犯罪防制條例,0,0,0,,partial
2022,基隆市,毒品,624,624,0,1,complete
2022,基隆市,強盜,1,1,0,1,complete
2022,基隆市,搶奪,4,4,0,1,complete
2022,基隆市,住宅竊盜,48,48,0,1,complete
2022,基隆市,汽車竊盜,19,19,0,1,complete
2022,基隆市,機車竊盜,85,49,36,0.5764705882,complete
2022,基隆市,強制性交,1,1,0,1,complete
2022,基隆市,組織犯罪防制條例,0,0,0,,partial
2022,宜蘭縣,毒品,384,384,0,1,complete
2022,宜蘭縣,強盜,1,1,0,1,complete
2022,宜蘭縣,搶奪,1,1,0,1,complete
2022,宜蘭縣,住宅竊盜,6,6,0,1,complete
2022,宜蘭縣,汽車竊盜,32,32,0,1,complete
2022,宜蘭縣,機車竊盜,113,74,39,0.6548672566,complete
2022,宜蘭縣,強制性交,1,1,0,1,complete
2022,宜蘭縣,組織犯罪防制條例,0,0,0,,partial
2022,屏東縣,毒品,884,884,0,1,complete
2022,屏東縣,強盜,7,7,0,1,complete
2022,屏東縣,搶奪,0,0,0,,complete
2022,屏東縣,住宅竊盜,2,2,0,1,complete
2022,屏東縣,汽車竊盜,21,21,0,1,complete
2022,屏東縣,機車竊盜,142,57,85,0.4014084507,complete
2022,屏東縣,強制性交,6,6,0,1,complete
2022,屏東縣,組織犯罪防制條例,0,0,0,,partial
2022,彰化縣,毒品,740,740,0,1,complete
2022,彰化縣,強盜,7,7,0,1,complete
2022,彰化縣,搶奪,6,6,0,1,complete
2022,彰化縣,住宅竊盜,36,36,0,1,complete
2022,彰化縣,汽車竊盜,35,35,0,1,complete
2022,彰化縣,機車竊盜,158,98,60,0.6202531646,complete
2022,彰化縣,強制性交,9,9,0,1,complete
2022,彰化縣,組織犯罪防制條例,0,0,0,,partial
2022,新北市,毒品,3436,3436,0,1,complete
2022,新北市,強盜,23,23,0,1,complete
2022,新北市,搶奪,25,25,0,1,complete
2022,新北市,住宅竊盜,228,228,0,1,complete
2022,新北市,汽車竊盜,73,73,0,1,complete
2022,新北市,機車竊盜,702,333,369,0.4743589744,complete
2022,新北市,強制性交,5,5,0,1,complete
2022,新北市,組織犯罪防制條例,0,0,0,,partial
2022,新竹市,毒品,258,258,0,1,complete
2022,新竹市,強盜,0,0,0,,complete
2022,新竹市,搶奪,0,0,0,,complete
2022,新竹市,住宅竊盜,26,26,0,1,complete
2022,新竹市,汽車竊盜,11,11,0,1,complete
2022,新竹市,機車竊盜,128,28,100,0.21875,complete
2022,新竹市,強制性交,2,2,0,1,complete
2022,新竹市,組織犯罪防制條例,0,0,0,,partial
2022,新竹縣,毒品,429,429,0,1,complete
2022,新竹縣,強盜,3,3,0,1,complete
2022,新竹縣,搶奪,2,2,0,1,complete
2022,新竹縣,住宅竊盜,37,37,0,1,complete
2022,新竹縣,汽車竊盜,40,40,0,1,complete
2022,新竹縣,機車竊盜,151,64,87,0.4238410596,complete
2022,新竹縣,強制性交,3,3,0,1,complete
2022,新竹縣,組織犯罪防制條例,0,0,0,,partial
2022,桃園市,毒品,3032,3032,0,1,complete
2022,桃園市,強盜,16,16,0,1,complete
2022,桃園市,搶奪,13,13,0,1,complete
2022,桃園市,住宅竊盜,108,108,0,1,complete
2022,桃園市,汽車竊盜,51,51,0,1,complete
2022,桃園市,機車竊盜,536,119,417,0.2220149254,complete
2022,桃園市,強制性交,5,5,0,1,complete
2022,桃園市,組織犯罪防制條例,1,1,0,1,partial
2022,澎湖縣,毒品,28,28,0,1,complete
2022,澎湖縣,強盜,2,2,0,1,complete
2022,澎湖縣,搶奪,0,0,0,,complete
2022,澎湖縣,住宅竊盜,43,43,0,1,complete
2022,澎湖縣,汽車竊盜,2,2,0,1,complete
2022,澎湖縣,機車竊盜,7,1,6,0.1428571429,complete
2022,澎湖縣,強制性交,9,9,0,1,complete
2022,澎湖縣,組織犯罪防制條例,1,1,0,1,partial
2022,臺中市,毒品,1853,1853,0,1,complete
2022,臺中市,強盜,7,7,0,1,complete
2022,臺中市,搶奪,6,6,0,1,complete
2022,臺中市,住宅竊盜,50,50,0,1,complete
2022,臺中市,汽車竊盜,41,41,0,1,complete
2022,臺中市,機車竊盜,461,218,243,0.4728850325,complete
2022,臺中市,強制性交,1,1,0,1,complete
2022,臺中市,組織犯罪防制條例,0,0,0,,partial
2022,臺北市,毒品,2658,2658,0,1,complete
2022,臺北市,強盜,11,11,0,1,complete
2022,臺北市,搶奪,8,8,0,1,complete
2022,臺北市,住宅竊盜,127,127,0,1,complete
2022,臺北市,汽車竊盜,21,21,0,1,complete
2022,臺北市,機車竊盜,266,109,157,0.4097744361,complete
2022,臺北市,強制性交,18,18,0,1,complete
2022,臺北市,組織犯罪防制條例,1,1,0,1,partial
2022,臺南市,毒品,1666,1666,0,1,complete
2022,臺南市,強盜,14,14,0,1,complete
2022,臺南市,搶奪,10,10,0,1,complete
2022,臺南市,住宅竊盜,79,79,0,1,complete
2022,臺南市,汽車竊盜,15,15,0,1,complete
2022,臺南市,機車竊盜,208,67,141,0.3221153846,complete
2022,臺南市,強制性交,17,17,0,1,complete
2022,臺南市,組織犯罪防制條例,1,1,0,1,partial
2022,臺東縣,毒品,198,198,0,1,complete
2022,臺東縣,強盜,2,2,0,1,complete
2022,臺東縣,搶奪,1,1,0,1,complete
2022,臺東縣,住宅竊盜,5,5,0,1,complete
2022,臺東縣,汽車竊盜,4,4,0,1,complete
2022,臺東縣,機車竊盜,68,15,53,0.2205882353,complete
2022,臺東縣,強制性交,9,9,0,1,complete
2022,臺東縣,組織犯罪防制條例,0,0,0,,partial
2022,花蓮縣,毒品,286,286,0,1,complete
2022,花蓮縣,強盜,1,1,0,1,complete
2022,花蓮縣,搶奪,5,5,0,1,complete
2022,花蓮縣,住宅竊盜,11,11,0,1,complete
2022,花蓮縣,汽車竊盜,9,9,0,1,complete
2022,花蓮縣,機車竊盜,111,78,33,0.7027027027,complete
2022,花蓮縣,強制性交,0,0,0,,complete
2022,花蓮縣,組織犯罪防制條例,0,0,0,,partial
2022,苗栗縣,毒品,585,585,0,1,complete
2022,苗栗縣,強盜,7,7,0,1,complete
2022,苗栗縣,搶奪,1,1,0,1,complete
2022,苗栗縣,住宅竊盜,82,82,0,1,complete
2022,苗栗縣,汽車竊盜,16,16,0,1,complete
2022,苗栗縣,機車竊盜,82,18,64,0.2195121951,complete
2022,苗栗縣,強制性交,6,6,0,1,complete
2022,苗栗縣,組織犯罪防制條例,0,0,0,,partial
2022,連江縣,毒品,0,0,0,,complete
2022,連江縣,強盜,0,0,0,,complete
2022,連江縣,搶奪,0,0,0,,complete
2022,連江縣,住宅竊盜,0,0,0,,complete
2022,連江縣,汽車竊盜,2,2,0,1,complete
2022,連江縣,機車竊盜,2,1,1,0.5,complete
2022,連江縣,強制性交,0,0,0,,complete
2022,連江縣,組織犯罪防制條例,0,0,0,,partial
2022,金門縣,毒品,24,24,0,1,complete
2022,金門縣,強盜,0,0,0,,complete
2022,金門縣,搶奪,0,0,0,,complete
2022,金門縣,住宅竊盜,34,34,0,1,complete
2022,金門縣,汽車竊盜,1,1,0,1,complete
2022,金門縣,機車竊盜,9,4,5,0.4444444444,complete
2022,金門縣,強制性交,1,1,0,1,complete
2022,金門縣,組織犯罪防制條例,0,0,0,,partial
2022,雲林縣,毒品,525,525,0,1,complete
2022,雲林縣,強盜,6,6,0,1,complete
2022,雲林縣,搶奪,4,4,0,1,complete
2022,雲林縣,住宅竊盜,85,85,0,1,complete
2022,雲林縣,汽車竊盜,19,19,0,1,complete
2022,雲林縣,機車竊盜,100,34,66,0.34,complete
2022,雲林縣,強制性交,1,1,0,1,complete
2022,雲林縣,組織犯罪防制條例,0,0,0,,partial
2022,高雄市,毒品,1491,1491,0,1,complete
2022,高雄市,強盜,7,7,0,1,complete
2022,高雄市,搶奪,9,9,0,1,complete
2022,高雄市,住宅竊盜,16,16,0,1,complete
2022,高雄市,汽車竊盜,25,25,0,1,complete
2022,高雄市,機車竊盜,430,126,304,0.2930232558,complete
2022,高雄市,強制性交,17,17,0,1,complete
2022,高雄市,組織犯罪防制條例,2,2,0,1,partial
2023,南投縣,毒品,353,353,0,1,complete
2023,南投縣,強盜,7,7,0,1,complete
2023,南投縣,搶奪,2,2,0,1,complete
2023,南投縣,住宅竊盜,118,118,0,1,complete
2023,南投縣,汽車竊盜,24,24,0,1,complete
2023,南投縣,機車竊盜,119,56,63,0.4705882353,complete
2023,南投縣,強制性交,6,6,0,1,complete
2023,南投縣,組織犯罪防制條例,0,0,0,,complete
2023,嘉義市,毒品,463,463,0,1,complete
2023,嘉義市,強盜,3,3,0,1,complete
2023,嘉義市,搶奪,3,3,0,1,complete
2023,嘉義市,住宅竊盜,8,8,0,1,complete
2023,嘉義市,汽車竊盜,2,2,0,1,complete
2023,嘉義市,機車竊盜,15,8,7,0.5333333333,complete
2023,嘉義市,強制性交,5,5,0,1,complete
2023,嘉義市,組織犯罪防制條例,0,0,0,,complete
2023,嘉義縣,毒品,377,377,0,1,complete
2023,嘉義縣,強盜,3,3,0,1,complete
2023,嘉義縣,搶奪,2,2,0,1,complete
2023,嘉義縣,住宅竊盜,2,2,0,1,complete
2023,嘉義縣,汽車竊盜,10,10,0,1,complete
2023,嘉義縣,機車竊盜,57,23,34,0.4035087719,complete
2023,嘉義縣,強制性交,5,5,0,1,complete
2023,嘉義縣,組織犯罪防制條例,0,0,0,,complete
2023,基隆市,毒品,507,507,0,1,complete
2023,基隆市,強盜,10,10,0,1,complete
2023,基隆市,搶奪,2,2,0,1,complete
2023,基隆市,住宅竊盜,45,45,0,1,complete
2023,基隆市,汽車竊盜,11,11,0,1,complete
2023,基隆市,機車竊盜,79,49,30,0.6202531646,complete
2023,基隆市,強制性交,2,2,0,1,complete
2023,基隆市,組織犯罪防制條例,1,1,0,1,complete
2023,宜蘭縣,毒品,398,398,0,1,complete
2023,宜蘭縣,強盜,3,3,0,1,complete
2023,宜蘭縣,搶奪,4,4,0,1,complete
2023,宜蘭縣,住宅竊盜,47,47,0,1,complete
2023,宜蘭縣,汽車竊盜,10,10,0,1,complete
2023,宜蘭縣,機車竊盜,68,42,26,0.6176470588,complete
2023,宜蘭縣,強制性交,5,5,0,1,complete
2023,宜蘭縣,組織犯罪防制條例,1,1,0,1,complete
2023,屏東縣,毒品,750,750,0,1,complete
2023,屏東縣,強盜,6,6,0,1,complete
2023,屏東縣,搶奪,2,2,0,1,complete
2023,屏東縣,住宅竊盜,4,4,0,1,complete
2023,屏東縣,汽車竊盜,33,33,0,1,complete
2023,屏東縣,機車竊盜,167,57,110,0.3413173653,complete
2023,屏東縣,強制性交,3,3,0,1,complete
2023,屏東縣,組織犯罪防制條例,0,0,0,,complete
2023,彰化縣,毒品,773,773,0,1,complete
2023,彰化縣,強盜,4,4,0,1,complete
2023,彰化縣,搶奪,8,8,0,1,complete
2023,彰化縣,住宅竊盜,17,17,0,1,complete
2023,彰化縣,汽車竊盜,38,38,0,1,complete
2023,彰化縣,機車竊盜,168,102,66,0.6071428571,complete
2023,彰化縣,強制性交,4,4,0,1,complete
2023,彰化縣,組織犯罪防制條例,1,1,0,1,complete
2023,新北市,毒品,3343,3343,0,1,complete
2023,新北市,強盜,17,17,0,1,complete
2023,新北市,搶奪,18,18,0,1,complete
2023,新北市,住宅竊盜,344,344,0,1,complete
2023,新北市,汽車竊盜,81,81,0,1,complete
2023,新北市,機車竊盜,819,406,413,0.4957264957,complete
2023,新北市,強制性交,8,8,0,1,complete
2023,新北市,組織犯罪防制條例,0,0,0,,complete
2023,新竹市,毒品,268,268,0,1,complete
2023,新竹市,強盜,1,1,0,1,complete
2023,新竹市,搶奪,0,0,0,,complete
2023,新竹市,住宅竊盜,24,24,0,1,complete
2023,新竹市,汽車竊盜,12,12,0,1,complete
2023,新竹市,機車竊盜,130,33,97,0.2538461538,complete
2023,新竹市,強制性交,1,1,0,1,complete
2023,新竹市,組織犯罪防制條例,0,0,0,,complete
2023,新竹縣,毒品,527,527,0,1,complete
2023,新竹縣,強盜,2,2,0,1,complete
2023,新竹縣,搶奪,1,1,0,1,complete
2023,新竹縣,住宅竊盜,24,24,0,1,complete
2023,新竹縣,汽車竊盜,57,57,0,1,complete
2023,新竹縣,機車竊盜,127,51,76,0.4015748031,complete
2023,新竹縣,強制性交,5,5,0,1,complete
2023,新竹縣,組織犯罪防制條例,0,0,0,,complete
2023,桃園市,毒品,2646,2646,0,1,complete
2023,桃園市,強盜,11,11,0,1,complete
2023,桃園市,搶奪,2,2,0,1,complete
2023,桃園市,住宅竊盜,70,70,0,1,complete
2023,桃園市,汽車竊盜,49,49,0,1,complete
2023,桃園市,機車竊盜,541,140,401,0.258780037,complete
2023,桃園市,強制性交,3,3,0,1,complete
2023,桃園市,組織犯罪防制條例,0,0,0,,complete
2023,澎湖縣,毒品,28,28,0,1,complete
2023,澎湖縣,強盜,2,2,0,1,complete
2023,澎湖縣,搶奪,0,0,0,,complete
2023,澎湖縣,住宅竊盜,39,39,0,1,complete
2023,澎湖縣,汽車竊盜,3,3,0,1,complete
2023,澎湖縣,機車竊盜,10,4,6,0.4,complete
2023,澎湖縣,強制性交,4,4,0,1,complete
2023,澎湖縣,組織犯罪防制條例,0,0,0,,complete
2023,臺中市,毒品,1952,1952,0,1,complete
2023,臺中市,強盜,3,3,0,1,complete
2023,臺中市,搶奪,9,9,0,1,complete
2023,臺中市,住宅竊盜,47,47,0,1,complete
2023,臺中市,汽車竊盜,64,64,0,1,complete
2023,臺中市,機車竊盜,488,243,245,0.4979508197,complete
2023,臺中市,強制性交,5,5,0,1,complete
2023,臺中市,組織犯罪防制條例,1,1,0,1,complete
2023,臺北市,毒品,2601,2601,0,1,complete
2023,臺北市,強盜,10,10,0,1,complete
2023,臺北市,搶奪,9,9,0,1,complete
2023,臺北市,住宅竊盜,135,135,0,1,complete
2023,臺北市,汽車竊盜,24,24,0,1,complete
2023,臺北市,機車竊盜,205,91,114,0.443902439,complete
2023,臺北市,強制性交,13,13,0,1,complete
2023,臺北市,組織犯罪防制條例,2,2,0,1,complete
2023,臺南市,毒品,1361,1361,0,1,complete
2023,臺南市,強盜,21,21,0,1,complete
2023,臺南市,搶奪,6,6,0,1,complete
2023,臺南市,住宅竊盜,136,136,0,1,complete
2023,臺南市,汽車竊盜,22,22,0,1,complete
2023,臺南市,機車竊盜,186,56,130,0.3010752688,complete
2023,臺南市,強制性交,10,10,0,1,complete
2023,臺南市,組織犯罪防制條例,0,0,0,,complete
2023,臺東縣,毒品,180,180,0,1,complete
2023,臺東縣,強盜,0,0,0,,complete
2023,臺東縣,搶奪,0,0,0,,complete
2023,臺東縣,住宅竊盜,21,21,0,1,complete
2023,臺東縣,汽車竊盜,14,14,0,1,complete
2023,臺東縣,機車竊盜,66,13,53,0.196969697,complete
2023,臺東縣,強制性交,6,6,0,1,complete
2023,臺東縣,組織犯罪防制條例,0,0,0,,complete
2023,花蓮縣,毒品,284,284,0,1,complete
2023,花蓮縣,強盜,4,4,0,1,complete
2023,花蓮縣,搶奪,0,0,0,,complete
2023,花蓮縣,住宅竊盜,8,8,0,1,complete
2023,花蓮縣,汽車竊盜,1,1,0,1,complete
2023,花蓮縣,機車竊盜,75,48,27,0.64,complete
2023,花蓮縣,強制性交,1,1,0,1,complete
2023,花蓮縣,組織犯罪防制條例,2,2,0,1,complete
2023,苗栗縣,毒品,535,535,0,1,complete
2023,苗栗縣,強盜,2,2,0,1,complete
2023,苗栗縣,搶奪,3,3,0,1,complete
2023,苗栗縣,住宅竊盜,59,59,0,1,complete
2023,苗栗縣,汽車竊盜,11,11,0,1,complete
2023,苗栗縣,機車竊盜,88,14,74,0.1590909091,complete
2023,苗栗縣,強制性交,15,15,0,1,complete
2023,苗栗縣,組織犯罪防制條例,0,0,0,,complete
2023,連江縣,毒品,2,2,0,1,complete
2023,連江縣,強盜,0,0,0,,complete
2023,連江縣,搶奪,0,0,0,,complete
2023,連江縣,住宅竊盜,5,5,0,1,complete
2023,連江縣,汽車竊盜,0,0,0,,complete
2023,連江縣,機車竊盜,4,0,4,0,complete
2023,連江縣,強制性交,2,2,0,1,complete
2023,連江縣,組織犯罪防制條例,0,0,0,,complete
2023,金門縣,毒品,13,13,0,1,complete
2023,金門縣,強盜,0,0,0,,complete
2023,金門縣,搶奪,1,1,0,1,complete
2023,金門縣,住宅竊盜,32,32,0,1,complete
2023,金門縣,汽車竊盜,3,3,0,1,complete
2023,金門縣,機車竊盜,8,5,3,0.625,complete
2023,金門縣,強制性交,7,7,0,1,complete
2023,金門縣,組織犯罪防制條例,0,0,0,,complete
2023,雲林縣,毒品,512,512,0,1,complete
2023,雲林縣,強盜,4,4,0,1,complete
2023,雲林縣,搶奪,0,0,0,,complete
2023,雲林縣,住宅竊盜,65,65,0,1,complete
2023,雲林縣,汽車竊盜,20,20,0,1,complete
2023,雲林縣,機車竊盜,103,38,65,0.3689320388,complete
2023,雲林縣,強制性交,3,3,0,1,complete
2023,雲林縣,組織犯罪防制條例,0,0,0,,complete
2023,高雄市,毒品,1355,1355,0,1,complete
2023,高雄市,強盜,6,6,0,1,complete
2023,高雄市,搶奪,7,7,0,1,complete
2023,高雄市,住宅竊盜,18,18,0,1,complete
2023,高雄市,汽車竊盜,30,30,0,1,complete
2023,高雄市,機車竊盜,470,130,340,0.2765957447,complete
2023,高雄市,強制性交,17,17,0,1,complete
2023,高雄市,組織犯罪防制條例,0,0,0,,complete
2024,南投縣,毒品,429,429,0,1,complete
2024,南投縣,強盜,8,8,0,1,complete
2024,南投縣,搶奪,4,4,0,1,complete
2024,南投縣,住宅竊盜,165,165,0,1,complete
2024,南投縣,汽車竊盜,18,18,0,1,complete
2024,南投縣,機車竊盜,103,50,53,0.4854368932,complete
2024,南投縣,強制性交,6,6,0,1,complete
2024,南投縣,組織犯罪防制條例,0,0,0,,complete
2024,嘉義市,毒品,478,478,0,1,complete
2024,嘉義市,強盜,2,2,0,1,complete
2024,嘉義市,搶奪,1,1,0,1,complete
2024,嘉義市,住宅竊盜,5,5,0,1,complete
2024,嘉義市,汽車竊盜,6,6,0,1,complete
2024,嘉義市,機車竊盜,31,18,13,0.5806451613,complete
2024,嘉義市,強制性交,4,4,0,1,complete
2024,嘉義市,組織犯罪防制條例,0,0,0,,complete
2024,嘉義縣,毒品,383,383,0,1,complete
2024,嘉義縣,強盜,0,0,0,,complete
2024,嘉義縣,搶奪,1,1,0,1,complete
2024,嘉義縣,住宅竊盜,10,10,0,1,complete
2024,嘉義縣,汽車竊盜,7,7,0,1,complete
2024,嘉義縣,機車竊盜,34,15,19,0.4411764706,complete
2024,嘉義縣,強制性交,3,3,0,1,complete
2024,嘉義縣,組織犯罪防制條例,0,0,0,,complete
2024,基隆市,毒品,579,579,0,1,complete
2024,基隆市,強盜,0,0,0,,complete
2024,基隆市,搶奪,1,1,0,1,complete
2024,基隆市,住宅竊盜,70,70,0,1,complete
2024,基隆市,汽車竊盜,9,9,0,1,complete
2024,基隆市,機車竊盜,75,42,33,0.56,complete
2024,基隆市,強制性交,2,2,0,1,complete
2024,基隆市,組織犯罪防制條例,0,0,0,,complete
2024,宜蘭縣,毒品,355,355,0,1,complete
2024,宜蘭縣,強盜,0,0,0,,complete
2024,宜蘭縣,搶奪,0,0,0,,complete
2024,宜蘭縣,住宅竊盜,73,73,0,1,complete
2024,宜蘭縣,汽車竊盜,8,8,0,1,complete
2024,宜蘭縣,機車竊盜,56,36,20,0.6428571429,complete
2024,宜蘭縣,強制性交,0,0,0,,complete
2024,宜蘭縣,組織犯罪防制條例,0,0,0,,complete
2024,屏東縣,毒品,699,699,0,1,complete
2024,屏東縣,強盜,3,3,0,1,complete
2024,屏東縣,搶奪,1,1,0,1,complete
2024,屏東縣,住宅竊盜,63,63,0,1,complete
2024,屏東縣,汽車竊盜,18,18,0,1,complete
2024,屏東縣,機車竊盜,172,81,91,0.4709302326,complete
2024,屏東縣,強制性交,0,0,0,,complete
2024,屏東縣,組織犯罪防制條例,0,0,0,,complete
2024,彰化縣,毒品,794,794,0,1,complete
2024,彰化縣,強盜,1,1,0,1,complete
2024,彰化縣,搶奪,1,1,0,1,complete
2024,彰化縣,住宅竊盜,26,26,0,1,complete
2024,彰化縣,汽車竊盜,27,27,0,1,complete
2024,彰化縣,機車竊盜,179,104,75,0.5810055866,complete
2024,彰化縣,強制性交,2,2,0,1,complete
2024,彰化縣,組織犯罪防制條例,0,0,0,,complete
2024,新北市,毒品,3118,3118,0,1,complete
2024,新北市,強盜,14,14,0,1,complete
2024,新北市,搶奪,8,8,0,1,complete
2024,新北市,住宅竊盜,653,653,0,1,complete
2024,新北市,汽車竊盜,65,65,0,1,complete
2024,新北市,機車竊盜,619,303,316,0.4894991922,complete
2024,新北市,強制性交,16,16,0,1,complete
2024,新北市,組織犯罪防制條例,3,3,0,1,complete
2024,新竹市,毒品,320,320,0,1,complete
2024,新竹市,強盜,1,1,0,1,complete
2024,新竹市,搶奪,1,1,0,1,complete
2024,新竹市,住宅竊盜,35,35,0,1,complete
2024,新竹市,汽車竊盜,20,20,0,1,complete
2024,新竹市,機車竊盜,141,57,84,0.4042553191,complete
2024,新竹市,強制性交,2,2,0,1,complete
2024,新竹市,組織犯罪防制條例,0,0,0,,complete
2024,新竹縣,毒品,425,425,0,1,complete
2024,新竹縣,強盜,0,0,0,,complete
2024,新竹縣,搶奪,3,3,0,1,complete
2024,新竹縣,住宅竊盜,82,82,0,1,complete
2024,新竹縣,汽車竊盜,36,34,2,0.9444444444,complete
2024,新竹縣,機車竊盜,138,61,77,0.4420289855,complete
2024,新竹縣,強制性交,11,11,0,1,complete
2024,新竹縣,組織犯罪防制條例,0,0,0,,complete
2024,桃園市,毒品,2729,2729,0,1,complete
2024,桃園市,強盜,7,7,0,1,complete
2024,桃園市,搶奪,6,6,0,1,complete
2024,桃園市,住宅竊盜,386,386,0,1,complete
2024,桃園市,汽車竊盜,59,59,0,1,complete
2024,桃園市,機車竊盜,558,239,319,0.4283154122,complete
2024,桃園市,強制性交,2,2,0,1,complete
2024,桃園市,組織犯罪防制條例,0,0,0,,complete
2024,澎湖縣,毒品,30,30,0,1,complete
2024,澎湖縣,強盜,0,0,0,,complete
2024,澎湖縣,搶奪,0,0,0,,complete
2024,澎湖縣,住宅竊盜,44,44,0,1,complete
2024,澎湖縣,汽車竊盜,2,2,0,1,complete
2024,澎湖縣,機車竊盜,11,3,8,0.2727272727,complete
2024,澎湖縣,強制性交,4,4,0,1,complete
2024,澎湖縣,組織犯罪防制條例,0,0,0,,complete
2024,臺中市,毒品,1886,1886,0,1,complete
2024,臺中市,強盜,5,5,0,1,complete
2024,臺中市,搶奪,4,4,0,1,complete
2024,臺中市,住宅竊盜,129,129,0,1,complete
2024,臺中市,汽車竊盜,74,74,0,1,complete
2024,臺中市,機車竊盜,464,232,232,0.5,complete
2024,臺中市,強制性交,2,2,0,1,complete
2024,臺中市,組織犯罪防制條例,1,1,0,1,complete
2024,臺北市,毒品,2624,2624,0,1,complete
2024,臺北市,強盜,9,9,0,1,complete
2024,臺北市,搶奪,13,13,0,1,complete
2024,臺北市,住宅竊盜,145,145,0,1,complete
2024,臺北市,汽車竊盜,19,19,0,1,complete
2024,臺北市,機車竊盜,173,80,93,0.4624277457,complete
2024,臺北市,強制性交,14,14,0,1,complete
2024,臺北市,組織犯罪防制條例,0,0,0,,complete
2024,臺南市,毒品,1217,1217,0,1,complete
2024,臺南市,強盜,10,10,0,1,complete
2024,臺南市,搶奪,8,8,0,1,complete
2024,臺南市,住宅竊盜,122,122,0,1,complete
2024,臺南市,汽車竊盜,38,37,1,0.9736842105,complete
2024,臺南市,機車竊盜,227,103,124,0.4537444934,complete
2024,臺南市,強制性交,13,13,0,1,complete
2024,臺南市,組織犯罪防制條例,1,1,0,1,complete
2024,臺東縣,毒品,91,91,0,1,complete
2024,臺東縣,強盜,0,0,0,,complete
2024,臺東縣,搶奪,0,0,0,,complete
2024,臺東縣,住宅竊盜,16,16,0,1,complete
2024,臺東縣,汽車竊盜,6,5,1,0.8333333333,complete
2024,臺東縣,機車竊盜,53,19,34,0.358490566,complete
2024,臺東縣,強制性交,4,4,0,1,complete
2024,臺東縣,組織犯罪防制條例,0,0,0,,complete
2024,花蓮縣,毒品,262,262,0,1,complete
2024,花蓮縣,強盜,2,2,0,1,complete
2024,花蓮縣,搶奪,3,3,0,1,complete
2024,花蓮縣,住宅竊盜,7,7,0,1,complete
2024,花蓮縣,汽車竊盜,5,5,0,1,complete
2024,花蓮縣,機車竊盜,89,56,33,0.6292134831,complete
2024,花蓮縣,強制性交,0,0,0,,complete
2024,花蓮縣,組織犯罪防制條例,1,1,0,1,complete
2024,苗栗縣,毒品,498,498,0,1,complete
2024,苗栗縣,強盜,3,3,0,1,complete
2024,苗栗縣,搶奪,2,2,0,1,complete
2024,苗栗縣,住宅竊盜,78,78,0,1,complete
2024,苗栗縣,汽車竊盜,38,38,0,1,complete
2024,苗栗縣,機車竊盜,134,44,90,0.328358209,complete
2024,苗栗縣,強制性交,6,6,0,1,complete
2024,苗栗縣,組織犯罪防制條例,0,0,0,,complete
2024,連江縣,毒品,1,1,0,1,complete
2024,連江縣,強盜,0,0,0,,complete
2024,連江縣,搶奪,0,0,0,,complete
2024,連江縣,住宅竊盜,5,5,0,1,complete
2024,連江縣,汽車竊盜,0,0,0,,complete
2024,連江縣,機車竊盜,3,1,2,0.3333333333,complete
2024,連江縣,強制性交,2,2,0,1,complete
2024,連江縣,組織犯罪防制條例,0,0,0,,complete
2024,金門縣,毒品,44,44,0,1,complete
2024,金門縣,強盜,1,1,0,1,complete
2024,金門縣,搶奪,0,0,0,,complete
2024,金門縣,住宅竊盜,22,22,0,1,complete
2024,金門縣,汽車竊盜,3,3,0,1,complete
2024,金門縣,機車竊盜,6,2,4,0.3333333333,complete
2024,金門縣,強制性交,0,0,0,,complete
2024,金門縣,組織犯罪防制條例,0,0,0,,complete
2024,雲林縣,毒品,491,491,0,1,complete
2024,雲林縣,強盜,4,4,0,1,complete
2024,雲林縣,搶奪,1,1,0,1,complete
2024,雲林縣,住宅竊盜,163,163,0,1,complete
2024,雲林縣,汽車竊盜,19,19,0,1,complete
2024,雲林縣,機車竊盜,139,81,58,0.5827338129,complete
2024,雲林縣,強制性交,3,3,0,1,complete
2024,雲林縣,組織犯罪防制條例,0,0,0,,complete
2024,高雄市,毒品,1797,1797,0,1,complete
2024,高雄市,強盜,7,7,0,1,complete
2024,高雄市,搶奪,8,8,0,1,complete
2024,高雄市,住宅竊盜,41,41,0,1,complete
2024,高雄市,汽車竊盜,33,33,0,1,complete
2024,高雄市,機車竊盜,444,195,249,0.4391891892,complete
2024,高雄市,強制性交,18,18,0,1,complete
2024,高雄市,組織犯罪防制條例,1,1,0,1,complete
2025,南投縣,毒品,453,453,0,1,complete
2025,南投縣,強盜,7,7,0,1,complete
2025,南投縣,搶奪,3,3,0,1,complete
2025,南投縣,住宅竊盜,139,139,0,1,complete
2025,南投縣,汽車竊盜,36,36,0,1,complete
2025,南投縣,機車竊盜,132,132,0,1,complete
2025,南投縣,強制性交,12,12,0,1,complete
2025,南投縣,組織犯罪防制條例,0,0,0,,complete
2025,嘉義市,毒品,596,596,0,1,complete
2025,嘉義市,強盜,3,3,0,1,complete
2025,嘉義市,搶奪,1,1,0,1,complete
2025,嘉義市,住宅竊盜,5,5,0,1,complete
2025,嘉義市,汽車竊盜,13,13,0,1,complete
2025,嘉義市,機車竊盜,35,35,0,1,complete
2025,嘉義市,強制性交,3,3,0,1,complete
2025,嘉義市,組織犯罪防制條例,0,0,0,,complete
2025,嘉義縣,毒品,513,513,0,1,complete
2025,嘉義縣,強盜,4,4,0,1,complete
2025,嘉義縣,搶奪,2,2,0,1,complete
2025,嘉義縣,住宅竊盜,34,34,0,1,complete
2025,嘉義縣,汽車竊盜,23,23,0,1,complete
2025,嘉義縣,機車竊盜,54,54,0,1,complete
2025,嘉義縣,強制性交,0,0,0,,complete
2025,嘉義縣,組織犯罪防制條例,1,1,0,1,complete
2025,基隆市,毒品,978,978,0,1,complete
2025,基隆市,強盜,6,6,0,1,complete
2025,基隆市,搶奪,2,2,0,1,complete
2025,基隆市,住宅竊盜,97,97,0,1,complete
2025,基隆市,汽車竊盜,10,10,0,1,complete
2025,基隆市,機車竊盜,59,59,0,1,complete
2025,基隆市,強制性交,7,7,0,1,complete
2025,基隆市,組織犯罪防制條例,1,1,0,1,complete
2025,宜蘭縣,毒品,464,464,0,1,complete
2025,宜蘭縣,強盜,1,1,0,1,complete
2025,宜蘭縣,搶奪,3,3,0,1,complete
2025,宜蘭縣,住宅竊盜,91,91,0,1,complete
2025,宜蘭縣,汽車竊盜,31,31,0,1,complete
2025,宜蘭縣,機車竊盜,54,54,0,1,complete
2025,宜蘭縣,強制性交,6,6,0,1,complete
2025,宜蘭縣,組織犯罪防制條例,1,1,0,1,complete
2025,屏東縣,毒品,660,660,0,1,complete
2025,屏東縣,強盜,6,6,0,1,complete
2025,屏東縣,搶奪,6,6,0,1,complete
2025,屏東縣,住宅竊盜,657,657,0,1,complete
2025,屏東縣,汽車竊盜,48,48,0,1,complete
2025,屏東縣,機車竊盜,183,183,0,1,complete
2025,屏東縣,強制性交,6,6,0,1,complete
2025,屏東縣,組織犯罪防制條例,0,0,0,,complete
2025,彰化縣,毒品,957,957,0,1,complete
2025,彰化縣,強盜,1,1,0,1,complete
2025,彰化縣,搶奪,6,6,0,1,complete
2025,彰化縣,住宅竊盜,33,33,0,1,complete
2025,彰化縣,汽車竊盜,51,51,0,1,complete
2025,彰化縣,機車竊盜,185,185,0,1,complete
2025,彰化縣,強制性交,4,4,0,1,complete
2025,彰化縣,組織犯罪防制條例,1,1,0,1,complete
2025,新北市,毒品,5399,5397,2,0.999629561,complete
2025,新北市,強盜,19,19,0,1,complete
2025,新北市,搶奪,15,15,0,1,complete
2025,新北市,住宅竊盜,1462,1462,0,1,complete
2025,新北市,汽車竊盜,97,97,0,1,complete
2025,新北市,機車竊盜,534,534,0,1,complete
2025,新北市,強制性交,38,38,0,1,complete
2025,新北市,組織犯罪防制條例,1,1,0,1,complete
2025,新竹市,毒品,335,335,0,1,complete
2025,新竹市,強盜,1,1,0,1,complete
2025,新竹市,搶奪,2,2,0,1,complete
2025,新竹市,住宅竊盜,19,19,0,1,complete
2025,新竹市,汽車竊盜,21,21,0,1,complete
2025,新竹市,機車竊盜,112,112,0,1,complete
2025,新竹市,強制性交,3,3,0,1,complete
2025,新竹市,組織犯罪防制條例,1,1,0,1,complete
2025,新竹縣,毒品,490,490,0,1,complete
2025,新竹縣,強盜,0,0,0,,complete
2025,新竹縣,搶奪,3,3,0,1,complete
2025,新竹縣,住宅竊盜,257,257,0,1,complete
2025,新竹縣,汽車竊盜,57,57,0,1,complete
2025,新竹縣,機車竊盜,108,108,0,1,complete
2025,新竹縣,強制性交,9,9,0,1,complete
2025,新竹縣,組織犯罪防制條例,0,0,0,,complete
2025,桃園市,毒品,3082,3082,0,1,complete
2025,桃園市,強盜,19,19,0,1,complete
2025,桃園市,搶奪,11,11,0,1,complete
2025,桃園市,住宅竊盜,605,605,0,1,complete
2025,桃園市,汽車竊盜,145,145,0,1,complete
2025,桃園市,機車竊盜,425,425,0,1,complete
2025,桃園市,強制性交,21,21,0,1,complete
2025,桃園市,組織犯罪防制條例,0,0,0,,complete
2025,澎湖縣,毒品,63,63,0,1,complete
2025,澎湖縣,強盜,0,0,0,,complete
2025,澎湖縣,搶奪,0,0,0,,complete
2025,澎湖縣,住宅竊盜,65,65,0,1,complete
2025,澎湖縣,汽車竊盜,2,2,0,1,complete
2025,澎湖縣,機車竊盜,9,9,0,1,complete
2025,澎湖縣,強制性交,6,6,0,1,complete
2025,澎湖縣,組織犯罪防制條例,0,0,0,,complete
2025,臺中市,毒品,2496,2496,0,1,complete
2025,臺中市,強盜,10,10,0,1,complete
2025,臺中市,搶奪,10,10,0,1,complete
2025,臺中市,住宅竊盜,703,703,0,1,complete
2025,臺中市,汽車竊盜,82,82,0,1,complete
2025,臺中市,機車竊盜,457,457,0,1,complete
2025,臺中市,強制性交,6,6,0,1,complete
2025,臺中市,組織犯罪防制條例,2,2,0,1,complete
2025,臺北市,毒品,3210,3210,0,1,complete
2025,臺北市,強盜,12,12,0,1,complete
2025,臺北市,搶奪,19,19,0,1,complete
2025,臺北市,住宅竊盜,249,249,0,1,complete
2025,臺北市,汽車竊盜,20,20,0,1,complete
2025,臺北市,機車竊盜,165,165,0,1,complete
2025,臺北市,強制性交,11,11,0,1,complete
2025,臺北市,組織犯罪防制條例,1,1,0,1,complete
2025,臺南市,毒品,1831,1831,0,1,complete
2025,臺南市,強盜,18,18,0,1,complete
2025,臺南市,搶奪,10,10,0,1,complete
2025,臺南市,住宅竊盜,134,133,1,0.9925373134,complete
2025,臺南市,汽車竊盜,33,33,0,1,complete
2025,臺南市,機車竊盜,214,214,0,1,complete
2025,臺南市,強制性交,19,19,0,1,complete
2025,臺南市,組織犯罪防制條例,3,3,0,1,complete
2025,臺東縣,毒品,134,134,0,1,complete
2025,臺東縣,強盜,1,1,0,1,complete
2025,臺東縣,搶奪,0,0,0,,complete
2025,臺東縣,住宅竊盜,91,91,0,1,complete
2025,臺東縣,汽車竊盜,7,7,0,1,complete
2025,臺東縣,機車竊盜,33,33,0,1,complete
2025,臺東縣,強制性交,1,1,0,1,complete
2025,臺東縣,組織犯罪防制條例,0,0,0,,complete
2025,花蓮縣,毒品,301,301,0,1,complete
2025,花蓮縣,強盜,5,5,0,1,complete
2025,花蓮縣,搶奪,7,7,0,1,complete
2025,花蓮縣,住宅竊盜,69,69,0,1,complete
2025,花蓮縣,汽車竊盜,23,23,0,1,complete
2025,花蓮縣,機車竊盜,105,105,0,1,complete
2025,花蓮縣,強制性交,2,2,0,1,complete
2025,花蓮縣,組織犯罪防制條例,0,0,0,,complete
2025,苗栗縣,毒品,460,460,0,1,complete
2025,苗栗縣,強盜,4,4,0,1,complete
2025,苗栗縣,搶奪,4,4,0,1,complete
2025,苗栗縣,住宅竊盜,282,282,0,1,complete
2025,苗栗縣,汽車竊盜,27,27,0,1,complete
2025,苗栗縣,機車竊盜,82,82,0,1,complete
2025,苗栗縣,強制性交,18,18,0,1,complete
2025,苗栗縣,組織犯罪防制條例,0,0,0,,complete
2025,連江縣,毒品,2,2,0,1,complete
2025,連江縣,強盜,0,0,0,,complete
2025,連江縣,搶奪,0,0,0,,complete
2025,連江縣,住宅竊盜,3,3,0,1,complete
2025,連江縣,汽車竊盜,0,0,0,,complete
2025,連江縣,機車竊盜,1,1,0,1,complete
2025,連江縣,強制性交,1,1,0,1,complete
2025,連江縣,組織犯罪防制條例,0,0,0,,complete
2025,金門縣,毒品,35,35,0,1,complete
2025,金門縣,強盜,0,0,0,,complete
2025,金門縣,搶奪,0,0,0,,complete
2025,金門縣,住宅竊盜,18,18,0,1,complete
2025,金門縣,汽車竊盜,4,4,0,1,complete
2025,金門縣,機車竊盜,9,9,0,1,complete
2025,金門縣,強制性交,4,4,0,1,complete
2025,金門縣,組織犯罪防制條例,0,0,0,,complete
2025,雲林縣,毒品,694,694,0,1,complete
2025,雲林縣,強盜,1,1,0,1,complete
2025,雲林縣,搶奪,1,1,0,1,complete
2025,雲林縣,住宅竊盜,271,271,0,1,complete
2025,雲林縣,汽車竊盜,50,50,0,1,complete
2025,雲林縣,機車竊盜,154,154,0,1,complete
2025,雲林縣,強制性交,5,5,0,1,complete
2025,雲林縣,組織犯罪防制條例,0,0,0,,complete
2025,高雄市,毒品,2931,2931,0,1,complete
2025,高雄市,強盜,6,6,0,1,complete
2025,高雄市,搶奪,10,10,0,1,complete
2025,高雄市,住宅竊盜,143,143,0,1,complete
2025,高雄市,汽車竊盜,59,59,0,1,complete
2025,高雄市,機車竊盜,455,455,0,1,complete
2025,高雄市,強制性交,28,28,0,1,complete
2025,高雄市,組織犯罪防制條例,1,1,0,1,complete
