year,district,crime_type,incident_count
2016,中區,住宅竊盜,1
2016,中區,搶奪,3
2016,中區,機車竊盜,33
2016,中區,毒品,124
2016,中區,汽車竊盜,5
2016,北區,住宅竊盜,25
2016,北區,強盜,4
2016,北區,搶奪,1
2016,北區,機車竊盜,44
2016,北區,毒品,368
2016,北區,汽車竊盜,8
2016,北屯區,住宅竊盜,14
2016,北屯區,強制性交,1
2016,北屯區,強盜,2
2016,北屯區,機車竊盜,67
2016,北屯區,毒品,286
2016,北屯區,汽車竊盜,21
2016,南區,住宅竊盜,15
2016,南區,強制性交,2
2016,南區,強盜,1
2016,南區,機車竊盜,27
2016,南區,毒品,55
2016,南區,汽車竊盜,5
2016,南屯區,住宅竊盜,4
2016,南屯區,強盜,1
2016,南屯區,搶奪,1
2016,南屯區,機車竊盜,17
2016,南屯區,毒品,94
2016,南屯區,汽車竊盜,14
2016,后里區,住宅竊盜,1
2016,后里區,強盜,2
2016,后里區,機車竊盜,4
2016,后里區,毒品,54
2016,后里區,汽車竊盜,6
2016,和平區,機車竊盜,1
2016,和平區,毒品,4
2016,和平區,汽車竊盜,1
2016,外埔區,毒品,34
2016,外埔區,汽車竊盜,3
2016,大安區,搶奪,1
2016,大安區,機車竊盜,1
2016,大安區,毒品,35
2016,大甲區,強制性交,1
2016,大甲區,機車竊盜,7
2016,大甲區,毒品,108
2016,大甲區,汽車竊盜,10
2016,大肚區,強制性交,2
2016,大肚區,搶奪,1
2016,大肚區,機車竊盜,9
2016,大肚區,毒品,46
2016,大肚區,汽車竊盜,3
2016,大里區,住宅竊盜,2
2016,大里區,強制性交,2
2016,大里區,搶奪,5
2016,大里區,機車竊盜,43
2016,大里區,毒品,216
2016,大里區,汽車竊盜,8
2016,大雅區,住宅竊盜,5
2016,大雅區,機車竊盜,19
2016,大雅區,毒品,88
2016,大雅區,汽車竊盜,9
2016,太平區,住宅竊盜,6
2016,太平區,強盜,2
2016,太平區,搶奪,2
2016,太平區,機車竊盜,32
2016,太平區,毒品,169
2016,太平區,汽車竊盜,14
2016,新社區,住宅竊盜,3
2016,新社區,機車竊盜,7
2016,新社區,毒品,11
2016,新社區,汽車竊盜,2
2016,東勢區,住宅竊盜,1
2016,東勢區,強制性交,1
2016,東勢區,機車竊盜,9
2016,東勢區,毒品,43
2016,東勢區,汽車竊盜,4
2016,東區,住宅竊盜,13
2016,東區,強制性交,6
2016,東區,機車竊盜,22
2016,東區,毒品,114
2016,東區,汽車竊盜,17
2016,梧棲區,住宅竊盜,1
2016,梧棲區,強制性交,2
2016,梧棲區,機車竊盜,10
2016,梧棲區,毒品,59
2016,梧棲區,汽車竊盜,6
2016,沙鹿區,住宅竊盜,2
2016,沙鹿區,強制性交,3
2016,沙鹿區,強盜,2
2016,沙鹿區,搶奪,2
2016,沙鹿區,機車竊盜,25
2016,沙鹿區,毒品,120
2016,沙鹿區,汽車竊盜,12
2016,清水區,搶奪,1
2016,清水區,機車竊盜,10
2016,清水區,毒品,98
2016,清水區,汽車竊盜,8
2016,潭子區,住宅竊盜,9
2016,潭子區,機車竊盜,16
2016,潭子區,毒品,147
2016,潭子區,汽車竊盜,9
2016,烏日區,住宅竊盜,4
2016,烏日區,搶奪,1
2016,烏日區,機車竊盜,15
2016,烏日區,毒品,78
2016,烏日區,汽車竊盜,4
2016,石岡區,搶奪,1
2016,石岡區,機車竊盜,2
2016,石岡區,毒品,4
2016,石岡區,汽車竊盜,1
2016,神岡區,住宅竊盜,3
2016,神岡區,機車竊盜,2
2016,神岡區,毒品,42
2016,神岡區,汽車竊盜,4
2016,西區,住宅竊盜,5
2016,西區,強制性交,1
2016,西區,強盜,3
2016,西區,搶奪,2
2016,西區,機車竊盜,40
2016,西區,毒品,89
2016,西區,汽車竊盜,7
2016,西屯區,住宅竊盜,16
2016,西屯區,強制性交,2
2016,西屯區,強盜,2
2016,西屯區,搶奪,1
2016,西屯區,機車竊盜,58
2016,西屯區,毒品,287
2016,西屯區,汽車竊盜,26
2016,豐原區,住宅竊盜,9
2016,豐原區,強盜,1
2016,豐原區,機車竊盜,33
2016,豐原區,毒品,187
2016,豐原區,汽車竊盜,17
2016,霧峰區,住宅竊盜,1
2016,霧峰區,強制性交,1
2016,霧峰區,強盜,1
2016,霧峰區,搶奪,1
2016,霧峰區,機車竊盜,12
2016,霧峰區,毒品,48
2016,霧峰區,汽車竊盜,11
2016,龍井區,住宅竊盜,4
2016,龍井區,強盜,1
2016,龍井區,搶奪,1
2016,龍井區,機車竊盜,10
2016,龍井區,毒品,76
2016,龍井區,汽車竊盜,3
2017,中區,住宅竊盜,2
2017,中區,搶奪,1
2017,中區,機車竊盜,29
2017,中區,毒品,110
2017,中區,汽車竊盜,5
2017,北區,住宅竊盜,20
2017,北區,強盜,1
2017,北區,搶奪,2
2017,北區,機車竊盜,39
2017,北區,毒品,493
2017,北區,汽車竊盜,8
2017,北屯區,住宅竊盜,16
2017,北屯區,強制性交,1
2017,北屯區,強盜,1
2017,北屯區,機車竊盜,36
2017,北屯區,毒品,347
2017,北屯區,汽車竊盜,20
2017,南區,住宅竊盜,5
2017,南區,機車竊盜,25
2017,南區,毒品,74
2017,南區,汽車竊盜,9
2017,南屯區,住宅竊盜,8
2017,南屯區,強制性交,2
2017,南屯區,強盜,1
2017,南屯區,機車竊盜,13
2017,南屯區,毒品,97
2017,南屯區,汽車竊盜,6
2017,后里區,強制性交,1
2017,后里區,搶奪,1
2017,后里區,機車竊盜,8
2017,后里區,毒品,64
2017,后里區,汽車竊盜,2
2017,和平區,機車竊盜,1
2017,和平區,毒品,8
2017,外埔區,機車竊盜,1
2017,外埔區,毒品,44
2017,大安區,強制性交,1
2017,大安區,毒品,40
2017,大甲區,住宅竊盜,3
2017,大甲區,機車竊盜,10
2017,大甲區,毒品,103
2017,大甲區,汽車竊盜,3
2017,大肚區,住宅竊盜,2
2017,大肚區,機車竊盜,7
2017,大肚區,毒品,36
2017,大肚區,汽車竊盜,6
2017,大里區,住宅竊盜,3
2017,大里區,強制性交,2
2017,大里區,搶奪,1
2017,大里區,機車竊盜,24
2017,大里區,毒品,234
2017,大里區,汽車竊盜,11
2017,大雅區,住宅竊盜,8
2017,大雅區,強盜,1
2017,大雅區,機車竊盜,11
2017,大雅區,毒品,95
2017,大雅區,汽車竊盜,10
2017,太平區,住宅竊盜,2
2017,太平區,機車竊盜,31
2017,太平區,毒品,191
2017,太平區,汽車竊盜,5
2017,新社區,搶奪,1
2017,新社區,機車竊盜,1
2017,新社區,毒品,14
2017,新社區,汽車竊盜,2
2017,東勢區,住宅竊盜,3
2017,東勢區,強制性交,1
2017,東勢區,強盜,1
2017,東勢區,機車竊盜,8
2017,東勢區,毒品,44
2017,東勢區,汽車竊盜,2
2017,東區,住宅竊盜,8
2017,東區,強制性交,4
2017,東區,搶奪,3
2017,東區,機車竊盜,34
2017,東區,毒品,118
2017,東區,汽車竊盜,9
2017,梧棲區,強盜,1
2017,梧棲區,搶奪,1
2017,梧棲區,機車竊盜,6
2017,梧棲區,毒品,60
2017,梧棲區,汽車竊盜,6
2017,沙鹿區,強制性交,2
2017,沙鹿區,強盜,3
2017,沙鹿區,機車竊盜,16
2017,沙鹿區,毒品,121
2017,沙鹿區,汽車竊盜,8
2017,清水區,住宅竊盜,1
2017,清水區,強制性交,1
2017,清水區,強盜,2
2017,清水區,機車竊盜,16
2017,清水區,毒品,89
2017,清水區,汽車竊盜,8
2017,潭子區,住宅竊盜,4
2017,潭子區,強制性交,3
2017,潭子區,機車竊盜,13
2017,潭子區,毒品,122
2017,潭子區,汽車竊盜,5
2017,烏日區,住宅竊盜,2
2017,烏日區,強制性交,3
2017,烏日區,搶奪,1
2017,烏日區,機車竊盜,6
2017,烏日區,毒品,122
2017,烏日區,汽車竊盜,5
2017,石岡區,強盜,1
2017,石岡區,機車竊盜,2
2017,石岡區,毒品,11
2017,石岡區,汽車竊盜,1
2017,神岡區,住宅竊盜,9
2017,神岡區,機車竊盜,3
2017,神岡區,毒品,45
2017,神岡區,汽車竊盜,3
2017,西區,住宅竊盜,5
2017,西區,強制性交,1
2017,西區,搶奪,3
2017,西區,機車竊盜,13
2017,西區,毒品,115
2017,西區,汽車竊盜,4
2017,西屯區,住宅竊盜,17
2017,西屯區,強制性交,6
2017,西屯區,強盜,1
2017,西屯區,搶奪,3
2017,西屯區,機車竊盜,41
2017,西屯區,毒品,282
2017,西屯區,汽車竊盜,10
2017,豐原區,住宅竊盜,7
2017,豐原區,強制性交,2
2017,豐原區,強盜,1
2017,豐原區,搶奪,2
2017,豐原區,機車竊盜,21
2017,豐原區,毒品,210
2017,豐原區,汽車竊盜,16
2017,霧峰區,住宅竊盜,2
2017,霧峰區,機車竊盜,10
2017,霧峰區,毒品,92
2017,霧峰區,汽車竊盜,3
2017,龍井區,住宅竊盜,4
2017,龍井區,強制性交,3
2017,龍井區,機車竊盜,2
2017,龍井區,毒品,59
2017,龍井區,汽車竊盜,6
2018,中區,強盜,1
2018,中區,搶奪,1
2018,中區,機車竊盜,12
2018,中區,毒品,171
2018,中區,汽車竊盜,2
2018,北區,住宅竊盜,15
2018,北區,強盜,1
2018,北區,搶奪,4
2018,北區,機車竊盜,24
2018,北區,毒品,468
2018,北區,汽車竊盜,5
2018,北屯區,住宅竊盜,16
2018,北屯區,強制性交,2
2018,北屯區,強盜,1
2018,北屯區,搶奪,3
2018,北屯區,機車竊盜,27
2018,北屯區,毒品,343
2018,北屯區,汽車竊盜,14
2018,南區,住宅竊盜,3
2018,南區,強制性交,2
2018,南區,搶奪,4
2018,南區,機車竊盜,21
2018,南區,毒品,68
2018,南區,汽車竊盜,1
2018,南屯區,住宅竊盜,7
2018,南屯區,強制性交,3
2018,南屯區,強盜,1
2018,南屯區,機車竊盜,4
2018,南屯區,毒品,113
2018,南屯區,汽車竊盜,5
2018,后里區,機車竊盜,7
2018,后里區,毒品,53
2018,后里區,汽車竊盜,2
2018,和平區,機車竊盜,1
2018,和平區,毒品,3
2018,外埔區,機車竊盜,2
2018,外埔區,毒品,28
2018,外埔區,汽車竊盜,2
2018,大安區,毒品,18
2018,大甲區,住宅竊盜,2
2018,大甲區,強制性交,1
2018,大甲區,機車竊盜,8
2018,大甲區,毒品,75
2018,大甲區,汽車竊盜,4
2018,大肚區,住宅竊盜,1
2018,大肚區,強制性交,1
2018,大肚區,機車竊盜,5
2018,大肚區,毒品,44
2018,大肚區,汽車竊盜,1
2018,大里區,強制性交,1
2018,大里區,強盜,1
2018,大里區,搶奪,1
2018,大里區,機車竊盜,20
2018,大里區,毒品,151
2018,大里區,汽車竊盜,7
2018,大雅區,住宅竊盜,6
2018,大雅區,強盜,1
2018,大雅區,機車竊盜,11
2018,大雅區,毒品,78
2018,大雅區,汽車竊盜,3
2018,太平區,強制性交,1
2018,太平區,強盜,2
2018,太平區,機車竊盜,18
2018,太平區,毒品,158
2018,太平區,汽車竊盜,12
2018,新社區,機車竊盜,5
2018,新社區,毒品,8
2018,東勢區,住宅竊盜,2
2018,東勢區,機車竊盜,3
2018,東勢區,毒品,40
2018,東勢區,汽車竊盜,2
2018,東區,住宅竊盜,3
2018,東區,強制性交,2
2018,東區,強盜,1
2018,東區,機車竊盜,16
2018,東區,毒品,109
2018,東區,汽車竊盜,6
2018,梧棲區,住宅竊盜,2
2018,梧棲區,強盜,1
2018,梧棲區,機車竊盜,6
2018,梧棲區,毒品,65
2018,梧棲區,汽車竊盜,5
2018,沙鹿區,住宅竊盜,1
2018,沙鹿區,強盜,1
2018,沙鹿區,機車竊盜,6
2018,沙鹿區,毒品,106
2018,沙鹿區,汽車竊盜,7
2018,清水區,住宅竊盜,2
2018,清水區,強制性交,1
2018,清水區,強盜,2
2018,清水區,機車竊盜,7
2018,清水區,毒品,62
2018,清水區,汽車竊盜,6
2018,潭子區,住宅竊盜,4
2018,潭子區,機車竊盜,7
2018,潭子區,毒品,76
2018,潭子區,汽車竊盜,8
2018,烏日區,強盜,1
2018,烏日區,機車竊盜,8
2018,烏日區,毒品,73
2018,烏日區,汽車竊盜,2
2018,石岡區,住宅竊盜,1
2018,石岡區,機車竊盜,1
2018,石岡區,毒品,9
2018,神岡區,住宅竊盜,7
2018,神岡區,強盜,1
2018,神岡區,搶奪,2
2018,神岡區,機車竊盜,11
2018,神岡區,毒品,48
2018,神岡區,汽車竊盜,4
2018,西區,住宅竊盜,3
2018,西區,強盜,1
2018,西區,搶奪,1
2018,西區,機車竊盜,15
2018,西區,毒品,107
2018,西區,汽車竊盜,2
2018,西屯區,住宅竊盜,12
2018,西屯區,強制性交,1
2018,西屯區,強盜,6
2018,西屯區,搶奪,1
2018,西屯區,機車竊盜,25
2018,西屯區,毒品,392
2018,西屯區,汽車竊盜,4
2018,豐原區,住宅竊盜,11
2018,豐原區,強制性交,1
2018,豐原區,強盜,2
2018,豐原區,機車竊盜,22
2018,豐原區,毒品,159
2018,豐原區,汽車竊盜,22
2018,霧峰區,機車竊盜,7
2018,霧峰區,毒品,56
2018,霧峰區,汽車竊盜,4
2018,龍井區,住宅竊盜,6
2018,龍井區,強制性交,2
2018,龍井區,機車竊盜,4
2018,龍井區,毒品,55
2018,龍井區,汽車竊盜,4
2018,龍井區,組織犯罪防制條例,1
2019,中區,住宅竊盜,2
2019,中區,搶奪,3
2019,中區,機車竊盜,11
2019,中區,毒品,124
2019,北區,住宅竊盜,12
2019,北區,強盜,1
2019,北區,搶奪,2
2019,北區,機車竊盜,19
2019,北區,毒品,263
2019,北區,汽車竊盜,5
2019,北屯區,住宅竊盜,7
2019,北屯區,強盜,3
2019,北屯區,搶奪,1
2019,北屯區,機車竊盜,17
2019,北屯區,毒品,517
2019,北屯區,汽車竊盜,8
2019,南區,住宅竊盜,5
2019,南區,搶奪,1
2019,南區,機車竊盜,16
2019,南區,毒品,96
2019,南區,汽車竊盜,6
2019,南屯區,住宅竊盜,1
2019,南屯區,強盜,1
2019,南屯區,機車竊盜,9
2019,南屯區,毒品,113
2019,南屯區,汽車竊盜,5
2019,后里區,住宅竊盜,2
2019,后里區,機車竊盜,4
2019,后里區,毒品,50
2019,后里區,汽車竊盜,1
2019,和平區,機車竊盜,1
2019,外埔區,機車竊盜,2
2019,外埔區,毒品,17
2019,大安區,機車竊盜,1
2019,大安區,毒品,8
2019,大甲區,強盜,1
2019,大甲區,機車竊盜,8
2019,大甲區,毒品,49
2019,大甲區,汽車竊盜,4
2019,大肚區,住宅竊盜,1
2019,大肚區,機車竊盜,1
2019,大肚區,毒品,32
2019,大肚區,汽車竊盜,3
2019,大里區,住宅竊盜,2
2019,大里區,強盜,1
2019,大里區,機車竊盜,12
2019,大里區,毒品,120
2019,大里區,汽車竊盜,4
2019,大雅區,住宅竊盜,7
2019,大雅區,機車竊盜,14
2019,大雅區,毒品,59
2019,大雅區,汽車竊盜,5
2019,太平區,住宅竊盜,3
2019,太平區,強盜,1
2019,太平區,機車竊盜,14
2019,太平區,毒品,144
2019,太平區,汽車竊盜,5
2019,新社區,機車竊盜,1
2019,新社區,毒品,8
2019,新社區,汽車竊盜,1
2019,東勢區,搶奪,1
2019,東勢區,機車竊盜,5
2019,東勢區,毒品,33
2019,東勢區,汽車竊盜,4
2019,東區,住宅竊盜,2
2019,東區,搶奪,1
2019,東區,機車竊盜,10
2019,東區,毒品,103
2019,東區,汽車竊盜,3
2019,梧棲區,強盜,1
2019,梧棲區,機車竊盜,6
2019,梧棲區,毒品,40
2019,梧棲區,汽車竊盜,2
2019,沙鹿區,住宅竊盜,1
2019,沙鹿區,強盜,1
2019,沙鹿區,機車竊盜,12
2019,沙鹿區,毒品,69
2019,沙鹿區,汽車竊盜,6
2019,沙鹿區,組織犯罪防制條例,1
2019,清水區,機車竊盜,4
2019,清水區,毒品,47
2019,清水區,汽車竊盜,2
2019,潭子區,住宅竊盜,5
2019,潭子區,強盜,1
2019,潭子區,搶奪,1
2019,潭子區,機車竊盜,6
2019,潭子區,毒品,68
2019,潭子區,汽車竊盜,2
2019,烏日區,住宅竊盜,2
2019,烏日區,強盜,1
2019,烏日區,機車竊盜,3
2019,烏日區,毒品,41
2019,烏日區,汽車竊盜,8
2019,石岡區,機車竊盜,1
2019,石岡區,毒品,5
2019,神岡區,住宅竊盜,3
2019,神岡區,強盜,1
2019,神岡區,搶奪,1
2019,神岡區,機車竊盜,1
2019,神岡區,毒品,35
2019,神岡區,汽車竊盜,2
2019,西區,強盜,1
2019,西區,機車竊盜,15
2019,西區,毒品,101
2019,西區,汽車竊盜,4
2019,西屯區,住宅竊盜,11
2019,西屯區,強盜,1
2019,西屯區,搶奪,1
2019,西屯區,機車竊盜,34
2019,西屯區,毒品,389
2019,西屯區,汽車竊盜,8
2019,豐原區,住宅竊盜,10
2019,豐原區,強盜,2
2019,豐原區,搶奪,3
2019,豐原區,機車竊盜,17
2019,豐原區,毒品,118
2019,豐原區,汽車竊盜,10
2019,霧峰區,搶奪,1
2019,霧峰區,機車竊盜,9
2019,霧峰區,毒品,32
2019,霧峰區,汽車竊盜,2
2019,龍井區,住宅竊盜,2
2019,龍井區,機車竊盜,4
2019,龍井區,毒品,41
2019,龍井區,汽車竊盜,2
2020,中區,強盜,1
2020,中區,機車竊盜,8
2020,中區,毒品,120
2020,中區,汽車竊盜,1
2020,北區,住宅竊盜,4
2020,北區,強盜,1
2020,北區,搶奪,2
2020,北區,機車竊盜,16
2020,北區,毒品,345
2020,北區,汽車竊盜,1
2020,北屯區,住宅竊盜,5
2020,北屯區,強盜,2
2020,北屯區,機車竊盜,22
2020,北屯區,毒品,352
2020,北屯區,汽車竊盜,11
2020,南區,住宅竊盜,6
2020,南區,搶奪,1
2020,南區,機車竊盜,11
2020,南區,毒品,48
2020,南區,汽車竊盜,2
2020,南屯區,住宅竊盜,3
2020,南屯區,強盜,1
2020,南屯區,機車竊盜,3
2020,南屯區,毒品,108
2020,南屯區,汽車竊盜,2
2020,后里區,機車竊盜,5
2020,后里區,毒品,47
2020,后里區,汽車竊盜,4
2020,和平區,強制性交,1
2020,和平區,毒品,3
2020,外埔區,住宅竊盜,1
2020,外埔區,機車竊盜,1
2020,外埔區,毒品,11
2020,大安區,機車竊盜,2
2020,大安區,毒品,6
2020,大安區,汽車竊盜,1
2020,大甲區,搶奪,1
2020,大甲區,機車竊盜,4
2020,大甲區,毒品,44
2020,大甲區,汽車竊盜,3
2020,大肚區,住宅竊盜,4
2020,大肚區,強制性交,1
2020,大肚區,毒品,17
2020,大肚區,汽車竊盜,4
2020,大里區,住宅竊盜,1
2020,大里區,強制性交,1
2020,大里區,強盜,1
2020,大里區,機車竊盜,13
2020,大里區,毒品,165
2020,大里區,汽車竊盜,5
2020,大雅區,住宅竊盜,5
2020,大雅區,強盜,2
2020,大雅區,機車竊盜,3
2020,大雅區,毒品,66
2020,大雅區,汽車竊盜,2
2020,太平區,住宅竊盜,4
2020,太平區,強盜,1
2020,太平區,機車竊盜,22
2020,太平區,毒品,146
2020,太平區,汽車竊盜,1
2020,新社區,機車竊盜,1
2020,新社區,毒品,6
2020,新社區,汽車竊盜,1
2020,東勢區,住宅竊盜,2
2020,東勢區,機車竊盜,2
2020,東勢區,毒品,17
2020,東勢區,汽車竊盜,1
2020,東區,住宅竊盜,2
2020,東區,機車竊盜,18
2020,東區,毒品,89
2020,東區,汽車竊盜,3
2020,梧棲區,住宅竊盜,1
2020,梧棲區,強制性交,1
2020,梧棲區,機車竊盜,2
2020,梧棲區,毒品,34
2020,梧棲區,汽車竊盜,8
2020,沙鹿區,強盜,1
2020,沙鹿區,搶奪,1
2020,沙鹿區,機車竊盜,4
2020,沙鹿區,毒品,61
2020,沙鹿區,汽車竊盜,10
2020,清水區,機車竊盜,5
2020,清水區,毒品,48
2020,清水區,汽車竊盜,6
2020,潭子區,住宅竊盜,9
2020,潭子區,強盜,1
2020,潭子區,搶奪,2
2020,潭子區,機車竊盜,6
2020,潭子區,毒品,76
2020,潭子區,汽車竊盜,2
2020,烏日區,住宅竊盜,1
2020,烏日區,機車竊盜,3
2020,烏日區,毒品,69
2020,烏日區,汽車竊盜,2
2020,石岡區,毒品,4
2020,石岡區,汽車竊盜,2
2020,神岡區,住宅竊盜,3
2020,神岡區,機車竊盜,1
2020,神岡區,毒品,27
2020,神岡區,汽車竊盜,1
2020,西區,搶奪,1
2020,西區,機車竊盜,8
2020,西區,毒品,99
2020,西區,汽車竊盜,1
2020,西屯區,住宅竊盜,9
2020,西屯區,強盜,1
2020,西屯區,機車竊盜,16
2020,西屯區,毒品,395
2020,西屯區,汽車竊盜,7
2020,豐原區,住宅竊盜,6
2020,豐原區,強制性交,2
2020,豐原區,強盜,1
2020,豐原區,機車竊盜,11
2020,豐原區,毒品,82
2020,豐原區,汽車竊盜,4
2020,霧峰區,機車竊盜,6
2020,霧峰區,毒品,29
2020,霧峰區,汽車竊盜,1
2020,龍井區,住宅竊盜,4
2020,龍井區,強盜,1
2020,龍井區,機車竊盜,1
2020,龍井區,毒品,35
2020,龍井區,汽車竊盜,5
2021,中區,住宅竊盜,1
2021,中區,搶奪,1
2021,中區,機車竊盜,8
2021,中區,毒品,89
2021,北區,住宅竊盜,4
2021,北區,強盜,1
2021,北區,搶奪,2
2021,北區,機車竊盜,21
2021,北區,毒品,229
2021,北區,汽車竊盜,1
2021,北屯區,住宅竊盜,7
2021,北屯區,強制性交,2
2021,北屯區,強盜,2
2021,北屯區,機車竊盜,26
2021,北屯區,毒品,245
2021,北屯區,汽車竊盜,5
2021,南區,住宅竊盜,2
2021,南區,機車竊盜,14
2021,南區,毒品,61
2021,南屯區,住宅竊盜,1
2021,南屯區,強盜,1
2021,南屯區,機車竊盜,4
2021,南屯區,毒品,103
2021,南屯區,汽車竊盜,3
2021,后里區,機車竊盜,3
2021,后里區,毒品,22
2021,后里區,汽車竊盜,1
2021,和平區,毒品,6
2021,外埔區,機車竊盜,1
2021,外埔區,毒品,25
2021,外埔區,汽車竊盜,1
2021,大安區,住宅竊盜,2
2021,大安區,毒品,8
2021,大甲區,住宅竊盜,1
2021,大甲區,強盜,1
2021,大甲區,搶奪,1
2021,大甲區,機車竊盜,4
2021,大甲區,毒品,67
2021,大甲區,汽車竊盜,1
2021,大肚區,住宅竊盜,1
2021,大肚區,強制性交,1
2021,大肚區,搶奪,1
2021,大肚區,機車竊盜,1
2021,大肚區,毒品,15
2021,大里區,住宅竊盜,1
2021,大里區,強盜,1
2021,大里區,機車竊盜,12
2021,大里區,毒品,144
2021,大里區,汽車竊盜,3
2021,大雅區,機車竊盜,3
2021,大雅區,毒品,51
2021,大雅區,汽車竊盜,2
2021,太平區,住宅竊盜,3
2021,太平區,強盜,2
2021,太平區,機車竊盜,16
2021,太平區,毒品,128
2021,太平區,汽車竊盜,3
2021,新社區,住宅竊盜,1
2021,新社區,機車竊盜,2
2021,新社區,毒品,4
2021,新社區,汽車竊盜,1
2021,東勢區,住宅竊盜,1
2021,東勢區,機車竊盜,4
2021,東勢區,毒品,12
2021,東勢區,汽車竊盜,3
2021,東區,住宅竊盜,4
2021,東區,機車竊盜,8
2021,東區,毒品,66
2021,東區,汽車竊盜,2
2021,梧棲區,住宅竊盜,3
2021,梧棲區,強盜,1
2021,梧棲區,機車竊盜,1
2021,梧棲區,毒品,26
2021,梧棲區,汽車竊盜,1
2021,沙鹿區,住宅竊盜,6
2021,沙鹿區,強盜,2
2021,沙鹿區,機車竊盜,13
2021,沙鹿區,毒品,57
2021,沙鹿區,汽車竊盜,2
2021,清水區,住宅竊盜,3
2021,清水區,強盜,1
2021,清水區,機車竊盜,3
2021,清水區,毒品,53
2021,潭子區,住宅竊盜,7
2021,潭子區,搶奪,1
2021,潭子區,機車竊盜,10
2021,潭子區,毒品,52
2021,潭子區,汽車竊盜,2
2021,烏日區,住宅竊盜,2
2021,烏日區,機車竊盜,3
2021,烏日區,毒品,62
2021,烏日區,汽車竊盜,5
2021,石岡區,機車竊盜,1
2021,石岡區,毒品,3
2021,石岡區,汽車竊盜,1
2021,神岡區,住宅竊盜,3
2021,神岡區,機車竊盜,4
2021,神岡區,毒品,44
2021,神岡區,汽車竊盜,2
2021,西區,住宅竊盜,3
2021,西區,強盜,1
2021,西區,機車竊盜,12
2021,西區,毒品,77
2021,西區,汽車竊盜,1
2021,西屯區,住宅竊盜,7
2021,西屯區,搶奪,1
2021,西屯區,機車竊盜,18
2021,西屯區,毒品,327
2021,西屯區,汽車竊盜,5
2021,豐原區,住宅竊盜,5
2021,豐原區,機車竊盜,21
2021,豐原區,毒品,73
2021,豐原區,汽車竊盜,3
2021,豐原區,組織犯罪防制條例,1
2021,霧峰區,住宅竊盜,1
2021,霧峰區,強盜,1
2021,霧峰區,機車竊盜,5
2021,霧峰區,毒品,54
2021,龍井區,住宅竊盜,1
2021,龍井區,機車竊盜,1
2021,龍井區,毒品,32
2021,龍井區,汽車竊盜,1
2022,中區,住宅竊盜,2
2022,中區,搶奪,1
2022,中區,機車竊盜,13
2022,中區,毒品,55
2022,中區,汽車竊盜,2
2022,北區,住宅竊盜,3
2022,北區,搶奪,1
2022,北區,機車竊盜,23
2022,北區,毒品,241
2022,北區,汽車竊盜,1
2022,北屯區,住宅竊盜,4
2022,北屯區,強盜,2
2022,北屯區,機車竊盜,16
2022,北屯區,毒品,175
2022,北屯區,汽車竊盜,1
2022,南區,機車竊盜,8
2022,南區,毒品,44
2022,南屯區,住宅竊盜,3
2022,南屯區,機車竊盜,3
2022,南屯區,毒品,76
2022,南屯區,汽車竊盜,3
2022,后里區,機車竊盜,4
2022,后里區,毒品,32
2022,后里區,汽車竊盜,1
2022,和平區,機車竊盜,2
2022,和平區,毒品,3
2022,外埔區,毒品,19
2022,外埔區,汽車竊盜,1
2022,大安區,機車竊盜,1
2022,大安區,毒品,7
2022,大甲區,住宅竊盜,1
2022,大甲區,機車竊盜,7
2022,大甲區,毒品,41
2022,大甲區,汽車竊盜,1
2022,大肚區,住宅竊盜,1
2022,大肚區,機車竊盜,2
2022,大肚區,毒品,22
2022,大里區,強盜,1
2022,大里區,搶奪,1
2022,大里區,機車竊盜,10
2022,大里區,毒品,153
2022,大里區,汽車竊盜,2
2022,大雅區,住宅竊盜,1
2022,大雅區,機車竊盜,9
2022,大雅區,毒品,25
2022,大雅區,汽車竊盜,1
2022,太平區,住宅竊盜,6
2022,太平區,機車竊盜,21
2022,太平區,毒品,114
2022,太平區,汽車竊盜,2
2022,新社區,機車竊盜,4
2022,新社區,毒品,4
2022,新社區,汽車竊盜,1
2022,東勢區,機車竊盜,3
2022,東勢區,毒品,9
2022,東區,住宅竊盜,1
2022,東區,機車竊盜,13
2022,東區,毒品,67
2022,東區,汽車竊盜,1
2022,梧棲區,住宅竊盜,2
2022,梧棲區,機車竊盜,1
2022,梧棲區,毒品,22
2022,梧棲區,汽車竊盜,1
2022,沙鹿區,住宅竊盜,4
2022,沙鹿區,強盜,1
2022,沙鹿區,搶奪,1
2022,沙鹿區,機車竊盜,2
2022,沙鹿區,毒品,49
2022,沙鹿區,汽車竊盜,1
2022,清水區,住宅竊盜,1
2022,清水區,機車竊盜,2
2022,清水區,毒品,54
2022,潭子區,住宅竊盜,2
2022,潭子區,機車竊盜,4
2022,潭子區,毒品,43
2022,潭子區,汽車竊盜,1
2022,烏日區,住宅竊盜,3
2022,烏日區,搶奪,1
2022,烏日區,機車竊盜,3
2022,烏日區,毒品,29
2022,烏日區,汽車竊盜,3
2022,石岡區,機車竊盜,1
2022,石岡區,毒品,1
2022,石岡區,汽車竊盜,1
2022,神岡區,住宅竊盜,1
2022,神岡區,強盜,1
2022,神岡區,機車竊盜,1
2022,神岡區,毒品,40
2022,神岡區,汽車竊盜,1
2022,西區,住宅竊盜,3
2022,西區,機車竊盜,17
2022,西區,毒品,69
2022,西區,汽車竊盜,5
2022,西屯區,住宅竊盜,7
2022,西屯區,搶奪,1
2022,西屯區,機車竊盜,23
2022,西屯區,毒品,295
2022,西屯區,汽車竊盜,5
2022,豐原區,住宅竊盜,3
2022,豐原區,強制性交,1
2022,豐原區,強盜,1
2022,豐原區,機車竊盜,14
2022,豐原區,毒品,80
2022,豐原區,汽車竊盜,2
2022,霧峰區,住宅竊盜,1
2022,霧峰區,機車竊盜,5
2022,霧峰區,毒品,56
2022,霧峰區,汽車竊盜,3
2022,龍井區,住宅竊盜,1
2022,龍井區,強盜,1
2022,龍井區,機車竊盜,6
2022,龍井區,毒品,28
2022,龍井區,汽車竊盜,1
2023,中區,住宅竊盜,1
2023,中區,強制性交,1
2023,中區,搶奪,1
2023,中區,機車竊盜,7
2023,中區,毒品,62
2023,中區,汽車竊盜,1
2023,北區,住宅竊盜,7
2023,北區,機車竊盜,28
2023,北區,毒品,248
2023,北區,汽車竊盜,2
2023,北屯區,住宅竊盜,3
2023,北屯區,強制性交,2
2023,北屯區,搶奪,1
2023,北屯區,機車竊盜,34
2023,北屯區,毒品,162
2023,北屯區,汽車竊盜,4
2023,北屯區,組織犯罪防制條例,1
2023,南區,住宅竊盜,2
2023,南區,強制性交,1
2023,南區,機車竊盜,7
2023,南區,毒品,49
2023,南屯區,住宅竊盜,2
2023,南屯區,強盜,1
2023,南屯區,搶奪,1
2023,南屯區,機車竊盜,5
2023,南屯區,毒品,97
2023,南屯區,汽車竊盜,4
2023,后里區,機車竊盜,4
2023,后里區,毒品,37
2023,后里區,汽車竊盜,6
2023,和平區,住宅竊盜,1
2023,和平區,機車竊盜,1
2023,和平區,毒品,1
2023,和平區,汽車竊盜,1
2023,外埔區,機車竊盜,2
2023,外埔區,毒品,5
2023,大安區,機車竊盜,1
2023,大安區,毒品,12
2023,大甲區,機車竊盜,4
2023,大甲區,毒品,51
2023,大甲區,汽車竊盜,3
2023,大肚區,住宅竊盜,2
2023,大肚區,機車竊盜,3
2023,大肚區,毒品,23
2023,大里區,住宅竊盜,1
2023,大里區,機車竊盜,13
2023,大里區,毒品,107
2023,大里區,汽車竊盜,5
2023,大雅區,機車竊盜,3
2023,大雅區,毒品,33
2023,大雅區,汽車竊盜,1
2023,太平區,住宅竊盜,3
2023,太平區,機車竊盜,18
2023,太平區,毒品,118
2023,太平區,汽車竊盜,5
2023,新社區,機車竊盜,2
2023,新社區,毒品,4
2023,新社區,汽車竊盜,1
2023,東勢區,機車竊盜,6
2023,東勢區,毒品,29
2023,東勢區,汽車竊盜,7
2023,東區,住宅竊盜,3
2023,東區,機車竊盜,13
2023,東區,毒品,74
2023,東區,汽車竊盜,1
2023,梧棲區,住宅竊盜,2
2023,梧棲區,機車竊盜,5
2023,梧棲區,毒品,26
2023,梧棲區,汽車竊盜,2
2023,沙鹿區,住宅竊盜,1
2023,沙鹿區,機車竊盜,10
2023,沙鹿區,毒品,41
2023,沙鹿區,汽車竊盜,4
2023,清水區,住宅竊盜,1
2023,清水區,機車竊盜,5
2023,清水區,毒品,37
2023,清水區,汽車竊盜,2
2023,潭子區,住宅竊盜,1
2023,潭子區,搶奪,1
2023,潭子區,機車竊盜,5
2023,潭子區,毒品,48
2023,烏日區,住宅竊盜,3
2023,烏日區,機車竊盜,7
2023,烏日區,毒品,34
2023,烏日區,汽車竊盜,1
2023,石岡區,機車竊盜,7
2023,石岡區,毒品,1
2023,石岡區,汽車竊盜,1
2023,神岡區,住宅竊盜,2
2023,神岡區,機車竊盜,3
2023,神岡區,毒品,45
2023,神岡區,汽車竊盜,2
2023,西區,住宅竊盜,2
2023,西區,強盜,1
2023,西區,搶奪,2
2023,西區,機車竊盜,14
2023,西區,毒品,78
2023,西屯區,住宅竊盜,5
2023,西屯區,強盜,1
2023,西屯區,搶奪,1
2023,西屯區,機車竊盜,21
2023,西屯區,毒品,352
2023,西屯區,汽車竊盜,3
2023,豐原區,搶奪,1
2023,豐原區,機車竊盜,7
2023,豐原區,毒品,105
2023,豐原區,汽車竊盜,3
2023,霧峰區,搶奪,1
2023,霧峰區,機車竊盜,3
2023,霧峰區,毒品,40
2023,霧峰區,汽車竊盜,1
2023,龍井區,住宅竊盜,5
2023,龍井區,強制性交,1
2023,龍井區,機車竊盜,5
2023,龍井區,毒品,33
2023,龍井區,汽車竊盜,4
2024,中區,住宅竊盜,9
2024,中區,機車竊盜,14
2024,中區,毒品,78
2024,中區,汽車竊盜,3
2024,北區,住宅竊盜,14
2024,北區,強盜,1
2024,北區,機車竊盜,17
2024,北區,毒品,261
2024,北區,汽車竊盜,2
2024,北屯區,住宅竊盜,13
2024,北屯區,強制性交,1
2024,北屯區,機車竊盜,20
2024,北屯區,毒品,172
2024,北屯區,汽車竊盜,8
2024,南區,機車竊盜,10
2024,南區,毒品,49
2024,南區,汽車竊盜,2
2024,南屯區,住宅竊盜,2
2024,南屯區,強盜,2
2024,南屯區,機車竊盜,7
2024,南屯區,毒品,70
2024,南屯區,汽車竊盜,6
2024,后里區,機車竊盜,6
2024,后里區,毒品,31
2024,后里區,汽車竊盜,3
2024,和平區,住宅竊盜,5
2024,和平區,毒品,11
2024,外埔區,機車竊盜,4
2024,外埔區,毒品,12
2024,外埔區,汽車竊盜,1
2024,大安區,機車竊盜,1
2024,大安區,毒品,11
2024,大安區,汽車竊盜,1
2024,大甲區,機車竊盜,8
2024,大甲區,毒品,48
2024,大甲區,汽車竊盜,5
2024,大肚區,住宅竊盜,1
2024,大肚區,機車竊盜,1
2024,大肚區,毒品,31
2024,大肚區,汽車竊盜,3
2024,大里區,住宅竊盜,3
2024,大里區,強盜,1
2024,大里區,機車竊盜,9
2024,大里區,毒品,80
2024,大雅區,住宅竊盜,9
2024,大雅區,機車竊盜,10
2024,大雅區,毒品,29
2024,大雅區,汽車竊盜,2
2024,太平區,住宅竊盜,9
2024,太平區,機車竊盜,10
2024,太平區,毒品,154
2024,太平區,汽車竊盜,2
2024,新社區,住宅竊盜,2
2024,新社區,機車竊盜,4
2024,新社區,毒品,2
2024,東勢區,住宅竊盜,5
2024,東勢區,機車竊盜,6
2024,東勢區,毒品,45
2024,東勢區,汽車竊盜,5
2024,東區,機車竊盜,13
2024,東區,毒品,49
2024,東區,汽車竊盜,3
2024,梧棲區,住宅竊盜,3
2024,梧棲區,搶奪,1
2024,梧棲區,機車竊盜,5
2024,梧棲區,毒品,33
2024,梧棲區,汽車竊盜,2
2024,沙鹿區,住宅竊盜,6
2024,沙鹿區,強制性交,1
2024,沙鹿區,機車竊盜,11
2024,沙鹿區,毒品,61
2024,沙鹿區,汽車竊盜,4
2024,清水區,住宅竊盜,2
2024,清水區,搶奪,1
2024,清水區,機車竊盜,12
2024,清水區,毒品,38
2024,清水區,汽車竊盜,3
2024,潭子區,住宅竊盜,10
2024,潭子區,機車竊盜,4
2024,潭子區,毒品,59
2024,潭子區,汽車竊盜,1
2024,烏日區,住宅竊盜,4
2024,烏日區,機車竊盜,2
2024,烏日區,毒品,44
2024,烏日區,汽車竊盜,3
2024,石岡區,住宅竊盜,1
2024,石岡區,機車竊盜,3
2024,石岡區,毒品,4
2024,石岡區,汽車竊盜,5
2024,神岡區,機車竊盜,3
2024,神岡區,毒品,20
2024,西區,住宅竊盜,8
2024,西區,機車竊盜,7
2024,西區,毒品,58
2024,西區,汽車竊盜,2
2024,西屯區,住宅竊盜,8
2024,西屯區,強盜,1
2024,西屯區,搶奪,1
2024,西屯區,機車竊盜,26
2024,西屯區,毒品,292
2024,西屯區,汽車竊盜,1
2024,西屯區,組織犯罪防制條例,1
2024,豐原區,機車竊盜,9
2024,豐原區,毒品,69
2024,豐原區,汽車竊盜,5
2024,霧峰區,住宅竊盜,3
2024,霧峰區,機車竊盜,6
2024,霧峰區,毒品,25
2024,霧峰區,汽車竊盜,1
2024,龍井區,住宅竊盜,12
2024,龍井區,搶奪,1
2024,龍井區,機車竊盜,4
2024,龍井區,毒品,50
2024,龍井區,汽車竊盜,1
2025,中區,住宅竊盜,12
2025,中區,強制性交,1
2025,中區,搶奪,2
2025,中區,機車竊盜,25
2025,中區,毒品,106
2025,中區,汽車竊盜,1
2025,北區,住宅竊盜,13
2025,北區,強盜,1
2025,北區,機車竊盜,41
2025,北區,毒品,301
2025,北區,汽車竊盜,1
2025,北屯區,住宅竊盜,83
2025,北屯區,強盜,1
2025,北屯區,搶奪,1
2025,北屯區,機車竊盜,30
2025,北屯區,毒品,252
2025,北屯區,汽車竊盜,1
2025,南區,住宅竊盜,33
2025,南區,機車竊盜,35
2025,南區,毒品,57
2025,南區,汽車竊盜,6
2025,南屯區,住宅竊盜,11
2025,南屯區,強制性交,1
2025,南屯區,搶奪,1
2025,南屯區,機車竊盜,9
2025,南屯區,毒品,106
2025,南屯區,汽車竊盜,4
2025,后里區,住宅竊盜,31
2025,后里區,強制性交,2
2025,后里區,強盜,1
2025,后里區,機車竊盜,16
2025,后里區,毒品,34
2025,后里區,汽車竊盜,6
2025,后里區,組織犯罪防制條例,1
2025,和平區,住宅竊盜,5
2025,和平區,機車竊盜,3
2025,和平區,毒品,10
2025,外埔區,住宅竊盜,8
2025,外埔區,機車竊盜,9
2025,外埔區,毒品,17
2025,外埔區,汽車竊盜,1
2025,大安區,住宅竊盜,14
2025,大安區,機車竊盜,1
2025,大安區,毒品,7
2025,大甲區,住宅竊盜,33
2025,大甲區,機車竊盜,12
2025,大甲區,毒品,51
2025,大甲區,汽車竊盜,4
2025,大肚區,住宅竊盜,15
2025,大肚區,機車竊盜,3
2025,大肚區,毒品,34
2025,大肚區,汽車竊盜,3
2025,大里區,住宅竊盜,57
2025,大里區,強盜,3
2025,大里區,搶奪,1
2025,大里區,機車竊盜,21
2025,大里區,毒品,121
2025,大里區,汽車竊盜,7
2025,大雅區,住宅竊盜,21
2025,大雅區,機車竊盜,14
2025,大雅區,毒品,68
2025,大雅區,汽車竊盜,3
2025,太平區,住宅竊盜,20
2025,太平區,強制性交,1
2025,太平區,機車竊盜,14
2025,太平區,毒品,176
2025,太平區,汽車竊盜,2
2025,太平區,組織犯罪防制條例,1
2025,新社區,住宅竊盜,2
2025,新社區,機車竊盜,4
2025,新社區,毒品,5
2025,東勢區,住宅竊盜,9
2025,東勢區,機車竊盜,10
2025,東勢區,毒品,63
2025,東勢區,汽車竊盜,5
2025,東區,住宅竊盜,48
2025,東區,機車竊盜,44
2025,東區,毒品,92
2025,東區,汽車竊盜,5
2025,梧棲區,住宅竊盜,30
2025,梧棲區,強盜,1
2025,梧棲區,機車竊盜,11
2025,梧棲區,毒品,36
2025,梧棲區,汽車竊盜,3
2025,沙鹿區,住宅竊盜,60
2025,沙鹿區,強盜,1
2025,沙鹿區,機車竊盜,19
2025,沙鹿區,毒品,75
2025,沙鹿區,汽車竊盜,2
2025,清水區,住宅竊盜,37
2025,清水區,強盜,1
2025,清水區,機車竊盜,7
2025,清水區,毒品,47
2025,清水區,汽車竊盜,2
2025,潭子區,住宅竊盜,17
2025,潭子區,機車竊盜,8
2025,潭子區,毒品,87
2025,潭子區,汽車竊盜,2
2025,烏日區,住宅竊盜,25
2025,烏日區,搶奪,1
2025,烏日區,機車竊盜,12
2025,烏日區,毒品,55
2025,烏日區,汽車竊盜,4
2025,石岡區,住宅竊盜,1
2025,石岡區,機車竊盜,1
2025,石岡區,毒品,7
2025,石岡區,汽車竊盜,2
2025,神岡區,住宅竊盜,8
2025,神岡區,強制性交,1
2025,神岡區,機車竊盜,4
2025,神岡區,毒品,36
2025,神岡區,汽車竊盜,2
2025,西區,住宅竊盜,22
2025,西區,搶奪,2
2025,西區,機車竊盜,15
2025,西區,毒品,87
2025,西區,汽車竊盜,2
2025,西屯區,住宅竊盜,11
2025,西屯區,強盜,1
2025,西屯區,搶奪,1
2025,西屯區,機車竊盜,38
2025,西屯區,毒品,391
2025,西屯區,汽車竊盜,6
2025,豐原區,住宅竊盜,25
2025,豐原區,搶奪,1
2025,豐原區,機車竊盜,28
2025,豐原區,毒品,59
2025,豐原區,汽車竊盜,5
2025,霧峰區,住宅竊盜,15
2025,霧峰區,機車竊盜,16
2025,霧峰區,毒品,32
2025,龍井區,住宅竊盜,37
2025,龍井區,機車竊盜,7
2025,龍井區,毒品,84
2025,龍井區,汽車竊盜,3
