year,district,住宅竊盜,強制性交,強盜,搶奪,機車竊盜,毒品,汽車竊盜,組織犯罪防制條例
2016,中區,1,0,0,3,33,124,5,
2016,北區,25,0,4,1,44,368,8,
2016,北屯區,14,1,2,0,67,286,21,
2016,南區,15,2,1,0,27,55,5,
2016,南屯區,4,0,1,1,17,94,14,
2016,后里區,1,0,2,0,4,54,6,
2016,和平區,0,0,0,0,1,4,1,
2016,外埔區,0,0,0,0,0,34,3,
2016,大安區,0,0,0,1,1,35,0,
2016,大甲區,0,1,0,0,7,108,10,
2016,大肚區,0,2,0,1,9,46,3,
2016,大里區,2,2,0,5,43,216,8,
2016,大雅區,5,0,0,0,19,88,9,
2016,太平區,6,0,2,2,32,169,14,
2016,新社區,3,0,0,0,7,11,2,
2016,東勢區,1,1,0,0,9,43,4,
2016,東區,13,6,0,0,22,114,17,
2016,梧棲區,1,2,0,0,10,59,6,
2016,沙鹿區,2,3,2,2,25,120,12,
2016,清水區,0,0,0,1,10,98,8,
2016,潭子區,9,0,0,0,16,147,9,
2016,烏日區,4,0,0,1,15,78,4,
2016,石岡區,0,0,0,1,2,4,1,
2016,神岡區,3,0,0,0,2,42,4,
2016,西區,5,1,3,2,40,89,7,
2016,西屯區,16,2,2,1,58,287,26,
2016,豐原區,9,0,1,0,33,187,17,
2016,霧峰區,1,1,1,1,12,48,11,
2016,龍井區,4,0,1,1,10,76,3,
2017,中區,2,0,0,1,29,110,5,
2017,北區,20,0,1,2,39,493,8,
2017,北屯區,16,1,1,0,36,347,20,
2017,南區,5,0,0,0,25,74,9,
2017,南屯區,8,2,1,0,13,97,6,
2017,后里區,0,1,0,1,8,64,2,
2017,和平區,0,0,0,0,1,8,0,
2017,外埔區,0,0,0,0,1,44,0,
2017,大安區,0,1,0,0,0,40,0,
2017,大甲區,3,0,0,0,10,103,3,
2017,大肚區,2,0,0,0,7,36,6,
2017,大里區,3,2,0,1,24,234,11,
2017,大雅區,8,0,1,0,11,95,10,
2017,太平區,2,0,0,0,31,191,5,
2017,新社區,0,0,0,1,1,14,2,
2017,東勢區,3,1,1,0,8,44,2,
2017,東區,8,4,0,3,34,118,9,
2017,梧棲區,0,0,1,1,6,60,6,
2017,沙鹿區,0,2,3,0,16,121,8,
2017,清水區,1,1,2,0,16,89,8,
2017,潭子區,4,3,0,0,13,122,5,
2017,烏日區,2,3,0,1,6,122,5,
2017,石岡區,0,0,1,0,2,11,1,
2017,神岡區,9,0,0,0,3,45,3,
2017,西區,5,1,0,3,13,115,4,
2017,西屯區,17,6,1,3,41,282,10,
2017,豐原區,7,2,1,2,21,210,16,
2017,霧峰區,2,0,0,0,10,92,3,
2017,龍井區,4,3,0,0,2,59,6,
2018,中區,0,0,1,1,12,171,2,
2018,北區,15,0,1,4,24,468,5,
2018,北屯區,16,2,1,3,27,343,14,
2018,南區,3,2,0,4,21,68,1,
2018,南屯區,7,3,1,0,4,113,5,
2018,后里區,0,0,0,0,7,53,2,
2018,和平區,0,0,0,0,1,3,0,
2018,外埔區,0,0,0,0,2,28,2,
2018,大安區,0,0,0,0,0,18,0,
2018,大甲區,2,1,0,0,8,75,4,
2018,大肚區,1,1,0,0,5,44,1,
2018,大里區,0,1,1,1,20,151,7,
2018,大雅區,6,0,1,0,11,78,3,
2018,太平區,0,1,2,0,18,158,12,
2018,新社區,0,0,0,0,5,8,0,
2018,東勢區,2,0,0,0,3,40,2,
2018,東區,3,2,1,0,16,109,6,
2018,梧棲區,2,0,1,0,6,65,5,
2018,沙鹿區,1,0,1,0,6,106,7,
2018,清水區,2,1,2,0,7,62,6,
2018,潭子區,4,0,0,0,7,76,8,
2018,烏日區,0,0,1,0,8,73,2,
2018,石岡區,1,0,0,0,1,9,0,
2018,神岡區,7,0,1,2,11,48,4,
2018,西區,3,0,1,1,15,107,2,
2018,西屯區,12,1,6,1,25,392,4,
2018,豐原區,11,1,2,0,22,159,22,
2018,霧峰區,0,0,0,0,7,56,4,
2018,龍井區,6,2,0,0,4,55,4,1
2019,中區,2,0,0,3,11,124,0,0
2019,北區,12,0,1,2,19,263,5,0
2019,北屯區,7,0,3,1,17,517,8,0
2019,南區,5,0,0,1,16,96,6,0
2019,南屯區,1,0,1,0,9,113,5,0
2019,后里區,2,0,0,0,4,50,1,0
2019,和平區,0,0,0,0,1,0,0,0
2019,外埔區,0,0,0,0,2,17,0,0
2019,大安區,0,0,0,0,1,8,0,0
2019,大甲區,0,0,1,0,8,49,4,0
2019,大肚區,1,0,0,0,1,32,3,0
2019,大里區,2,0,1,0,12,120,4,0
2019,大雅區,7,0,0,0,14,59,5,0
2019,太平區,3,0,1,0,14,144,5,0
2019,新社區,0,0,0,0,1,8,1,0
2019,東勢區,0,0,0,1,5,33,4,0
2019,東區,2,0,0,1,10,103,3,0
2019,梧棲區,0,0,1,0,6,40,2,0
2019,沙鹿區,1,0,1,0,12,69,6,1
2019,清水區,0,0,0,0,4,47,2,0
2019,潭子區,5,0,1,1,6,68,2,0
2019,烏日區,2,0,1,0,3,41,8,0
2019,石岡區,0,0,0,0,1,5,0,0
2019,神岡區,3,0,1,1,1,35,2,0
2019,西區,0,0,1,0,15,101,4,0
2019,西屯區,11,0,1,1,34,389,8,0
2019,豐原區,10,0,2,3,17,118,10,0
2019,霧峰區,0,0,0,1,9,32,2,0
2019,龍井區,2,0,0,0,4,41,2,0
2020,中區,0,0,1,0,8,120,1,0
2020,北區,4,0,1,2,16,345,1,0
2020,北屯區,5,0,2,0,22,352,11,0
2020,南區,6,0,0,1,11,48,2,0
2020,南屯區,3,0,1,0,3,108,2,0
2020,后里區,0,0,0,0,5,47,4,0
2020,和平區,0,1,0,0,0,3,0,0
2020,外埔區,1,0,0,0,1,11,0,0
2020,大安區,0,0,0,0,2,6,1,0
2020,大甲區,0,0,0,1,4,44,3,0
2020,大肚區,4,1,0,0,0,17,4,0
2020,大里區,1,1,1,0,13,165,5,0
2020,大雅區,5,0,2,0,3,66,2,0
2020,太平區,4,0,1,0,22,146,1,0
2020,新社區,0,0,0,0,1,6,1,0
2020,東勢區,2,0,0,0,2,17,1,0
2020,東區,2,0,0,0,18,89,3,0
2020,梧棲區,1,1,0,0,2,34,8,0
2020,沙鹿區,0,0,1,1,4,61,10,0
2020,清水區,0,0,0,0,5,48,6,0
2020,潭子區,9,0,1,2,6,76,2,0
2020,烏日區,1,0,0,0,3,69,2,0
2020,石岡區,0,0,0,0,0,4,2,0
2020,神岡區,3,0,0,0,1,27,1,0
2020,西區,0,0,0,1,8,99,1,0
2020,西屯區,9,0,1,0,16,395,7,0
2020,豐原區,6,2,1,0,11,82,4,0
2020,霧峰區,0,0,0,0,6,29,1,0
2020,龍井區,4,0,1,0,1,35,5,0
2021,中區,1,0,0,1,8,89,0,0
2021,北區,4,0,1,2,21,229,1,0
2021,北屯區,7,2,2,0,26,245,5,0
2021,南區,2,0,0,0,14,61,0,0
2021,南屯區,1,0,1,0,4,103,3,0
2021,后里區,0,0,0,0,3,22,1,0
2021,和平區,0,0,0,0,0,6,0,0
2021,外埔區,0,0,0,0,1,25,1,0
2021,大安區,2,0,0,0,0,8,0,0
2021,大甲區,1,0,1,1,4,67,1,0
2021,大肚區,1,1,0,1,1,15,0,0
2021,大里區,1,0,1,0,12,144,3,0
2021,大雅區,0,0,0,0,3,51,2,0
2021,太平區,3,0,2,0,16,128,3,0
2021,新社區,1,0,0,0,2,4,1,0
2021,東勢區,1,0,0,0,4,12,3,0
2021,東區,4,0,0,0,8,66,2,0
2021,梧棲區,3,0,1,0,1,26,1,0
2021,沙鹿區,6,0,2,0,13,57,2,0
2021,清水區,3,0,1,0,3,53,0,0
2021,潭子區,7,0,0,1,10,52,2,0
2021,烏日區,2,0,0,0,3,62,5,0
2021,石岡區,0,0,0,0,1,3,1,0
2021,神岡區,3,0,0,0,4,44,2,0
2021,西區,3,0,1,0,12,77,1,0
2021,西屯區,7,0,0,1,18,327,5,0
2021,豐原區,5,0,0,0,21,73,3,1
2021,霧峰區,1,0,1,0,5,54,0,0
2021,龍井區,1,0,0,0,1,32,1,0
2022,中區,2,0,0,1,13,55,2,0
2022,北區,3,0,0,1,23,241,1,0
2022,北屯區,4,0,2,0,16,175,1,0
2022,南區,0,0,0,0,8,44,0,0
2022,南屯區,3,0,0,0,3,76,3,0
2022,后里區,0,0,0,0,4,32,1,0
2022,和平區,0,0,0,0,2,3,0,0
2022,外埔區,0,0,0,0,0,19,1,0
2022,大安區,0,0,0,0,1,7,0,0
2022,大甲區,1,0,0,0,7,41,1,0
2022,大肚區,1,0,0,0,2,22,0,0
2022,大里區,0,0,1,1,10,153,2,0
2022,大雅區,1,0,0,0,9,25,1,0
2022,太平區,6,0,0,0,21,114,2,0
2022,新社區,0,0,0,0,4,4,1,0
2022,東勢區,0,0,0,0,3,9,0,0
2022,東區,1,0,0,0,13,67,1,0
2022,梧棲區,2,0,0,0,1,22,1,0
2022,沙鹿區,4,0,1,1,2,49,1,0
2022,清水區,1,0,0,0,2,54,0,0
2022,潭子區,2,0,0,0,4,43,1,0
2022,烏日區,3,0,0,1,3,29,3,0
2022,石岡區,0,0,0,0,1,1,1,0
2022,神岡區,1,0,1,0,1,40,1,0
2022,西區,3,0,0,0,17,69,5,0
2022,西屯區,7,0,0,1,23,295,5,0
2022,豐原區,3,1,1,0,14,80,2,0
2022,霧峰區,1,0,0,0,5,56,3,0
2022,龍井區,1,0,1,0,6,28,1,0
2023,中區,1,1,0,1,7,62,1,0
2023,北區,7,0,0,0,28,248,2,0
2023,北屯區,3,2,0,1,34,162,4,1
2023,南區,2,1,0,0,7,49,0,0
2023,南屯區,2,0,1,1,5,97,4,0
2023,后里區,0,0,0,0,4,37,6,0
2023,和平區,1,0,0,0,1,1,1,0
2023,外埔區,0,0,0,0,2,5,0,0
2023,大安區,0,0,0,0,1,12,0,0
2023,大甲區,0,0,0,0,4,51,3,0
2023,大肚區,2,0,0,0,3,23,0,0
2023,大里區,1,0,0,0,13,107,5,0
2023,大雅區,0,0,0,0,3,33,1,0
2023,太平區,3,0,0,0,18,118,5,0
2023,新社區,0,0,0,0,2,4,1,0
2023,東勢區,0,0,0,0,6,29,7,0
2023,東區,3,0,0,0,13,74,1,0
2023,梧棲區,2,0,0,0,5,26,2,0
2023,沙鹿區,1,0,0,0,10,41,4,0
2023,清水區,1,0,0,0,5,37,2,0
2023,潭子區,1,0,0,1,5,48,0,0
2023,烏日區,3,0,0,0,7,34,1,0
2023,石岡區,0,0,0,0,7,1,1,0
2023,神岡區,2,0,0,0,3,45,2,0
2023,西區,2,0,1,2,14,78,0,0
2023,西屯區,5,0,1,1,21,352,3,0
2023,豐原區,0,0,0,1,7,105,3,0
2023,霧峰區,0,0,0,1,3,40,1,0
2023,龍井區,5,1,0,0,5,33,4,0
2024,中區,9,0,0,0,14,78,3,0
2024,北區,14,0,1,0,17,261,2,0
2024,北屯區,13,1,0,0,20,172,8,0
2024,南區,0,0,0,0,10,49,2,0
2024,南屯區,2,0,2,0,7,70,6,0
2024,后里區,0,0,0,0,6,31,3,0
2024,和平區,5,0,0,0,0,11,0,0
2024,外埔區,0,0,0,0,4,12,1,0
2024,大安區,0,0,0,0,1,11,1,0
2024,大甲區,0,0,0,0,8,48,5,0
2024,大肚區,1,0,0,0,1,31,3,0
2024,大里區,3,0,1,0,9,80,0,0
2024,大雅區,9,0,0,0,10,29,2,0
2024,太平區,9,0,0,0,10,154,2,0
2024,新社區,2,0,0,0,4,2,0,0
2024,東勢區,5,0,0,0,6,45,5,0
2024,東區,0,0,0,0,13,49,3,0
2024,梧棲區,3,0,0,1,5,33,2,0
2024,沙鹿區,6,1,0,0,11,61,4,0
2024,清水區,2,0,0,1,12,38,3,0
2024,潭子區,10,0,0,0,4,59,1,0
2024,烏日區,4,0,0,0,2,44,3,0
2024,石岡區,1,0,0,0,3,4,5,0
2024,神岡區,0,0,0,0,3,20,0,0
2024,西區,8,0,0,0,7,58,2,0
2024,西屯區,8,0,1,1,26,292,1,1
2024,豐原區,0,0,0,0,9,69,5,0
2024,霧峰區,3,0,0,0,6,25,1,0
2024,龍井區,12,0,0,1,4,50,1,0
2025,中區,12,1,0,2,25,106,1,0
2025,北區,13,0,1,0,41,301,1,0
2025,北屯區,83,0,1,1,30,252,1,0
2025,南區,33,0,0,0,35,57,6,0
2025,南屯區,11,1,0,1,9,106,4,0
2025,后里區,31,2,1,0,16,34,6,1
2025,和平區,5,0,0,0,3,10,0,0
2025,外埔區,8,0,0,0,9,17,1,0
2025,大安區,14,0,0,0,1,7,0,0
2025,大甲區,33,0,0,0,12,51,4,0
2025,大肚區,15,0,0,0,3,34,3,0
2025,大里區,57,0,3,1,21,121,7,0
2025,大雅區,21,0,0,0,14,68,3,0
2025,太平區,20,1,0,0,14,176,2,1
2025,新社區,2,0,0,0,4,5,0,0
2025,東勢區,9,0,0,0,10,63,5,0
2025,東區,48,0,0,0,44,92,5,0
2025,梧棲區,30,0,1,0,11,36,3,0
2025,沙鹿區,60,0,1,0,19,75,2,0
2025,清水區,37,0,1,0,7,47,2,0
2025,潭子區,17,0,0,0,8,87,2,0
2025,烏日區,25,0,0,1,12,55,4,0
2025,石岡區,1,0,0,0,1,7,2,0
2025,神岡區,8,1,0,0,4,36,2,0
2025,西區,22,0,0,2,15,87,2,0
2025,西屯區,11,0,1,1,38,391,6,0
2025,豐原區,25,0,0,1,28,59,5,0
2025,霧峰區,15,0,0,0,16,32,0,0
2025,龍井區,37,0,0,0,7,84,3,0
