year,district,population,population_basis,area,population_density,source_dataset_id,source_file
2016,中區,18708,year_end_registered_population,0.8803,21252,8410,population_density_105.csv
2016,北區,147585,year_end_registered_population,6.9376,21273,8410,population_density_105.csv
2016,北屯區,270547,year_end_registered_population,62.7034,4315,8410,population_density_105.csv
2016,南區,123502,year_end_registered_population,6.8101,18135,8410,population_density_105.csv
2016,南屯區,166685,year_end_registered_population,31.2578,5333,8410,population_density_105.csv
2016,后里區,54332,year_end_registered_population,58.9439,922,8410,population_density_105.csv
2016,和平區,10795,year_end_registered_population,1037.8192,10,8410,population_density_105.csv
2016,外埔區,32034,year_end_registered_population,42.4099,755,8410,population_density_105.csv
2016,大安區,19409,year_end_registered_population,27.4045,708,8410,population_density_105.csv
2016,大甲區,77656,year_end_registered_population,58.5192,1327,8410,population_density_105.csv
2016,大肚區,57207,year_end_registered_population,37.0024,1546,8410,population_density_105.csv
2016,大里區,210285,year_end_registered_population,28.8758,7282,8410,population_density_105.csv
2016,大雅區,94488,year_end_registered_population,32.4109,2915,8410,population_density_105.csv
2016,太平區,186271,year_end_registered_population,120.7473,1543,8410,population_density_105.csv
2016,新社區,24947,year_end_registered_population,68.8874,362,8410,population_density_105.csv
2016,東勢區,50952,year_end_registered_population,117.4065,434,8410,population_density_105.csv
2016,東區,75396,year_end_registered_population,9.2855,8120,8410,population_density_105.csv
2016,梧棲區,57645,year_end_registered_population,16.6049,3472,8410,population_density_105.csv
2016,沙鹿區,91338,year_end_registered_population,40.4604,2257,8410,population_density_105.csv
2016,清水區,86350,year_end_registered_population,64.1709,1346,8410,population_density_105.csv
2016,潭子區,107530,year_end_registered_population,25.8497,4160,8410,population_density_105.csv
2016,烏日區,73647,year_end_registered_population,43.4032,1697,8410,population_density_105.csv
2016,石岡區,15174,year_end_registered_population,18.2105,833,8410,population_density_105.csv
2016,神岡區,65496,year_end_registered_population,35.0445,1869,8410,population_density_105.csv
2016,西區,115747,year_end_registered_population,5.7042,20292,8410,population_density_105.csv
2016,西屯區,224601,year_end_registered_population,39.8467,5637,8410,population_density_105.csv
2016,豐原區,166778,year_end_registered_population,41.1845,4050,8410,population_density_105.csv
2016,霧峰區,64898,year_end_registered_population,98.0779,662,8410,population_density_105.csv
2016,龍井區,77236,year_end_registered_population,38.0377,2031,8410,population_density_105.csv
2017,中區,18450,year_end_registered_population,0.8803,20959,8410,population_density_106.csv
2017,北區,147653,year_end_registered_population,6.9376,21283,8410,population_density_106.csv
2017,北屯區,274819,year_end_registered_population,62.7034,4383,8410,population_density_106.csv
2017,南區,125067,year_end_registered_population,6.8101,18365,8410,population_density_106.csv
2017,南屯區,168760,year_end_registered_population,31.2578,5399,8410,population_density_106.csv
2017,后里區,54482,year_end_registered_population,58.9439,924,8410,population_density_106.csv
2017,和平區,10949,year_end_registered_population,1037.8192,11,8410,population_density_106.csv
2017,外埔區,32185,year_end_registered_population,42.4099,759,8410,population_density_106.csv
2017,大安區,19303,year_end_registered_population,27.4045,704,8410,population_density_106.csv
2017,大甲區,77761,year_end_registered_population,58.5192,1329,8410,population_density_106.csv
2017,大肚區,57322,year_end_registered_population,37.0024,1549,8410,population_density_106.csv
2017,大里區,211492,year_end_registered_population,28.8758,7324,8410,population_density_106.csv
2017,大雅區,95203,year_end_registered_population,32.4109,2937,8410,population_density_106.csv
2017,太平區,189066,year_end_registered_population,120.7473,1566,8410,population_density_106.csv
2017,新社區,24754,year_end_registered_population,68.8874,359,8410,population_density_106.csv
2017,東勢區,50714,year_end_registered_population,117.4065,432,8410,population_density_106.csv
2017,東區,75811,year_end_registered_population,9.2855,8164,8410,population_density_106.csv
2017,梧棲區,57993,year_end_registered_population,16.6049,3493,8410,population_density_106.csv
2017,沙鹿區,92645,year_end_registered_population,40.4604,2290,8410,population_density_106.csv
2017,清水區,86420,year_end_registered_population,64.1709,1347,8410,population_density_106.csv
2017,潭子區,108288,year_end_registered_population,25.8497,4189,8410,population_density_106.csv
2017,烏日區,74554,year_end_registered_population,43.4032,1718,8410,population_density_106.csv
2017,石岡區,15066,year_end_registered_population,18.2105,827,8410,population_density_106.csv
2017,神岡區,65553,year_end_registered_population,35.0445,1871,8410,population_density_106.csv
2017,西區,115627,year_end_registered_population,5.7042,20271,8410,population_density_106.csv
2017,西屯區,227043,year_end_registered_population,39.8467,5698,8410,population_density_106.csv
2017,豐原區,166879,year_end_registered_population,41.1845,4052,8410,population_density_106.csv
2017,霧峰區,65393,year_end_registered_population,98.0779,667,8410,population_density_106.csv
2017,龍井區,77818,year_end_registered_population,38.0377,2046,8410,population_density_106.csv
2018,中區,18514,year_end_registered_population,0.8803,21031,8410,population_density_107.csv
2018,北區,147557,year_end_registered_population,6.9376,21269,8410,population_density_107.csv
2018,北屯區,279297,year_end_registered_population,62.7034,4454,8410,population_density_107.csv
2018,南區,125874,year_end_registered_population,6.8101,18483,8410,population_density_107.csv
2018,南屯區,170618,year_end_registered_population,31.2578,5458,8410,population_density_107.csv
2018,后里區,54775,year_end_registered_population,58.9439,929,8410,population_density_107.csv
2018,和平區,11015,year_end_registered_population,1037.8192,11,8410,population_density_107.csv
2018,外埔區,32230,year_end_registered_population,42.4099,760,8410,population_density_107.csv
2018,大安區,19267,year_end_registered_population,27.4045,703,8410,population_density_107.csv
2018,大甲區,77625,year_end_registered_population,58.5192,1326,8410,population_density_107.csv
2018,大肚區,57324,year_end_registered_population,37.0024,1549,8410,population_density_107.csv
2018,大里區,212104,year_end_registered_population,28.8758,7345,8410,population_density_107.csv
2018,大雅區,95815,year_end_registered_population,32.4109,2956,8410,population_density_107.csv
2018,太平區,191752,year_end_registered_population,120.7473,1588,8410,population_density_107.csv
2018,新社區,24576,year_end_registered_population,68.8874,357,8410,population_density_107.csv
2018,東勢區,50256,year_end_registered_population,117.4065,428,8410,population_density_107.csv
2018,東區,76175,year_end_registered_population,9.2855,8204,8410,population_density_107.csv
2018,梧棲區,58218,year_end_registered_population,16.6049,3506,8410,population_density_107.csv
2018,沙鹿區,94079,year_end_registered_population,40.4604,2325,8410,population_density_107.csv
2018,清水區,86862,year_end_registered_population,64.1709,1354,8410,population_density_107.csv
2018,潭子區,108952,year_end_registered_population,25.8497,4215,8410,population_density_107.csv
2018,烏日區,75372,year_end_registered_population,43.4032,1737,8410,population_density_107.csv
2018,石岡區,14956,year_end_registered_population,18.2105,821,8410,population_density_107.csv
2018,神岡區,65711,year_end_registered_population,35.0445,1875,8410,population_density_107.csv
2018,西區,115698,year_end_registered_population,5.7042,20283,8410,population_density_107.csv
2018,西屯區,228630,year_end_registered_population,39.8467,5738,8410,population_density_107.csv
2018,豐原區,167025,year_end_registered_population,41.1845,4056,8410,population_density_107.csv
2018,霧峰區,65619,year_end_registered_population,98.0779,669,8410,population_density_107.csv
2018,龍井區,77998,year_end_registered_population,38.0377,2051,8410,population_density_107.csv
2019,中區,18390,year_end_registered_population,0.8803,20891,8410,population_density_108.csv
2019,北區,147391,year_end_registered_population,6.9376,21245,8410,population_density_108.csv
2019,北屯區,283621,year_end_registered_population,62.7034,4523,8410,population_density_108.csv
2019,南區,126571,year_end_registered_population,6.8101,18586,8410,population_density_108.csv
2019,南屯區,173532,year_end_registered_population,31.2578,5552,8410,population_density_108.csv
2019,后里區,54666,year_end_registered_population,58.9439,927,8410,population_density_108.csv
2019,和平區,10902,year_end_registered_population,1037.8192,11,8410,population_density_108.csv
2019,外埔區,32224,year_end_registered_population,42.4099,760,8410,population_density_108.csv
2019,大安區,19111,year_end_registered_population,27.4045,697,8410,population_density_108.csv
2019,大甲區,76822,year_end_registered_population,58.5192,1313,8410,population_density_108.csv
2019,大肚區,57085,year_end_registered_population,37.0024,1543,8410,population_density_108.csv
2019,大里區,212711,year_end_registered_population,28.8758,7366,8410,population_density_108.csv
2019,大雅區,95772,year_end_registered_population,32.4109,2955,8410,population_density_108.csv
2019,太平區,193729,year_end_registered_population,120.7473,1604,8410,population_density_108.csv
2019,新社區,24289,year_end_registered_population,68.8874,353,8410,population_density_108.csv
2019,東勢區,49773,year_end_registered_population,117.4065,424,8410,population_density_108.csv
2019,東區,75943,year_end_registered_population,9.2855,8179,8410,population_density_108.csv
2019,梧棲區,58921,year_end_registered_population,16.6049,3548,8410,population_density_108.csv
2019,沙鹿區,94755,year_end_registered_population,40.4604,2342,8410,population_density_108.csv
2019,清水區,87587,year_end_registered_population,64.1709,1365,8410,population_density_108.csv
2019,潭子區,109324,year_end_registered_population,25.8497,4229,8410,population_density_108.csv
2019,烏日區,75610,year_end_registered_population,43.4032,1742,8410,population_density_108.csv
2019,石岡區,14758,year_end_registered_population,18.2105,810,8410,population_density_108.csv
2019,神岡區,65679,year_end_registered_population,35.0445,1874,8410,population_density_108.csv
2019,西區,115273,year_end_registered_population,5.7042,20208,8410,population_density_108.csv
2019,西屯區,230501,year_end_registered_population,39.8467,5785,8410,population_density_108.csv
2019,豐原區,166875,year_end_registered_population,41.1845,4052,8410,population_density_108.csv
2019,霧峰區,65419,year_end_registered_population,98.0779,667,8410,population_density_108.csv
2019,龍井區,78027,year_end_registered_population,38.0377,2051,8410,population_density_108.csv
2020,中區,18168,year_end_registered_population,0.8803,20638,8410,population_density_109.csv
2020,北區,146590,year_end_registered_population,6.9376,21130,8410,population_density_109.csv
2020,北屯區,287344,year_end_registered_population,62.7034,4583,8410,population_density_109.csv
2020,南區,126769,year_end_registered_population,6.8101,18615,8410,population_density_109.csv
2020,南屯區,176062,year_end_registered_population,31.2578,5633,8410,population_density_109.csv
2020,后里區,54343,year_end_registered_population,58.9439,922,8410,population_density_109.csv
2020,和平區,10809,year_end_registered_population,1037.8192,10,8410,population_density_109.csv
2020,外埔區,31940,year_end_registered_population,42.4099,753,8410,population_density_109.csv
2020,大安區,18864,year_end_registered_population,27.4045,688,8410,population_density_109.csv
2020,大甲區,76130,year_end_registered_population,58.5192,1301,8410,population_density_109.csv
2020,大肚區,56777,year_end_registered_population,37.0024,1534,8410,population_density_109.csv
2020,大里區,213117,year_end_registered_population,28.8758,7380,8410,population_density_109.csv
2020,大雅區,95693,year_end_registered_population,32.4109,2952,8410,population_density_109.csv
2020,太平區,194970,year_end_registered_population,120.7473,1615,8410,population_density_109.csv
2020,新社區,24064,year_end_registered_population,68.8874,349,8410,population_density_109.csv
2020,東勢區,49169,year_end_registered_population,117.4065,419,8410,population_density_109.csv
2020,東區,75913,year_end_registered_population,9.2855,8175,8410,population_density_109.csv
2020,梧棲區,59273,year_end_registered_population,16.6049,3570,8410,population_density_109.csv
2020,沙鹿區,95226,year_end_registered_population,40.4604,2354,8410,population_density_109.csv
2020,清水區,88009,year_end_registered_population,64.1709,1371,8410,population_density_109.csv
2020,潭子區,109309,year_end_registered_population,25.8497,4229,8410,population_density_109.csv
2020,烏日區,76494,year_end_registered_population,43.4032,1762,8410,population_density_109.csv
2020,石岡區,14670,year_end_registered_population,18.2105,806,8410,population_density_109.csv
2020,神岡區,65529,year_end_registered_population,35.0445,1870,8410,population_density_109.csv
2020,西區,114583,year_end_registered_population,5.7042,20087,8410,population_density_109.csv
2020,西屯區,231730,year_end_registered_population,39.8467,5816,8410,population_density_109.csv
2020,豐原區,166053,year_end_registered_population,41.1845,4032,8410,population_density_109.csv
2020,霧峰區,65094,year_end_registered_population,98.0779,664,8410,population_density_109.csv
2020,龍井區,78095,year_end_registered_population,38.0377,2053,8410,population_density_109.csv
2021,中區,17689,year_end_registered_population,0.8803,20094,8410,population_density_110.csv
2021,北區,143917,year_end_registered_population,6.9376,20744,8410,population_density_110.csv
2021,北屯區,290653,year_end_registered_population,62.7034,4635,8410,population_density_110.csv
2021,南區,126008,year_end_registered_population,6.8101,18503,8410,population_density_110.csv
2021,南屯區,176782,year_end_registered_population,31.2578,5656,8410,population_density_110.csv
2021,后里區,53961,year_end_registered_population,58.9439,915,8410,population_density_110.csv
2021,和平區,10870,year_end_registered_population,1037.8192,10,8410,population_density_110.csv
2021,外埔區,31564,year_end_registered_population,42.4099,744,8410,population_density_110.csv
2021,大安區,18485,year_end_registered_population,27.4045,675,8410,population_density_110.csv
2021,大甲區,75516,year_end_registered_population,58.5192,1290,8410,population_density_110.csv
2021,大肚區,56458,year_end_registered_population,37.0024,1526,8410,population_density_110.csv
2021,大里區,212253,year_end_registered_population,28.8758,7351,8410,population_density_110.csv
2021,大雅區,95521,year_end_registered_population,32.4109,2947,8410,population_density_110.csv
2021,太平區,195613,year_end_registered_population,120.7473,1620,8410,population_density_110.csv
2021,新社區,23650,year_end_registered_population,68.8874,343,8410,population_density_110.csv
2021,東勢區,48333,year_end_registered_population,117.4065,412,8410,population_density_110.csv
2021,東區,75588,year_end_registered_population,9.2855,8140,8410,population_density_110.csv
2021,梧棲區,59517,year_end_registered_population,16.6049,3584,8410,population_density_110.csv
2021,沙鹿區,96039,year_end_registered_population,40.4604,2374,8410,population_density_110.csv
2021,清水區,88366,year_end_registered_population,64.1709,1377,8410,population_density_110.csv
2021,潭子區,109270,year_end_registered_population,25.8497,4227,8410,population_density_110.csv
2021,烏日區,77245,year_end_registered_population,43.4032,1780,8410,population_density_110.csv
2021,石岡區,14419,year_end_registered_population,18.2105,792,8410,population_density_110.csv
2021,神岡區,64841,year_end_registered_population,35.0445,1850,8410,population_density_110.csv
2021,西區,112740,year_end_registered_population,5.7042,19764,8410,population_density_110.csv
2021,西屯區,230888,year_end_registered_population,39.8467,5794,8410,population_density_110.csv
2021,豐原區,164726,year_end_registered_population,41.1845,4000,8410,population_density_110.csv
2021,霧峰區,64602,year_end_registered_population,98.0779,659,8410,population_density_110.csv
2021,龍井區,77976,year_end_registered_population,38.0377,2050,8410,population_density_110.csv
2022,中區,17635,year_end_registered_population,0.8803,20033,8410,population_density_111.csv
2022,北區,142778,year_end_registered_population,6.9376,20580,8410,population_density_111.csv
2022,北屯區,295677,year_end_registered_population,62.7034,4715,8410,population_density_111.csv
2022,南區,125466,year_end_registered_population,6.8101,18424,8410,population_density_111.csv
2022,南屯區,177930,year_end_registered_population,31.2578,5692,8410,population_density_111.csv
2022,后里區,53667,year_end_registered_population,58.9439,910,8410,population_density_111.csv
2022,和平區,10919,year_end_registered_population,1037.8192,11,8410,population_density_111.csv
2022,外埔區,31264,year_end_registered_population,42.4099,737,8410,population_density_111.csv
2022,大安區,18230,year_end_registered_population,27.4045,665,8410,population_density_111.csv
2022,大甲區,74737,year_end_registered_population,58.5192,1277,8410,population_density_111.csv
2022,大肚區,56129,year_end_registered_population,37.0024,1517,8410,population_density_111.csv
2022,大里區,211469,year_end_registered_population,28.8758,7323,8410,population_density_111.csv
2022,大雅區,95275,year_end_registered_population,32.4109,2940,8410,population_density_111.csv
2022,太平區,196011,year_end_registered_population,120.7473,1623,8410,population_density_111.csv
2022,新社區,23283,year_end_registered_population,68.8874,338,8410,population_density_111.csv
2022,東勢區,47817,year_end_registered_population,117.4065,407,8410,population_density_111.csv
2022,東區,75554,year_end_registered_population,9.2855,8137,8410,population_density_111.csv
2022,梧棲區,59848,year_end_registered_population,16.6049,3604,8410,population_density_111.csv
2022,沙鹿區,97002,year_end_registered_population,40.4604,2397,8410,population_density_111.csv
2022,清水區,88947,year_end_registered_population,64.1709,1386,8410,population_density_111.csv
2022,潭子區,108639,year_end_registered_population,25.8497,4203,8410,population_density_111.csv
2022,烏日區,78122,year_end_registered_population,43.4032,1800,8410,population_density_111.csv
2022,石岡區,14154,year_end_registered_population,18.2105,777,8410,population_density_111.csv
2022,神岡區,64308,year_end_registered_population,35.0445,1835,8410,population_density_111.csv
2022,西區,112278,year_end_registered_population,5.7042,19683,8410,population_density_111.csv
2022,西屯區,231866,year_end_registered_population,39.8467,5819,8410,population_density_111.csv
2022,豐原區,163476,year_end_registered_population,41.1845,3969,8410,population_density_111.csv
2022,霧峰區,64091,year_end_registered_population,98.0779,653,8410,population_density_111.csv
2022,龍井區,77887,year_end_registered_population,38.0377,2048,8410,population_density_111.csv
2023,中區,17784,year_end_registered_population,0.8803,20202,8410,population_density_112.csv
2023,北區,144097,year_end_registered_population,6.9376,20770,8410,population_density_112.csv
2023,北屯區,304179,year_end_registered_population,62.7034,4851,8410,population_density_112.csv
2023,南區,126907,year_end_registered_population,6.8101,18635,8410,population_density_112.csv
2023,南屯區,182232,year_end_registered_population,31.2578,5830,8410,population_density_112.csv
2023,后里區,53653,year_end_registered_population,58.9439,910,8410,population_density_112.csv
2023,和平區,10794,year_end_registered_population,1037.8192,10,8410,population_density_112.csv
2023,外埔區,31163,year_end_registered_population,42.4099,735,8410,population_density_112.csv
2023,大安區,18073,year_end_registered_population,27.4045,659,8410,population_density_112.csv
2023,大甲區,74684,year_end_registered_population,58.5192,1276,8410,population_density_112.csv
2023,大肚區,55955,year_end_registered_population,37.0024,1512,8410,population_density_112.csv
2023,大里區,212511,year_end_registered_population,28.8758,7359,8410,population_density_112.csv
2023,大雅區,95708,year_end_registered_population,32.4109,2953,8410,population_density_112.csv
2023,太平區,198212,year_end_registered_population,120.7473,1642,8410,population_density_112.csv
2023,新社區,23089,year_end_registered_population,68.8874,335,8410,population_density_112.csv
2023,東勢區,47468,year_end_registered_population,117.4065,404,8410,population_density_112.csv
2023,東區,76852,year_end_registered_population,9.2855,8277,8410,population_density_112.csv
2023,梧棲區,61019,year_end_registered_population,16.6049,3675,8410,population_density_112.csv
2023,沙鹿區,98805,year_end_registered_population,40.4604,2442,8410,population_density_112.csv
2023,清水區,89924,year_end_registered_population,64.1709,1401,8410,population_density_112.csv
2023,潭子區,108979,year_end_registered_population,25.8497,4216,8410,population_density_112.csv
2023,烏日區,80194,year_end_registered_population,43.4032,1848,8410,population_density_112.csv
2023,石岡區,14093,year_end_registered_population,18.2105,774,8410,population_density_112.csv
2023,神岡區,64362,year_end_registered_population,35.0445,1837,8410,population_density_112.csv
2023,西區,113548,year_end_registered_population,5.7042,19906,8410,population_density_112.csv
2023,西屯區,235441,year_end_registered_population,39.8467,5909,8410,population_density_112.csv
2023,豐原區,163948,year_end_registered_population,41.1845,3981,8410,population_density_112.csv
2023,霧峰區,63822,year_end_registered_population,98.0779,651,8410,population_density_112.csv
2023,龍井區,78413,year_end_registered_population,38.0377,2061,8410,population_density_112.csv
2024,中區,17904,year_end_registered_population,0.8803,20339,8410,population_density_113.csv
2024,北區,143568,year_end_registered_population,6.9376,20694,8410,population_density_113.csv
2024,北屯區,310965,year_end_registered_population,62.7034,4959,8410,population_density_113.csv
2024,南區,127188,year_end_registered_population,6.8101,18676,8410,population_density_113.csv
2024,南屯區,185192,year_end_registered_population,31.2578,5925,8410,population_density_113.csv
2024,后里區,53309,year_end_registered_population,58.9439,904,8410,population_density_113.csv
2024,和平區,10656,year_end_registered_population,1037.8192,10,8410,population_density_113.csv
2024,外埔區,30902,year_end_registered_population,42.4099,729,8410,population_density_113.csv
2024,大安區,17793,year_end_registered_population,27.4045,649,8410,population_density_113.csv
2024,大甲區,74206,year_end_registered_population,58.5192,1268,8410,population_density_113.csv
2024,大肚區,55708,year_end_registered_population,37.0024,1506,8410,population_density_113.csv
2024,大里區,212166,year_end_registered_population,28.8758,7348,8410,population_density_113.csv
2024,大雅區,95229,year_end_registered_population,32.4109,2938,8410,population_density_113.csv
2024,太平區,200007,year_end_registered_population,120.7473,1656,8410,population_density_113.csv
2024,新社區,22849,year_end_registered_population,68.8874,332,8410,population_density_113.csv
2024,東勢區,47088,year_end_registered_population,117.4065,401,8410,population_density_113.csv
2024,東區,77688,year_end_registered_population,9.2855,8367,8410,population_density_113.csv
2024,梧棲區,62701,year_end_registered_population,16.6049,3776,8410,population_density_113.csv
2024,沙鹿區,100152,year_end_registered_population,40.4604,2475,8410,population_density_113.csv
2024,清水區,90501,year_end_registered_population,64.1709,1410,8410,population_density_113.csv
2024,潭子區,109415,year_end_registered_population,25.8497,4233,8410,population_density_113.csv
2024,烏日區,81284,year_end_registered_population,43.4032,1873,8410,population_density_113.csv
2024,石岡區,13877,year_end_registered_population,18.2105,762,8410,population_density_113.csv
2024,神岡區,64007,year_end_registered_population,35.0445,1826,8410,population_density_113.csv
2024,西區,113890,year_end_registered_population,5.7042,19966,8410,population_density_113.csv
2024,西屯區,236821,year_end_registered_population,39.8467,5943,8410,population_density_113.csv
2024,豐原區,163163,year_end_registered_population,41.1845,3962,8410,population_density_113.csv
2024,霧峰區,63342,year_end_registered_population,98.0779,646,8410,population_density_113.csv
2024,龍井區,79030,year_end_registered_population,38.0377,2078,8410,population_density_113.csv
2025,中區,18029,year_end_registered_population,0.8803,20480.51801,8410,population_density_114.csv
2025,北區,143537,year_end_registered_population,6.9376,20689.71979,8410,population_density_114.csv
2025,北屯區,317182,year_end_registered_population,62.7034,5058.449781,8410,population_density_114.csv
2025,南區,128309,year_end_registered_population,6.8101,18840.98618,8410,population_density_114.csv
2025,南屯區,186105,year_end_registered_population,31.2578,5953.873913,8410,population_density_114.csv
2025,后里區,52754,year_end_registered_population,58.9439,894.9865889,8410,population_density_114.csv
2025,和平區,10469,year_end_registered_population,1037.8192,10.08749886,8410,population_density_114.csv
2025,外埔區,30823,year_end_registered_population,42.4099,726.7878491,8410,population_density_114.csv
2025,大安區,17487,year_end_registered_population,27.4045,638.1068803,8410,population_density_114.csv
2025,大甲區,73108,year_end_registered_population,58.5192,1249.299375,8410,population_density_114.csv
2025,大肚區,55255,year_end_registered_population,37.0024,1493.281517,8410,population_density_114.csv
2025,大里區,211094,year_end_registered_population,28.8758,7310.412179,8410,population_density_114.csv
2025,大雅區,94741,year_end_registered_population,32.4109,2923.121542,8410,population_density_114.csv
2025,太平區,201536,year_end_registered_population,120.7473,1669.072518,8410,population_density_114.csv
2025,新社區,22579,year_end_registered_population,68.8874,327.7667614,8410,population_density_114.csv
2025,東勢區,46488,year_end_registered_population,117.4065,395.9576344,8410,population_density_114.csv
2025,東區,77745,year_end_registered_population,9.2855,8372.731678,8410,population_density_114.csv
2025,梧棲區,65685,year_end_registered_population,16.6049,3955.760047,8410,population_density_114.csv
2025,沙鹿區,101419,year_end_registered_population,40.4604,2506.623761,8410,population_density_114.csv
2025,清水區,90640,year_end_registered_population,64.1709,1412.478242,8410,population_density_114.csv
2025,潭子區,109314,year_end_registered_population,25.8497,4228.830509,8410,population_density_114.csv
2025,烏日區,82248,year_end_registered_population,43.4032,1894.975486,8410,population_density_114.csv
2025,石岡區,13668,year_end_registered_population,18.2105,750.5559979,8410,population_density_114.csv
2025,神岡區,63271,year_end_registered_population,35.0445,1805.44736,8410,population_density_114.csv
2025,西區,113288,year_end_registered_population,5.7042,19860.4537,8410,population_density_114.csv
2025,西屯區,238052,year_end_registered_population,39.8467,5974.196107,8410,population_density_114.csv
2025,豐原區,161771,year_end_registered_population,41.1845,3927.958334,8410,population_density_114.csv
2025,霧峰區,62627,year_end_registered_population,98.0779,638.5434435,8410,population_density_114.csv
2025,龍井區,79241,year_end_registered_population,38.0377,2083.222697,8410,population_density_114.csv
