district,crime_type,total_incidents_2016_2025,average_annual_incidents,population_2016,population_2025,rate_2016,rate_2025,absolute_change_incidents,percent_change_incidents,absolute_change_rate,percent_change_rate
中區,住宅竊盜,30,3,18708,18029,5.3453068206,66.5594320262,11,1100,61.2141252056,1145.1938543458
中區,強制性交,2,0.2,18708,18029,0,5.5466193355,1,,5.5466193355,
中區,強盜,2,0.2,18708,18029,0,0,0,,0,
中區,搶奪,13,1.3,18708,18029,16.0359204618,11.093238671,-1,-33.3333333333,-4.9426817908,-30.8225636475
中區,機車竊盜,160,16,18708,18029,176.3951250802,138.6654833879,-8,-24.2424242424,-37.7296416923,-21.3892768721
中區,毒品,1039,103.9,18708,18029,662.8180457558,587.9416495646,-18,-14.5161290323,-74.8763961912,-11.2966743544
中區,汽車竊盜,20,2,18708,18029,26.7265341031,5.5466193355,-4,-80,-21.1799147675,-79.2467690942
中區,組織犯罪防制條例,0,0,18708,18029,,0,,,,
北區,住宅竊盜,117,11.7,147585,143537,16.9393908595,9.0568982214,-12,-48,-7.8824926381,-46.53350704
北區,強制性交,0,0,147585,143537,0,0,0,,0,
北區,強盜,11,1.1,147585,143537,2.7103025375,0.6966844786,-3,-75,-2.013618059,-74.2949553077
北區,搶奪,14,1.4,147585,143537,0.6775756344,0,-1,-100,-0.6775756344,-100
北區,機車竊盜,272,27.2,147585,143537,29.8133279127,28.5640636212,-3,-6.8181818182,-1.2492642915,-4.190287965
北區,毒品,3217,321.7,147585,143537,249.3478334519,209.7020280485,-67,-18.2065217391,-39.6458054034,-15.8997994306
北區,汽車竊盜,34,3.4,147585,143537,5.420605075,0.6966844786,-7,-87.5,-4.7239205965,-87.1474776538
北區,組織犯罪防制條例,0,0,147585,143537,,0,,,,
北屯區,住宅竊盜,168,16.8,270547,317182,5.174701623,26.1679414343,69,492.8571428571,20.9932398112,405.689860801
北屯區,強制性交,9,0.9,270547,317182,0.3696215445,0,-1,-100,-0.3696215445,-100
北屯區,強盜,14,1.4,270547,317182,0.739243089,0.3152764028,-1,-50,-0.4239666862,-57.3514575228
北屯區,搶奪,6,0.6,270547,317182,0,0.3152764028,1,,0.3152764028,
北屯區,機車竊盜,295,29.5,270547,317182,24.7646434815,9.4582920847,-37,-55.223880597,-15.3063513969,-61.8072753936
北屯區,毒品,2851,285.1,270547,317182,105.7117617272,79.4496535112,-34,-11.8881118881,-26.2621082159,-24.8431279423
北屯區,汽車竊盜,93,9.3,270547,317182,7.7620524345,0.3152764028,-20,-95.2380952381,-7.4467760317,-95.9382340498
北屯區,組織犯罪防制條例,1,0.1,270547,317182,,0,,,,
南區,住宅竊盜,71,7.1,123502,128309,12.1455522987,25.7191623347,18,120,13.5736100359,111.7578657771
南區,強制性交,5,0.5,123502,128309,1.6194069732,0,-2,-100,-1.6194069732,-100
南區,強盜,1,0.1,123502,128309,0.8097034866,0,-1,-100,-0.8097034866,-100
南區,搶奪,6,0.6,123502,128309,0,0,0,,0,
南區,機車竊盜,174,17.4,123502,128309,21.8619941377,27.2778994459,8,29.6296296296,5.4159053081,24.7731532357
南區,毒品,601,60.1,123502,128309,44.5336917621,44.424007669,2,3.6363636364,-0.1096840931,-0.2462946339
南區,汽車竊盜,31,3.1,123502,128309,4.0485174329,4.6762113336,1,20,0.6276939007,15.5042904239
南區,組織犯罪防制條例,0,0,123502,128309,,0,,,,
南屯區,住宅竊盜,42,4.2,166685,186105,2.399736029,5.910641842,7,175,3.5109058129,146.3038338572
南屯區,強制性交,6,0.6,166685,186105,0,0.5373310765,1,,0.5373310765,
南屯區,強盜,9,0.9,166685,186105,0.5999340073,0,-1,-100,-0.5999340073,-100
南屯區,搶奪,3,0.3,166685,186105,0.5999340073,0.5373310765,0,0,-0.0626029307,-10.4349695065
南屯區,機車竊盜,74,7.4,166685,186105,10.1988781234,4.8359796889,-8,-47.0588235294,-5.3628984345,-52.5832191505
南屯區,毒品,977,97.7,166685,186105,56.3937966824,56.9570941135,12,12.7659574468,0.5632974312,0.9988641736
南屯區,汽車竊盜,52,5.2,166685,186105,8.3990761016,2.1493243062,-10,-71.4285714286,-6.2497517955,-74.4099912876
南屯區,組織犯罪防制條例,0,0,166685,186105,,0,,,,
后里區,住宅竊盜,34,3.4,54332,52754,1.8405359641,58.7633165258,30,3000,56.9227805617,3092.7285134777
后里區,強制性交,3,0.3,54332,52754,0,3.7911817113,2,,3.7911817113,
后里區,強盜,3,0.3,54332,52754,3.6810719281,1.8955908557,-1,-50,-1.7854810725,-48.5043788149
后里區,搶奪,1,0.1,54332,52754,0,0,0,,0,
后里區,機車竊盜,61,6.1,54332,52754,7.3621438563,30.3294536907,12,300,22.9673098344,311.964969481
后里區,毒品,424,42.4,54332,52754,99.3889420599,64.4500890928,-20,-37.037037037,-34.9388529672,-35.1536622113
后里區,汽車竊盜,32,3.2,54332,52754,11.0432157844,11.373545134,0,0,0.3303293496,2.9912423702
后里區,組織犯罪防制條例,1,0.1,54332,52754,,1.8955908557,,,,
和平區,住宅竊盜,11,1.1,10795,10469,0,47.7600534913,5,,47.7600534913,
和平區,強制性交,1,0.1,10795,10469,0,0,0,,0,
和平區,強盜,0,0,10795,10469,0,0,0,,0,
和平區,搶奪,0,0,10795,10469,0,0,0,,0,
和平區,機車竊盜,10,1,10795,10469,9.2635479389,28.6560320948,2,200,19.3924841559,209.3418664629
和平區,毒品,49,4.9,10795,10469,37.0541917554,95.5201069825,6,150,58.4659152271,157.7848887191
和平區,汽車竊盜,2,0.2,10795,10469,9.2635479389,0,-1,-100,-9.2635479389,-100
和平區,組織犯罪防制條例,0,0,10795,10469,,0,,,,
外埔區,住宅竊盜,9,0.9,32034,30823,0,25.9546442592,8,,25.9546442592,
外埔區,強制性交,0,0,32034,30823,0,0,0,,0,
外埔區,強盜,0,0,32034,30823,0,0,0,,0,
外埔區,搶奪,0,0,32034,30823,0,0,0,,0,
外埔區,機車竊盜,22,2.2,32034,30823,0,29.1989747916,9,,29.1989747916,
外埔區,毒品,212,21.2,32034,30823,106.137229194,55.1536190507,-17,-50,-50.9836101433,-48.0355578626
外埔區,汽車竊盜,9,0.9,32034,30823,9.3650496348,3.2443305324,-2,-66.6666666667,-6.1207191024,-65.3570385751
外埔區,組織犯罪防制條例,0,0,32034,30823,,0,,,,
大安區,住宅竊盜,16,1.6,19409,17487,0,80.0594727512,14,,80.0594727512,
大安區,強制性交,1,0.1,19409,17487,0,0,0,,0,
大安區,強盜,0,0,19409,17487,0,0,0,,0,
大安區,搶奪,1,0.1,19409,17487,5.1522489567,0,-1,-100,-5.1522489567,-100
大安區,機車竊盜,8,0.8,19409,17487,5.1522489567,5.7185337679,0,0,0.5662848113,10.991021902
大安區,毒品,152,15.2,19409,17487,180.3287134834,40.0297363756,-28,-80,-140.2989771078,-77.8017956196
大安區,汽車竊盜,2,0.2,19409,17487,0,0,0,,0,
大安區,組織犯罪防制條例,0,0,19409,17487,,0,,,,
大甲區,住宅竊盜,40,4,77656,73108,0,45.1386989112,33,,45.1386989112,
大甲區,強制性交,2,0.2,77656,73108,1.2877305038,0,-1,-100,-1.2877305038,-100
大甲區,強盜,2,0.2,77656,73108,0,0,0,,0,
大甲區,搶奪,2,0.2,77656,73108,0,0,0,,0,
大甲區,機車竊盜,72,7.2,77656,73108,9.0141135263,16.4140723313,5,71.4285714286,7.399958805,82.093028709
大甲區,毒品,637,63.7,77656,73108,139.0748944061,69.7598074082,-57,-52.7777777778,-69.3150869979,-49.8401147769
大甲區,汽車竊盜,38,3.8,77656,73108,12.8773050376,5.4713574438,-6,-60,-7.4059475938,-57.5116266346
大甲區,組織犯罪防制條例,0,0,77656,73108,,0,,,,
大肚區,住宅竊盜,28,2.8,57207,55255,0,27.1468645371,15,,27.1468645371,
大肚區,強制性交,5,0.5,57207,55255,3.4960756551,0,-2,-100,-3.4960756551,-100
大肚區,強盜,0,0,57207,55255,0,0,0,,0,
大肚區,搶奪,2,0.2,57207,55255,1.7480378275,0,-1,-100,-1.7480378275,-100
大肚區,機車竊盜,32,3.2,57207,55255,15.7323404478,5.4293729074,-6,-66.6666666667,-10.3029675404,-65.4890960094
大肚區,毒品,300,30,57207,55255,80.4097400668,61.5328929509,-12,-26.0869565217,-18.8768471159,-23.4758215861
大肚區,汽車竊盜,23,2.3,57207,55255,5.2441134826,5.4293729074,0,0,0.1852594248,3.5327119718
大肚區,組織犯罪防制條例,0,0,57207,55255,,0,,,,
大里區,住宅竊盜,70,7,210285,211094,0.9510901871,27.0021885984,55,2750,26.0510984113,2739.0776147119
大里區,強制性交,6,0.6,210285,211094,0.9510901871,0,-2,-100,-0.9510901871,-100
大里區,強盜,9,0.9,210285,211094,0,1.421167821,3,,1.421167821,
大里區,搶奪,9,0.9,210285,211094,2.3777254678,0.473722607,-4,-80,-1.9040028608,-80.0766483178
大里區,機車竊盜,177,17.7,210285,211094,20.4484390232,9.9481747468,-22,-51.1627906977,-10.5002642764,-51.3499551947
大里區,毒品,1491,149.1,210285,211094,102.7177402097,57.3204354458,-95,-43.9814814815,-45.3973047639,-44.196167742
大里區,汽車竊盜,52,5.2,210285,211094,3.8043607485,3.3160582489,-1,-12.5,-0.4883024996,-12.8353363904
大里區,組織犯罪防制條例,0,0,210285,211094,,0,,,,
大雅區,住宅竊盜,62,6.2,94488,94741,5.29167725,22.165693839,16,320,16.874016589,318.8784158917
大雅區,強制性交,0,0,94488,94741,0,0,0,,0,
大雅區,強盜,4,0.4,94488,94741,0,0,0,,0,
大雅區,搶奪,0,0,94488,94741,0,0,0,,0,
大雅區,機車竊盜,97,9.7,94488,94741,20.1083735501,14.777129226,-5,-26.3157894737,-5.3312443241,-26.5125586155
大雅區,毒品,592,59.2,94488,94741,93.1335196004,71.7746276691,-20,-22.7272727273,-21.3588919313,-22.9336247818
大雅區,汽車竊盜,38,3.8,94488,94741,9.52501905,3.1665276913,-6,-66.6666666667,-6.3584913588,-66.7556812784
大雅區,組織犯罪防制條例,0,0,94488,94741,,0,,,,
太平區,住宅竊盜,56,5.6,186271,201536,3.2211133241,9.9237853287,14,233.3333333333,6.7026720045,208.085569493
太平區,強制性交,2,0.2,186271,201536,0,0.4961892664,1,,0.4961892664,
太平區,強盜,8,0.8,186271,201536,1.0737044414,0,-2,-100,-1.0737044414,-100
太平區,搶奪,2,0.2,186271,201536,1.0737044414,0,-2,-100,-1.0737044414,-100
太平區,機車竊盜,196,19.6,186271,201536,17.1792710621,6.9466497301,-18,-56.25,-10.232621332,-59.563769004
太平區,毒品,1498,149.8,186271,201536,90.7280252965,87.3293108923,7,4.1420118343,-3.3987144041,-3.7460469276
太平區,汽車竊盜,51,5.1,186271,201536,7.5159310896,0.9923785329,-12,-85.7142857143,-6.5235525568,-86.796332736
太平區,組織犯罪防制條例,1,0.1,186271,201536,,0.4961892664,,,,
新社區,住宅竊盜,8,0.8,24947,22579,12.0254940474,8.8577882103,-1,-33.3333333333,-3.1677058371,-26.3415858393
新社區,強制性交,0,0,24947,22579,0,0,0,,0,
新社區,強盜,0,0,24947,22579,0,0,0,,0,
新社區,搶奪,1,0.1,24947,22579,0,0,0,,0,
新社區,機車竊盜,31,3.1,24947,22579,28.0594861106,17.7155764206,-3,-42.8571428571,-10.34390969,-36.8642164337
新社區,毒品,66,6.6,24947,22579,44.0934781737,22.1444705257,-6,-54.5454545455,-21.949007648,-49.7783539814
新社區,汽車竊盜,9,0.9,24947,22579,8.0169960316,0,-2,-100,-8.0169960316,-100
新社區,組織犯罪防制條例,0,0,24947,22579,,0,,,,
東勢區,住宅竊盜,23,2.3,50952,46488,1.9626314963,19.3598347961,8,800,17.3972032998,886.4223025297
東勢區,強制性交,2,0.2,50952,46488,1.9626314963,0,-1,-100,-1.9626314963,-100
東勢區,強盜,1,0.1,50952,46488,0,0,0,,0,
東勢區,搶奪,1,0.1,50952,46488,0,0,0,,0,
東勢區,機車竊盜,56,5.6,50952,46488,17.6636834668,21.5109275512,1,11.1111111111,3.8472440844,21.7805311765
東勢區,毒品,335,33.5,50952,46488,84.3931543413,135.5188435725,20,46.511627907,51.1256892312,60.5803748304
東勢區,汽車竊盜,33,3.3,50952,46488,7.8505259852,10.7554637756,1,25,2.9049377904,37.0030975736
東勢區,組織犯罪防制條例,0,0,50952,46488,,0,,,,
東區,住宅竊盜,84,8.4,75396,77745,17.2422940209,61.7403048428,35,269.2307692308,44.4980108219,258.0747710711
東區,強制性交,12,1.2,75396,77745,7.9579818558,0,-6,-100,-7.9579818558,-100
東區,強盜,1,0.1,75396,77745,0,0,0,,0,
東區,搶奪,4,0.4,75396,77745,0,0,0,,0,
東區,機車竊盜,191,19.1,75396,77745,29.1792668046,56.5952794392,22,100,27.4160126346,93.9571676635
東區,毒品,881,88.1,75396,77745,151.2016552602,118.3355842819,-22,-19.298245614,-32.8660709783,-21.7365814691
東區,汽車竊盜,50,5,75396,77745,22.5476152581,6.4312817545,-12,-70.5882352941,-16.1163335037,-71.4768871083
東區,組織犯罪防制條例,0,0,75396,77745,,0,,,,
梧棲區,住宅竊盜,44,4.4,57645,65685,1.7347558331,45.6725279744,29,2900,43.9377721413,2532.7928750856
梧棲區,強制性交,3,0.3,57645,65685,3.4695116662,0,-2,-100,-3.4695116662,-100
梧棲區,強盜,5,0.5,57645,65685,0,1.5224175991,1,,1.5224175991,
梧棲區,搶奪,2,0.2,57645,65685,0,0,0,,0,
梧棲區,機車竊盜,53,5.3,57645,65685,17.3475583312,16.7465935906,1,10,-0.6009647405,-3.4642612469
梧棲區,毒品,401,40.1,57645,65685,102.3505941539,54.8070335693,-23,-38.9830508475,-47.5435605846,-46.4516703372
梧棲區,汽車竊盜,36,3.6,57645,65685,10.4085349987,4.5672527974,-3,-50,-5.8412822013,-56.1201187486
梧棲區,組織犯罪防制條例,0,0,57645,65685,,0,,,,
沙鹿區,住宅竊盜,81,8.1,91338,101419,2.189669141,59.16051233,58,2900,56.970843189,2601.8014376004
沙鹿區,強制性交,6,0.6,91338,101419,3.2845037115,0,-3,-100,-3.2845037115,-100
沙鹿區,強盜,12,1.2,91338,101419,2.189669141,0.9860085388,-1,-50,-1.2036606022,-54.96997604
沙鹿區,搶奪,4,0.4,91338,101419,2.189669141,0,-2,-100,-2.189669141,-100
沙鹿區,機車竊盜,118,11.8,91338,101419,27.3708642624,18.7341622378,-6,-24,-8.6367020246,-31.5543635808
沙鹿區,毒品,760,76,91338,101419,131.3801484596,73.9506404125,-45,-37.5,-57.429508047,-43.71247005
沙鹿區,汽車竊盜,56,5.6,91338,101419,13.138014846,1.9720170777,-10,-83.3333333333,-11.1659977683,-84.9899920133
沙鹿區,組織犯罪防制條例,1,0.1,91338,101419,,0,,,,
清水區,住宅竊盜,47,4.7,86350,90640,0,40.8208296558,37,,40.8208296558,
清水區,強制性交,2,0.2,86350,90640,0,0,0,,0,
清水區,強盜,6,0.6,86350,90640,0,1.1032656664,1,,1.1032656664,
清水區,搶奪,2,0.2,86350,90640,1.1580775912,0,-1,-100,-1.1580775912,-100
清水區,機車竊盜,71,7.1,86350,90640,11.580775912,7.7228596646,-3,-30,-3.8579162474,-33.3131067961
清水區,毒品,573,57.3,86350,90640,113.4916039375,51.8534863195,-51,-52.0408163265,-61.638117618,-54.310729146
清水區,汽車竊盜,37,3.7,86350,90640,9.2646207296,2.2065313327,-6,-75,-7.0580893968,-76.1832524272
清水區,組織犯罪防制條例,0,0,86350,90640,,0,,,,
潭子區,住宅竊盜,68,6.8,107530,109314,8.369757277,15.5515304536,8,88.8888888889,7.1817731765,85.8062299634
潭子區,強制性交,3,0.3,107530,109314,0,0,0,,0,
潭子區,強盜,2,0.2,107530,109314,0,0,0,,0,
潭子區,搶奪,5,0.5,107530,109314,0,0,0,,0,
潭子區,機車竊盜,79,7.9,107530,109314,14.8795684925,7.3183672723,-8,-50,-7.5612012203,-50.8159979509
潭子區,毒品,778,77.8,107530,109314,136.706035525,79.5872440858,-60,-40.8163265306,-57.1187914391,-41.7822016561
潭子區,汽車竊盜,32,3.2,107530,109314,8.369757277,1.8295918181,-7,-77.7777777778,-6.540165459,-78.1404435337
潭子區,組織犯罪防制條例,0,0,107530,109314,,0,,,,
烏日區,住宅竊盜,46,4.6,73647,82248,5.4313142423,30.3958758876,21,525,24.9645616453,459.6412678728
烏日區,強制性交,3,0.3,73647,82248,0,0,0,,0,
烏日區,強盜,2,0.2,73647,82248,0,0,0,,0,
烏日區,搶奪,4,0.4,73647,82248,1.3578285606,1.2158350355,0,0,-0.1419935251,-10.4573971404
烏日區,機車竊盜,62,6.2,73647,82248,20.3674284085,14.590020426,-3,-20,-5.7774079825,-28.3659177123
烏日區,毒品,607,60.7,73647,82248,105.9106277241,66.8709269526,-23,-29.4871794872,-39.0397007715,-36.8609851631
烏日區,汽車竊盜,37,3.7,73647,82248,5.4313142423,4.863340142,0,0,-0.5679741003,-10.4573971404
烏日區,組織犯罪防制條例,0,0,73647,82248,,0,,,,
石岡區,住宅竊盜,3,0.3,15174,13668,0,7.3163593796,1,,7.3163593796,
石岡區,強制性交,0,0,15174,13668,0,0,0,,0,
石岡區,強盜,1,0.1,15174,13668,0,0,0,,0,
石岡區,搶奪,1,0.1,15174,13668,6.5902201134,0,-1,-100,-6.5902201134,-100
石岡區,機車竊盜,19,1.9,15174,13668,13.1804402267,7.3163593796,-1,-50,-5.8640808471,-44.4907813872
石岡區,毒品,49,4.9,15174,13668,26.3608804534,51.214515657,3,75,24.8536352036,94.2822651449
石岡區,汽車竊盜,14,1.4,15174,13668,6.5902201134,14.6327187591,1,100,8.0424986458,122.0368744513
石岡區,組織犯罪防制條例,0,0,15174,13668,,0,,,,
神岡區,住宅竊盜,39,3.9,65496,63271,4.5804323928,12.6440233282,5,166.6666666667,8.0635909354,176.0443173018
神岡區,強制性交,1,0.1,65496,63271,0,1.580502916,1,,1.580502916,
神岡區,強盜,3,0.3,65496,63271,0,0,0,,0,
神岡區,搶奪,3,0.3,65496,63271,0,0,0,,0,
神岡區,機車竊盜,33,3.3,65496,63271,3.0536215952,6.3220116641,2,100,3.2683900689,107.0332379763
神岡區,毒品,382,38.2,65496,63271,64.1260534995,56.898104977,-6,-14.2857142857,-7.2279485224,-11.2714694387
神岡區,汽車竊盜,21,2.1,65496,63271,6.1072431904,3.1610058321,-2,-50,-2.9462373584,-48.2416905059
神岡區,組織犯罪防制條例,0,0,65496,63271,,0,,,,
西區,住宅竊盜,51,5.1,115747,113288,4.319766387,19.4195325189,17,340,15.0997661319,349.5505260928
西區,強制性交,2,0.2,115747,113288,0.8639532774,0,-1,-100,-0.8639532774,-100
西區,強盜,7,0.7,115747,113288,2.5918598322,0,-3,-100,-2.5918598322,-100
西區,搶奪,11,1.1,115747,113288,1.7279065548,1.7654120472,0,0,0.0375054924,2.170574112
西區,機車竊盜,156,15.6,115747,113288,34.5581310963,13.2405903538,-25,-62.5,-21.3175407425,-61.686034708
西區,毒品,880,88,115747,113288,76.8918416892,76.795424052,-2,-2.2471910112,-0.0964176372,-0.1253938456
西區,汽車竊盜,28,2.8,115747,113288,6.0476729418,1.7654120472,-5,-71.4285714286,-4.2822608947,-70.8084073966
西區,組織犯罪防制條例,0,0,115747,113288,,0,,,,
西屯區,住宅竊盜,103,10.3,224601,238052,7.1237438836,4.6208391444,-5,-31.25,-2.5029047392,-35.1346817082
西屯區,強制性交,9,0.9,224601,238052,0.8904679854,0,-2,-100,-0.8904679854,-100
西屯區,強盜,14,1.4,224601,238052,0.8904679854,0.4200762859,-1,-50,-0.4703916996,-52.8252230605
西屯區,搶奪,11,1.1,224601,238052,0.4452339927,0.4200762859,0,0,-0.0251577069,-5.650446121
西屯區,機車竊盜,300,30,224601,238052,25.823571578,15.9628988624,-20,-34.4827586207,-9.8606727156,-38.1847750448
西屯區,毒品,3402,340.2,224601,238052,127.782155912,164.2498277687,104,36.2369337979,36.4676718567,28.5389392567
西屯區,汽車竊盜,75,7.5,224601,238052,11.5760838108,2.5204577151,-20,-76.9230769231,-9.0556260957,-78.2270260279
西屯區,組織犯罪防制條例,1,0.1,224601,238052,,0,,,,
豐原區,住宅竊盜,76,7.6,166778,161771,5.396395208,15.4539441556,16,177.7777777778,10.0575489476,186.375322043
豐原區,強制性交,6,0.6,166778,161771,0,0,0,,0,
豐原區,強盜,8,0.8,166778,161771,0.5995994676,0,-1,-100,-0.5995994676,-100
豐原區,搶奪,7,0.7,166778,161771,0,0.6181577662,1,,0.6181577662,
豐原區,機車竊盜,183,18.3,166778,161771,19.7867824293,17.3084174543,-5,-15.1515151515,-2.478364975,-12.5253561759
豐原區,毒品,1142,114.2,166778,161771,112.1251004329,36.4713082073,-128,-68.449197861,-75.6537922256,-67.4726639562
豐原區,汽車竊盜,87,8.7,166778,161771,10.1931909484,3.0907888311,-12,-70.5882352941,-7.1024021173,-69.6779070778
豐原區,組織犯罪防制條例,1,0.1,166778,161771,,0,,,,
霧峰區,住宅竊盜,23,2.3,64898,62627,1.540879534,23.9513308956,14,1400,22.4104513616,1454.393472464
霧峰區,強制性交,1,0.1,64898,62627,1.540879534,0,-1,-100,-1.540879534,-100
霧峰區,強盜,2,0.2,64898,62627,1.540879534,0,-1,-100,-1.540879534,-100
霧峰區,搶奪,3,0.3,64898,62627,1.540879534,0,-1,-100,-1.540879534,-100
霧峰區,機車竊盜,79,7.9,64898,62627,18.4905544085,25.5480862887,4,33.3333333333,7.0575318802,38.1683086635
霧峰區,毒品,464,46.4,64898,62627,73.9622176338,51.0961725773,-16,-33.3333333333,-22.8660450565,-30.9158456683
霧峰區,汽車竊盜,26,2.6,64898,62627,16.9496748744,0,-11,-100,-16.9496748744,-100
霧峰區,組織犯罪防制條例,0,0,64898,62627,,0,,,,
龍井區,住宅竊盜,76,7.6,77236,79241,5.1789321042,46.6929998359,33,825,41.5140677317,801.5951338322
龍井區,強制性交,6,0.6,77236,79241,0,0,0,,0,
龍井區,強盜,3,0.3,77236,79241,1.2947330261,0,-1,-100,-1.2947330261,-100
龍井區,搶奪,2,0.2,77236,79241,1.2947330261,0,-1,-100,-1.2947330261,-100
龍井區,機車竊盜,44,4.4,77236,79241,12.9473302605,8.8338107798,-3,-30,-4.1135194807,-31.7711790613
龍井區,毒品,493,49.3,77236,79241,98.3997099798,106.0057293573,8,10.5263157895,7.6060193775,7.7297172716
龍井區,汽車竊盜,30,3,77236,79241,3.8841990782,3.7859189056,0,0,-0.0982801725,-2.5302558019
龍井區,組織犯罪防制條例,1,0.1,77236,79241,,0,,,,
