year,crime_type,official_annual_count,statistics_status,source_agency,source_document,source_url,source_file,source_note,statistics_layer,official_statistics_label
2016,毒品,4277,official_final,內政部警政署刑事警察局,105年中華民國刑案統計（全書）,https://www.cib.npa.gov.tw/ch/app/data/doc?module=wg136&detailNo=793031589478035456&type=s,cib_crime_statistics_2016_full.pdf,"當年發生件數 (current-year occurrences), PDF page 103; supplemental reports are not added.",official_annual_city,警政署／刑事警察局年度正式統計
2016,強盜,25,official_final,內政部警政署刑事警察局,105年中華民國刑案統計（全書）,https://www.cib.npa.gov.tw/ch/app/data/doc?module=wg136&detailNo=793031589478035456&type=s,cib_crime_statistics_2016_full.pdf,"當年發生件數 (current-year occurrences), PDF page 99; supplemental reports are not added.",official_annual_city,警政署／刑事警察局年度正式統計
2016,搶奪,23,official_final,內政部警政署刑事警察局,105年中華民國刑案統計（全書）,https://www.cib.npa.gov.tw/ch/app/data/doc?module=wg136&detailNo=793031589478035456&type=s,cib_crime_statistics_2016_full.pdf,"當年發生件數 (current-year occurrences), PDF page 100; supplemental reports are not added.",official_annual_city,警政署／刑事警察局年度正式統計
2016,住宅竊盜,203,official_final,內政部警政署刑事警察局,105年中華民國刑案統計（全書）,https://www.cib.npa.gov.tw/ch/app/data/doc?module=wg136&detailNo=793031589478035456&type=s,cib_crime_statistics_2016_full.pdf,"當年發生件數 (current-year occurrences), PDF page 143; supplemental reports are not added.",official_annual_city,警政署／刑事警察局年度正式統計
2016,汽車竊盜,247,official_final,內政部警政署刑事警察局,105年中華民國刑案統計（全書）,https://www.cib.npa.gov.tw/ch/app/data/doc?module=wg136&detailNo=793031589478035456&type=s,cib_crime_statistics_2016_full.pdf,"當年發生件數 (current-year occurrences), PDF page 96; supplemental reports are not added.",official_annual_city,警政署／刑事警察局年度正式統計
2016,機車竊盜,1312,official_final,內政部警政署刑事警察局,105年中華民國刑案統計（全書）,https://www.cib.npa.gov.tw/ch/app/data/doc?module=wg136&detailNo=793031589478035456&type=s,cib_crime_statistics_2016_full.pdf,"當年發生件數 (current-year occurrences), PDF page 97; supplemental reports are not added.",official_annual_city,警政署／刑事警察局年度正式統計
2016,強制性交,37,official_final,內政部警政署刑事警察局,105年中華民國刑案統計（全書）,https://www.cib.npa.gov.tw/ch/app/data/doc?module=wg136&detailNo=793031589478035456&type=s,cib_crime_statistics_2016_full.pdf,"當年發生件數 (current-year occurrences), PDF page 110; supplemental reports are not added.",official_annual_city,警政署／刑事警察局年度正式統計
2016,組織犯罪防制條例,,not_comparable,內政部警政署刑事警察局,,https://www.cib.npa.gov.tw/ch/app/data/list?id=2053&module=wg136,,Handled separately; statistical equivalence with the annual publication category is not asserted.,official_annual_city,警政署／刑事警察局年度正式統計
2017,毒品,4733,official_final,內政部警政署刑事警察局,106年中華民國刑案統計第二部分：各類刑案發生與破獲統計,https://www.cib.npa.gov.tw/ch/app/data/doc?module=wg136&detailNo=793032150680104960&type=s,cib_crime_statistics_2017_general.pdf,"當年發生件數 (current-year occurrences), PDF page 16; supplemental reports are not added.",official_annual_city,警政署／刑事警察局年度正式統計
2017,強盜,15,official_final,內政部警政署刑事警察局,106年中華民國刑案統計第二部分：各類刑案發生與破獲統計,https://www.cib.npa.gov.tw/ch/app/data/doc?module=wg136&detailNo=793032150680104960&type=s,cib_crime_statistics_2017_general.pdf,"當年發生件數 (current-year occurrences), PDF page 12; supplemental reports are not added.",official_annual_city,警政署／刑事警察局年度正式統計
2017,搶奪,19,official_final,內政部警政署刑事警察局,106年中華民國刑案統計第二部分：各類刑案發生與破獲統計,https://www.cib.npa.gov.tw/ch/app/data/doc?module=wg136&detailNo=793032150680104960&type=s,cib_crime_statistics_2017_general.pdf,"當年發生件數 (current-year occurrences), PDF page 13; supplemental reports are not added.",official_annual_city,警政署／刑事警察局年度正式統計
2017,住宅竊盜,198,official_final,內政部警政署刑事警察局,106年中華民國刑案統計第二部分：各類刑案分析統計,https://www.cib.npa.gov.tw/ch/app/data/doc?module=wg136&detailNo=793032944670240768&type=s,cib_crime_statistics_2017_analysis.pdf,"當年發生件數 (current-year occurrences), PDF page 26; supplemental reports are not added.",official_annual_city,警政署／刑事警察局年度正式統計
2017,汽車竊盜,180,official_final,內政部警政署刑事警察局,106年中華民國刑案統計第二部分：各類刑案發生與破獲統計,https://www.cib.npa.gov.tw/ch/app/data/doc?module=wg136&detailNo=793032150680104960&type=s,cib_crime_statistics_2017_general.pdf,"當年發生件數 (current-year occurrences), PDF page 9; supplemental reports are not added.",official_annual_city,警政署／刑事警察局年度正式統計
2017,機車竊盜,1136,official_final,內政部警政署刑事警察局,106年中華民國刑案統計第二部分：各類刑案發生與破獲統計,https://www.cib.npa.gov.tw/ch/app/data/doc?module=wg136&detailNo=793032150680104960&type=s,cib_crime_statistics_2017_general.pdf,"當年發生件數 (current-year occurrences), PDF page 10; supplemental reports are not added.",official_annual_city,警政署／刑事警察局年度正式統計
2017,強制性交,14,official_final,內政部警政署刑事警察局,106年中華民國刑案統計第二部分：各類刑案發生與破獲統計,https://www.cib.npa.gov.tw/ch/app/data/doc?module=wg136&detailNo=793032150680104960&type=s,cib_crime_statistics_2017_general.pdf,"當年發生件數 (current-year occurrences), PDF page 23; supplemental reports are not added.",official_annual_city,警政署／刑事警察局年度正式統計
2017,組織犯罪防制條例,,not_comparable,內政部警政署刑事警察局,,https://www.cib.npa.gov.tw/ch/app/data/list?id=2053&module=wg136,,Handled separately; statistical equivalence with the annual publication category is not asserted.,official_annual_city,警政署／刑事警察局年度正式統計
2018,毒品,4266,official_final,內政部警政署刑事警察局,107年中華民國刑案統計（全書）,https://www.cib.npa.gov.tw/ch/app/data/doc?module=wg136&detailNo=793291703015469056&type=s,cib_crime_statistics_2018_full.pdf,"當年發生件數 (current-year occurrences), PDF page 103; supplemental reports are not added.",official_annual_city,警政署／刑事警察局年度正式統計
2018,強盜,24,official_final,內政部警政署刑事警察局,107年中華民國刑案統計（全書）,https://www.cib.npa.gov.tw/ch/app/data/doc?module=wg136&detailNo=793291703015469056&type=s,cib_crime_statistics_2018_full.pdf,"當年發生件數 (current-year occurrences), PDF page 99; supplemental reports are not added.",official_annual_city,警政署／刑事警察局年度正式統計
2018,搶奪,17,official_final,內政部警政署刑事警察局,107年中華民國刑案統計（全書）,https://www.cib.npa.gov.tw/ch/app/data/doc?module=wg136&detailNo=793291703015469056&type=s,cib_crime_statistics_2018_full.pdf,"當年發生件數 (current-year occurrences), PDF page 100; supplemental reports are not added.",official_annual_city,警政署／刑事警察局年度正式統計
2018,住宅竊盜,186,official_final,內政部警政署刑事警察局,107年中華民國刑案統計（全書）,https://www.cib.npa.gov.tw/ch/app/data/doc?module=wg136&detailNo=793291703015469056&type=s,cib_crime_statistics_2018_full.pdf,"當年發生件數 (current-year occurrences), PDF page 143; supplemental reports are not added.",official_annual_city,警政署／刑事警察局年度正式統計
2018,汽車竊盜,144,official_final,內政部警政署刑事警察局,107年中華民國刑案統計（全書）,https://www.cib.npa.gov.tw/ch/app/data/doc?module=wg136&detailNo=793291703015469056&type=s,cib_crime_statistics_2018_full.pdf,"當年發生件數 (current-year occurrences), PDF page 96; supplemental reports are not added.",official_annual_city,警政署／刑事警察局年度正式統計
2018,機車竊盜,814,official_final,內政部警政署刑事警察局,107年中華民國刑案統計（全書）,https://www.cib.npa.gov.tw/ch/app/data/doc?module=wg136&detailNo=793291703015469056&type=s,cib_crime_statistics_2018_full.pdf,"當年發生件數 (current-year occurrences), PDF page 97; supplemental reports are not added.",official_annual_city,警政署／刑事警察局年度正式統計
2018,強制性交,7,official_final,內政部警政署刑事警察局,107年中華民國刑案統計（全書）,https://www.cib.npa.gov.tw/ch/app/data/doc?module=wg136&detailNo=793291703015469056&type=s,cib_crime_statistics_2018_full.pdf,"當年發生件數 (current-year occurrences), PDF page 110; supplemental reports are not added.",official_annual_city,警政署／刑事警察局年度正式統計
2018,組織犯罪防制條例,,not_comparable,內政部警政署刑事警察局,,https://www.cib.npa.gov.tw/ch/app/data/list?id=2053&module=wg136,,Handled separately; statistical equivalence with the annual publication category is not asserted.,official_annual_city,警政署／刑事警察局年度正式統計
2019,毒品,3700,official_final,內政部警政署刑事警察局,108年中華民國刑案統計（全書）,https://www.cib.npa.gov.tw/ch/app/data/doc?module=wg136&detailNo=793294146201743360&type=s,cib_crime_statistics_2019_full.pdf,"當年發生件數 (current-year occurrences), PDF page 91; supplemental reports are not added.",official_annual_city,警政署／刑事警察局年度正式統計
2019,強盜,19,official_final,內政部警政署刑事警察局,108年中華民國刑案統計（全書）,https://www.cib.npa.gov.tw/ch/app/data/doc?module=wg136&detailNo=793294146201743360&type=s,cib_crime_statistics_2019_full.pdf,"當年發生件數 (current-year occurrences), PDF page 87; supplemental reports are not added.",official_annual_city,警政署／刑事警察局年度正式統計
2019,搶奪,16,official_final,內政部警政署刑事警察局,108年中華民國刑案統計（全書）,https://www.cib.npa.gov.tw/ch/app/data/doc?module=wg136&detailNo=793294146201743360&type=s,cib_crime_statistics_2019_full.pdf,"當年發生件數 (current-year occurrences), PDF page 88; supplemental reports are not added.",official_annual_city,警政署／刑事警察局年度正式統計
2019,住宅竊盜,148,official_final,內政部警政署刑事警察局,108年中華民國刑案統計（全書）,https://www.cib.npa.gov.tw/ch/app/data/doc?module=wg136&detailNo=793294146201743360&type=s,cib_crime_statistics_2019_full.pdf,"當年發生件數 (current-year occurrences), PDF page 125; supplemental reports are not added.",official_annual_city,警政署／刑事警察局年度正式統計
2019,汽車竊盜,108,official_final,內政部警政署刑事警察局,108年中華民國刑案統計（全書）,https://www.cib.npa.gov.tw/ch/app/data/doc?module=wg136&detailNo=793294146201743360&type=s,cib_crime_statistics_2019_full.pdf,"當年發生件數 (current-year occurrences), PDF page 84; supplemental reports are not added.",official_annual_city,警政署／刑事警察局年度正式統計
2019,機車竊盜,517,official_final,內政部警政署刑事警察局,108年中華民國刑案統計（全書）,https://www.cib.npa.gov.tw/ch/app/data/doc?module=wg136&detailNo=793294146201743360&type=s,cib_crime_statistics_2019_full.pdf,"當年發生件數 (current-year occurrences), PDF page 85; supplemental reports are not added.",official_annual_city,警政署／刑事警察局年度正式統計
2019,強制性交,0,official_final,內政部警政署刑事警察局,108年中華民國刑案統計（全書）,https://www.cib.npa.gov.tw/ch/app/data/doc?module=wg136&detailNo=793294146201743360&type=s,cib_crime_statistics_2019_full.pdf,"當年發生件數 (current-year occurrences), PDF page 93; supplemental reports are not added.",official_annual_city,警政署／刑事警察局年度正式統計
2019,組織犯罪防制條例,,not_comparable,內政部警政署刑事警察局,,https://www.cib.npa.gov.tw/ch/app/data/list?id=2053&module=wg136,,Handled separately; statistical equivalence with the annual publication category is not asserted.,official_annual_city,警政署／刑事警察局年度正式統計
2020,毒品,3624,official_final,內政部警政署刑事警察局,109年中華民國刑案統計（全書）,https://www.cib.npa.gov.tw/ch/app/data/doc?module=wg136&detailNo=936180613960962048&type=s,cib_crime_statistics_2020_full.pdf,"當年發生件數 (current-year occurrences), PDF page 93; supplemental reports are not added.",official_annual_city,警政署／刑事警察局年度正式統計
2020,強盜,13,official_final,內政部警政署刑事警察局,109年中華民國刑案統計（全書）,https://www.cib.npa.gov.tw/ch/app/data/doc?module=wg136&detailNo=936180613960962048&type=s,cib_crime_statistics_2020_full.pdf,"當年發生件數 (current-year occurrences), PDF page 89; supplemental reports are not added.",official_annual_city,警政署／刑事警察局年度正式統計
2020,搶奪,7,official_final,內政部警政署刑事警察局,109年中華民國刑案統計（全書）,https://www.cib.npa.gov.tw/ch/app/data/doc?module=wg136&detailNo=936180613960962048&type=s,cib_crime_statistics_2020_full.pdf,"當年發生件數 (current-year occurrences), PDF page 90; supplemental reports are not added.",official_annual_city,警政署／刑事警察局年度正式統計
2020,住宅竊盜,128,official_final,內政部警政署刑事警察局,109年中華民國刑案統計（全書）,https://www.cib.npa.gov.tw/ch/app/data/doc?module=wg136&detailNo=936180613960962048&type=s,cib_crime_statistics_2020_full.pdf,"當年發生件數 (current-year occurrences), PDF page 127; supplemental reports are not added.",official_annual_city,警政署／刑事警察局年度正式統計
2020,汽車竊盜,94,official_final,內政部警政署刑事警察局,109年中華民國刑案統計（全書）,https://www.cib.npa.gov.tw/ch/app/data/doc?module=wg136&detailNo=936180613960962048&type=s,cib_crime_statistics_2020_full.pdf,"當年發生件數 (current-year occurrences), PDF page 86; supplemental reports are not added.",official_annual_city,警政署／刑事警察局年度正式統計
2020,機車竊盜,417,official_final,內政部警政署刑事警察局,109年中華民國刑案統計（全書）,https://www.cib.npa.gov.tw/ch/app/data/doc?module=wg136&detailNo=936180613960962048&type=s,cib_crime_statistics_2020_full.pdf,"當年發生件數 (current-year occurrences), PDF page 87; supplemental reports are not added.",official_annual_city,警政署／刑事警察局年度正式統計
2020,強制性交,1,official_final,內政部警政署刑事警察局,109年中華民國刑案統計（全書）,https://www.cib.npa.gov.tw/ch/app/data/doc?module=wg136&detailNo=936180613960962048&type=s,cib_crime_statistics_2020_full.pdf,"當年發生件數 (current-year occurrences), PDF page 95; supplemental reports are not added.",official_annual_city,警政署／刑事警察局年度正式統計
2020,組織犯罪防制條例,,not_comparable,內政部警政署刑事警察局,,https://www.cib.npa.gov.tw/ch/app/data/list?id=2053&module=wg136,,Handled separately; statistical equivalence with the annual publication category is not asserted.,official_annual_city,警政署／刑事警察局年度正式統計
2021,毒品,3083,official_final,內政部警政署刑事警察局,110年中華民國刑案統計（全書）,https://www.cib.npa.gov.tw/ch/app/data/doc?module=wg136&detailNo=1009309648622194688&type=s,cib_crime_statistics_2021_full.pdf,"當年發生件數 (current-year occurrences), PDF page 90; supplemental reports are not added.",official_annual_city,警政署／刑事警察局年度正式統計
2021,強盜,16,official_final,內政部警政署刑事警察局,110年中華民國刑案統計（全書）,https://www.cib.npa.gov.tw/ch/app/data/doc?module=wg136&detailNo=1009309648622194688&type=s,cib_crime_statistics_2021_full.pdf,"當年發生件數 (current-year occurrences), PDF page 86; supplemental reports are not added.",official_annual_city,警政署／刑事警察局年度正式統計
2021,搶奪,7,official_final,內政部警政署刑事警察局,110年中華民國刑案統計（全書）,https://www.cib.npa.gov.tw/ch/app/data/doc?module=wg136&detailNo=1009309648622194688&type=s,cib_crime_statistics_2021_full.pdf,"當年發生件數 (current-year occurrences), PDF page 87; supplemental reports are not added.",official_annual_city,警政署／刑事警察局年度正式統計
2021,住宅竊盜,115,official_final,內政部警政署刑事警察局,110年中華民國刑案統計（全書）,https://www.cib.npa.gov.tw/ch/app/data/doc?module=wg136&detailNo=1009309648622194688&type=s,cib_crime_statistics_2021_full.pdf,"當年發生件數 (current-year occurrences), PDF page 124; supplemental reports are not added.",official_annual_city,警政署／刑事警察局年度正式統計
2021,汽車竊盜,56,official_final,內政部警政署刑事警察局,110年中華民國刑案統計（全書）,https://www.cib.npa.gov.tw/ch/app/data/doc?module=wg136&detailNo=1009309648622194688&type=s,cib_crime_statistics_2021_full.pdf,"當年發生件數 (current-year occurrences), PDF page 83; supplemental reports are not added.",official_annual_city,警政署／刑事警察局年度正式統計
2021,機車竊盜,443,official_final,內政部警政署刑事警察局,110年中華民國刑案統計（全書）,https://www.cib.npa.gov.tw/ch/app/data/doc?module=wg136&detailNo=1009309648622194688&type=s,cib_crime_statistics_2021_full.pdf,"當年發生件數 (current-year occurrences), PDF page 84; supplemental reports are not added.",official_annual_city,警政署／刑事警察局年度正式統計
2021,強制性交,1,official_final,內政部警政署刑事警察局,110年中華民國刑案統計（全書）,https://www.cib.npa.gov.tw/ch/app/data/doc?module=wg136&detailNo=1009309648622194688&type=s,cib_crime_statistics_2021_full.pdf,"當年發生件數 (current-year occurrences), PDF page 92; supplemental reports are not added.",official_annual_city,警政署／刑事警察局年度正式統計
2021,組織犯罪防制條例,,not_comparable,內政部警政署刑事警察局,,https://www.cib.npa.gov.tw/ch/app/data/list?id=2053&module=wg136,,Handled separately; statistical equivalence with the annual publication category is not asserted.,official_annual_city,警政署／刑事警察局年度正式統計
2022,毒品,2817,official_final,內政部警政署刑事警察局,111年中華民國刑案統計（全書）,https://www.cib.npa.gov.tw/ch/app/data/doc?module=wg136&detailNo=1145614305056526336&type=s,cib_crime_statistics_2022_full.pdf,"當年發生件數 (current-year occurrences), PDF page 91; supplemental reports are not added.",official_annual_city,警政署／刑事警察局年度正式統計
2022,強盜,5,official_final,內政部警政署刑事警察局,111年中華民國刑案統計（全書）,https://www.cib.npa.gov.tw/ch/app/data/doc?module=wg136&detailNo=1145614305056526336&type=s,cib_crime_statistics_2022_full.pdf,"當年發生件數 (current-year occurrences), PDF page 87; supplemental reports are not added.",official_annual_city,警政署／刑事警察局年度正式統計
2022,搶奪,5,official_final,內政部警政署刑事警察局,111年中華民國刑案統計（全書）,https://www.cib.npa.gov.tw/ch/app/data/doc?module=wg136&detailNo=1145614305056526336&type=s,cib_crime_statistics_2022_full.pdf,"當年發生件數 (current-year occurrences), PDF page 88; supplemental reports are not added.",official_annual_city,警政署／刑事警察局年度正式統計
2022,住宅竊盜,104,official_final,內政部警政署刑事警察局,111年中華民國刑案統計（全書）,https://www.cib.npa.gov.tw/ch/app/data/doc?module=wg136&detailNo=1145614305056526336&type=s,cib_crime_statistics_2022_full.pdf,"當年發生件數 (current-year occurrences), PDF page 125; supplemental reports are not added.",official_annual_city,警政署／刑事警察局年度正式統計
2022,汽車竊盜,45,official_final,內政部警政署刑事警察局,111年中華民國刑案統計（全書）,https://www.cib.npa.gov.tw/ch/app/data/doc?module=wg136&detailNo=1145614305056526336&type=s,cib_crime_statistics_2022_full.pdf,"當年發生件數 (current-year occurrences), PDF page 84; supplemental reports are not added.",official_annual_city,警政署／刑事警察局年度正式統計
2022,機車竊盜,451,official_final,內政部警政署刑事警察局,111年中華民國刑案統計（全書）,https://www.cib.npa.gov.tw/ch/app/data/doc?module=wg136&detailNo=1145614305056526336&type=s,cib_crime_statistics_2022_full.pdf,"當年發生件數 (current-year occurrences), PDF page 85; supplemental reports are not added.",official_annual_city,警政署／刑事警察局年度正式統計
2022,強制性交,0,official_final,內政部警政署刑事警察局,111年中華民國刑案統計（全書）,https://www.cib.npa.gov.tw/ch/app/data/doc?module=wg136&detailNo=1145614305056526336&type=s,cib_crime_statistics_2022_full.pdf,"當年發生件數 (current-year occurrences), PDF page 93; supplemental reports are not added.",official_annual_city,警政署／刑事警察局年度正式統計
2022,組織犯罪防制條例,,not_comparable,內政部警政署刑事警察局,,https://www.cib.npa.gov.tw/ch/app/data/list?id=2053&module=wg136,,Handled separately; statistical equivalence with the annual publication category is not asserted.,official_annual_city,警政署／刑事警察局年度正式統計
2023,毒品,2915,official_final,內政部警政署刑事警察局,112年中華民國刑案統計（全書）,https://www.cib.npa.gov.tw/ch/app/data/doc?module=wg136&detailNo=1260800007716474880&type=s,cib_crime_statistics_2023_full.pdf,"當年發生件數 (current-year occurrences), PDF page 90; supplemental reports are not added.",official_annual_city,警政署／刑事警察局年度正式統計
2023,強盜,3,official_final,內政部警政署刑事警察局,112年中華民國刑案統計（全書）,https://www.cib.npa.gov.tw/ch/app/data/doc?module=wg136&detailNo=1260800007716474880&type=s,cib_crime_statistics_2023_full.pdf,"當年發生件數 (current-year occurrences), PDF page 86; supplemental reports are not added.",official_annual_city,警政署／刑事警察局年度正式統計
2023,搶奪,8,official_final,內政部警政署刑事警察局,112年中華民國刑案統計（全書）,https://www.cib.npa.gov.tw/ch/app/data/doc?module=wg136&detailNo=1260800007716474880&type=s,cib_crime_statistics_2023_full.pdf,"當年發生件數 (current-year occurrences), PDF page 87; supplemental reports are not added.",official_annual_city,警政署／刑事警察局年度正式統計
2023,住宅竊盜,91,official_final,內政部警政署刑事警察局,112年中華民國刑案統計（全書）,https://www.cib.npa.gov.tw/ch/app/data/doc?module=wg136&detailNo=1260800007716474880&type=s,cib_crime_statistics_2023_full.pdf,"當年發生件數 (current-year occurrences), PDF page 124; supplemental reports are not added.",official_annual_city,警政署／刑事警察局年度正式統計
2023,汽車竊盜,80,official_final,內政部警政署刑事警察局,112年中華民國刑案統計（全書）,https://www.cib.npa.gov.tw/ch/app/data/doc?module=wg136&detailNo=1260800007716474880&type=s,cib_crime_statistics_2023_full.pdf,"當年發生件數 (current-year occurrences), PDF page 83; supplemental reports are not added.",official_annual_city,警政署／刑事警察局年度正式統計
2023,機車竊盜,479,official_final,內政部警政署刑事警察局,112年中華民國刑案統計（全書）,https://www.cib.npa.gov.tw/ch/app/data/doc?module=wg136&detailNo=1260800007716474880&type=s,cib_crime_statistics_2023_full.pdf,"當年發生件數 (current-year occurrences), PDF page 84; supplemental reports are not added.",official_annual_city,警政署／刑事警察局年度正式統計
2023,強制性交,0,official_final,內政部警政署刑事警察局,112年中華民國刑案統計（全書）,https://www.cib.npa.gov.tw/ch/app/data/doc?module=wg136&detailNo=1260800007716474880&type=s,cib_crime_statistics_2023_full.pdf,"當年發生件數 (current-year occurrences), PDF page 92; supplemental reports are not added.",official_annual_city,警政署／刑事警察局年度正式統計
2023,組織犯罪防制條例,,not_comparable,內政部警政署刑事警察局,,https://www.cib.npa.gov.tw/ch/app/data/list?id=2053&module=wg136,,Handled separately; statistical equivalence with the annual publication category is not asserted.,official_annual_city,警政署／刑事警察局年度正式統計
2024,毒品,2936,official_final,內政部警政署刑事警察局,113年中華民國刑案統計（全書）,https://www.cib.npa.gov.tw/ch/app/data/doc?module=wg136&detailNo=1419976006046846976&type=s,cib_crime_statistics_2024_full.pdf,"當年發生件數 (current-year occurrences), PDF page 92; supplemental reports are not added.",official_annual_city,警政署／刑事警察局年度正式統計
2024,強盜,5,official_final,內政部警政署刑事警察局,113年中華民國刑案統計（全書）,https://www.cib.npa.gov.tw/ch/app/data/doc?module=wg136&detailNo=1419976006046846976&type=s,cib_crime_statistics_2024_full.pdf,"當年發生件數 (current-year occurrences), PDF page 88; supplemental reports are not added.",official_annual_city,警政署／刑事警察局年度正式統計
2024,搶奪,2,official_final,內政部警政署刑事警察局,113年中華民國刑案統計（全書）,https://www.cib.npa.gov.tw/ch/app/data/doc?module=wg136&detailNo=1419976006046846976&type=s,cib_crime_statistics_2024_full.pdf,"當年發生件數 (current-year occurrences), PDF page 89; supplemental reports are not added.",official_annual_city,警政署／刑事警察局年度正式統計
2024,住宅竊盜,142,official_final,內政部警政署刑事警察局,113年中華民國刑案統計（全書）,https://www.cib.npa.gov.tw/ch/app/data/doc?module=wg136&detailNo=1419976006046846976&type=s,cib_crime_statistics_2024_full.pdf,"當年發生件數 (current-year occurrences), PDF page 126; supplemental reports are not added.",official_annual_city,警政署／刑事警察局年度正式統計
2024,汽車竊盜,81,official_final,內政部警政署刑事警察局,113年中華民國刑案統計（全書）,https://www.cib.npa.gov.tw/ch/app/data/doc?module=wg136&detailNo=1419976006046846976&type=s,cib_crime_statistics_2024_full.pdf,"當年發生件數 (current-year occurrences), PDF page 85; supplemental reports are not added.",official_annual_city,警政署／刑事警察局年度正式統計
2024,機車竊盜,467,official_final,內政部警政署刑事警察局,113年中華民國刑案統計（全書）,https://www.cib.npa.gov.tw/ch/app/data/doc?module=wg136&detailNo=1419976006046846976&type=s,cib_crime_statistics_2024_full.pdf,"當年發生件數 (current-year occurrences), PDF page 86; supplemental reports are not added.",official_annual_city,警政署／刑事警察局年度正式統計
2024,強制性交,0,official_final,內政部警政署刑事警察局,113年中華民國刑案統計（全書）,https://www.cib.npa.gov.tw/ch/app/data/doc?module=wg136&detailNo=1419976006046846976&type=s,cib_crime_statistics_2024_full.pdf,"當年發生件數 (current-year occurrences), PDF page 94; supplemental reports are not added.",official_annual_city,警政署／刑事警察局年度正式統計
2024,組織犯罪防制條例,,not_comparable,內政部警政署刑事警察局,,https://www.cib.npa.gov.tw/ch/app/data/list?id=2053&module=wg136,,Handled separately; statistical equivalence with the annual publication category is not asserted.,official_annual_city,警政署／刑事警察局年度正式統計
2025,毒品,3972,official_final,內政部警政署刑事警察局,114年中華民國刑案統計（全書）,https://www.cib.npa.gov.tw/ch/app/data/doc?module=wg136&detailNo=1545229914905513984&type=s,cib_crime_statistics_2025_full.pdf,"當年發生件數 (current-year occurrences), PDF page 91; supplemental reports are not added.",official_annual_city,警政署／刑事警察局年度正式統計
2025,強盜,9,official_final,內政部警政署刑事警察局,114年中華民國刑案統計（全書）,https://www.cib.npa.gov.tw/ch/app/data/doc?module=wg136&detailNo=1545229914905513984&type=s,cib_crime_statistics_2025_full.pdf,"當年發生件數 (current-year occurrences), PDF page 87; supplemental reports are not added.",official_annual_city,警政署／刑事警察局年度正式統計
2025,搶奪,10,official_final,內政部警政署刑事警察局,114年中華民國刑案統計（全書）,https://www.cib.npa.gov.tw/ch/app/data/doc?module=wg136&detailNo=1545229914905513984&type=s,cib_crime_statistics_2025_full.pdf,"當年發生件數 (current-year occurrences), PDF page 88; supplemental reports are not added.",official_annual_city,警政署／刑事警察局年度正式統計
2025,住宅竊盜,766,official_final,內政部警政署刑事警察局,114年中華民國刑案統計（全書）,https://www.cib.npa.gov.tw/ch/app/data/doc?module=wg136&detailNo=1545229914905513984&type=s,cib_crime_statistics_2025_full.pdf,"當年發生件數 (current-year occurrences), PDF page 125; supplemental reports are not added.",official_annual_city,警政署／刑事警察局年度正式統計
2025,汽車竊盜,84,official_final,內政部警政署刑事警察局,114年中華民國刑案統計（全書）,https://www.cib.npa.gov.tw/ch/app/data/doc?module=wg136&detailNo=1545229914905513984&type=s,cib_crime_statistics_2025_full.pdf,"當年發生件數 (current-year occurrences), PDF page 84; supplemental reports are not added.",official_annual_city,警政署／刑事警察局年度正式統計
2025,機車竊盜,463,official_final,內政部警政署刑事警察局,114年中華民國刑案統計（全書）,https://www.cib.npa.gov.tw/ch/app/data/doc?module=wg136&detailNo=1545229914905513984&type=s,cib_crime_statistics_2025_full.pdf,"當年發生件數 (current-year occurrences), PDF page 85; supplemental reports are not added.",official_annual_city,警政署／刑事警察局年度正式統計
2025,強制性交,0,official_final,內政部警政署刑事警察局,114年中華民國刑案統計（全書）,https://www.cib.npa.gov.tw/ch/app/data/doc?module=wg136&detailNo=1545229914905513984&type=s,cib_crime_statistics_2025_full.pdf,"當年發生件數 (current-year occurrences), PDF page 93; supplemental reports are not added.",official_annual_city,警政署／刑事警察局年度正式統計
2025,組織犯罪防制條例,,not_comparable,內政部警政署刑事警察局,,https://www.cib.npa.gov.tw/ch/app/data/list?id=2053&module=wg136,,Handled separately; statistical equivalence with the annual publication category is not asserted.,official_annual_city,警政署／刑事警察局年度正式統計
