year,crime_type,city_source_records,district_assigned_records,district_unassigned_records,invalid_date_records,district_assignment_rate
2016,住宅竊盜,144,144,0,0,1
2016,強制性交,24,24,0,0,1
2016,強盜,22,22,0,0,1
2016,搶奪,24,24,0,0,1
2016,機車竊盜,1192,575,617,0,0.4823825503
2016,毒品,3086,3084,1,1,0.9996758509
2016,汽車竊盜,238,238,0,0,1
2017,住宅竊盜,131,131,0,0,1
2017,強制性交,33,33,0,0,1
2017,強盜,14,14,0,0,1
2017,搶奪,19,19,0,0,1
2017,機車竊盜,964,427,537,0,0.4429460581
2017,毒品,3441,3440,0,1,1
2017,汽車竊盜,173,173,0,0,1
2018,住宅竊盜,104,104,0,0,1
2018,強制性交,18,18,0,0,1
2018,強盜,24,24,0,0,1
2018,搶奪,17,17,0,0,1
2018,機車竊盜,629,303,326,0,0.4817170111
2018,毒品,3136,3136,0,0,1
2018,汽車竊盜,135,134,1,0,0.9925925926
2018,組織犯罪防制條例,1,1,0,0,1
2019,住宅竊盜,78,78,0,0,1
2019,強制性交,0,0,0,0,
2019,強盜,17,17,0,0,1
2019,搶奪,16,16,0,0,1
2019,機車竊盜,526,257,269,0,0.4885931559
2019,毒品,2722,2722,0,0,1
2019,汽車竊盜,102,102,0,0,1
2019,組織犯罪防制條例,1,1,0,0,1
2020,住宅竊盜,70,70,0,0,1
2020,強制性交,6,6,0,0,1
2020,強盜,14,14,0,0,1
2020,搶奪,8,8,0,0,1
2020,機車竊盜,423,194,229,0,0.4586288416
2020,毒品,2549,2549,0,0,1
2020,汽車竊盜,91,91,0,0,1
2020,組織犯罪防制條例,0,0,0,0,
2021,住宅竊盜,70,70,0,0,1
2021,強制性交,3,3,0,0,1
2021,強盜,14,14,0,0,1
2021,搶奪,7,7,0,0,1
2021,機車竊盜,432,219,213,0,0.5069444444
2021,毒品,2135,2135,0,0,1
2021,汽車竊盜,49,49,0,0,1
2021,組織犯罪防制條例,1,1,0,0,1
2022,住宅竊盜,50,50,0,0,1
2022,強制性交,1,1,0,0,1
2022,強盜,7,7,0,0,1
2022,搶奪,6,6,0,0,1
2022,機車竊盜,461,218,243,0,0.4728850325
2022,毒品,1854,1853,0,1,1
2022,汽車竊盜,41,41,0,0,1
2022,組織犯罪防制條例,0,0,0,0,
2023,住宅竊盜,47,47,0,0,1
2023,強制性交,5,5,0,0,1
2023,強盜,3,3,0,0,1
2023,搶奪,9,9,0,0,1
2023,機車竊盜,488,243,245,0,0.4979508197
2023,毒品,1952,1952,0,0,1
2023,汽車竊盜,64,64,0,0,1
2023,組織犯罪防制條例,1,1,0,0,1
2024,住宅竊盜,129,129,0,0,1
2024,強制性交,2,2,0,0,1
2024,強盜,5,5,0,0,1
2024,搶奪,4,4,0,0,1
2024,機車竊盜,464,232,232,0,0.5
2024,毒品,1886,1886,0,0,1
2024,汽車竊盜,74,74,0,0,1
2024,組織犯罪防制條例,1,1,0,0,1
2025,住宅竊盜,703,703,0,0,1
2025,強制性交,6,6,0,0,1
2025,強盜,10,10,0,0,1
2025,搶奪,10,10,0,0,1
2025,機車竊盜,457,457,0,0,1
2025,毒品,2496,2496,0,0,1
2025,汽車竊盜,82,82,0,0,1
2025,組織犯罪防制條例,2,2,0,0,1
