year,district,crime_type,incident_count,population,population_basis,incidents_per_100k_population
2016,中區,住宅竊盜,1,18708,year_end_registered_population,5.3453068206
2016,中區,搶奪,3,18708,year_end_registered_population,16.0359204618
2016,中區,機車竊盜,33,18708,year_end_registered_population,176.3951250802
2016,中區,毒品,124,18708,year_end_registered_population,662.8180457558
2016,中區,汽車竊盜,5,18708,year_end_registered_population,26.7265341031
2016,北區,住宅竊盜,25,147585,year_end_registered_population,16.9393908595
2016,北區,強盜,4,147585,year_end_registered_population,2.7103025375
2016,北區,搶奪,1,147585,year_end_registered_population,0.6775756344
2016,北區,機車竊盜,44,147585,year_end_registered_population,29.8133279127
2016,北區,毒品,368,147585,year_end_registered_population,249.3478334519
2016,北區,汽車竊盜,8,147585,year_end_registered_population,5.420605075
2016,北屯區,住宅竊盜,14,270547,year_end_registered_population,5.174701623
2016,北屯區,強制性交,1,270547,year_end_registered_population,0.3696215445
2016,北屯區,強盜,2,270547,year_end_registered_population,0.739243089
2016,北屯區,機車竊盜,67,270547,year_end_registered_population,24.7646434815
2016,北屯區,毒品,286,270547,year_end_registered_population,105.7117617272
2016,北屯區,汽車竊盜,21,270547,year_end_registered_population,7.7620524345
2016,南區,住宅竊盜,15,123502,year_end_registered_population,12.1455522987
2016,南區,強制性交,2,123502,year_end_registered_population,1.6194069732
2016,南區,強盜,1,123502,year_end_registered_population,0.8097034866
2016,南區,機車竊盜,27,123502,year_end_registered_population,21.8619941377
2016,南區,毒品,55,123502,year_end_registered_population,44.5336917621
2016,南區,汽車竊盜,5,123502,year_end_registered_population,4.0485174329
2016,南屯區,住宅竊盜,4,166685,year_end_registered_population,2.399736029
2016,南屯區,強盜,1,166685,year_end_registered_population,0.5999340073
2016,南屯區,搶奪,1,166685,year_end_registered_population,0.5999340073
2016,南屯區,機車竊盜,17,166685,year_end_registered_population,10.1988781234
2016,南屯區,毒品,94,166685,year_end_registered_population,56.3937966824
2016,南屯區,汽車竊盜,14,166685,year_end_registered_population,8.3990761016
2016,后里區,住宅竊盜,1,54332,year_end_registered_population,1.8405359641
2016,后里區,強盜,2,54332,year_end_registered_population,3.6810719281
2016,后里區,機車竊盜,4,54332,year_end_registered_population,7.3621438563
2016,后里區,毒品,54,54332,year_end_registered_population,99.3889420599
2016,后里區,汽車竊盜,6,54332,year_end_registered_population,11.0432157844
2016,和平區,機車竊盜,1,10795,year_end_registered_population,9.2635479389
2016,和平區,毒品,4,10795,year_end_registered_population,37.0541917554
2016,和平區,汽車竊盜,1,10795,year_end_registered_population,9.2635479389
2016,外埔區,毒品,34,32034,year_end_registered_population,106.137229194
2016,外埔區,汽車竊盜,3,32034,year_end_registered_population,9.3650496348
2016,大安區,搶奪,1,19409,year_end_registered_population,5.1522489567
2016,大安區,機車竊盜,1,19409,year_end_registered_population,5.1522489567
2016,大安區,毒品,35,19409,year_end_registered_population,180.3287134834
2016,大甲區,強制性交,1,77656,year_end_registered_population,1.2877305038
2016,大甲區,機車竊盜,7,77656,year_end_registered_population,9.0141135263
2016,大甲區,毒品,108,77656,year_end_registered_population,139.0748944061
2016,大甲區,汽車竊盜,10,77656,year_end_registered_population,12.8773050376
2016,大肚區,強制性交,2,57207,year_end_registered_population,3.4960756551
2016,大肚區,搶奪,1,57207,year_end_registered_population,1.7480378275
2016,大肚區,機車竊盜,9,57207,year_end_registered_population,15.7323404478
2016,大肚區,毒品,46,57207,year_end_registered_population,80.4097400668
2016,大肚區,汽車竊盜,3,57207,year_end_registered_population,5.2441134826
2016,大里區,住宅竊盜,2,210285,year_end_registered_population,0.9510901871
2016,大里區,強制性交,2,210285,year_end_registered_population,0.9510901871
2016,大里區,搶奪,5,210285,year_end_registered_population,2.3777254678
2016,大里區,機車竊盜,43,210285,year_end_registered_population,20.4484390232
2016,大里區,毒品,216,210285,year_end_registered_population,102.7177402097
2016,大里區,汽車竊盜,8,210285,year_end_registered_population,3.8043607485
2016,大雅區,住宅竊盜,5,94488,year_end_registered_population,5.29167725
2016,大雅區,機車竊盜,19,94488,year_end_registered_population,20.1083735501
2016,大雅區,毒品,88,94488,year_end_registered_population,93.1335196004
2016,大雅區,汽車竊盜,9,94488,year_end_registered_population,9.52501905
2016,太平區,住宅竊盜,6,186271,year_end_registered_population,3.2211133241
2016,太平區,強盜,2,186271,year_end_registered_population,1.0737044414
2016,太平區,搶奪,2,186271,year_end_registered_population,1.0737044414
2016,太平區,機車竊盜,32,186271,year_end_registered_population,17.1792710621
2016,太平區,毒品,169,186271,year_end_registered_population,90.7280252965
2016,太平區,汽車竊盜,14,186271,year_end_registered_population,7.5159310896
2016,新社區,住宅竊盜,3,24947,year_end_registered_population,12.0254940474
2016,新社區,機車竊盜,7,24947,year_end_registered_population,28.0594861106
2016,新社區,毒品,11,24947,year_end_registered_population,44.0934781737
2016,新社區,汽車竊盜,2,24947,year_end_registered_population,8.0169960316
2016,東勢區,住宅竊盜,1,50952,year_end_registered_population,1.9626314963
2016,東勢區,強制性交,1,50952,year_end_registered_population,1.9626314963
2016,東勢區,機車竊盜,9,50952,year_end_registered_population,17.6636834668
2016,東勢區,毒品,43,50952,year_end_registered_population,84.3931543413
2016,東勢區,汽車竊盜,4,50952,year_end_registered_population,7.8505259852
2016,東區,住宅竊盜,13,75396,year_end_registered_population,17.2422940209
2016,東區,強制性交,6,75396,year_end_registered_population,7.9579818558
2016,東區,機車竊盜,22,75396,year_end_registered_population,29.1792668046
2016,東區,毒品,114,75396,year_end_registered_population,151.2016552602
2016,東區,汽車竊盜,17,75396,year_end_registered_population,22.5476152581
2016,梧棲區,住宅竊盜,1,57645,year_end_registered_population,1.7347558331
2016,梧棲區,強制性交,2,57645,year_end_registered_population,3.4695116662
2016,梧棲區,機車竊盜,10,57645,year_end_registered_population,17.3475583312
2016,梧棲區,毒品,59,57645,year_end_registered_population,102.3505941539
2016,梧棲區,汽車竊盜,6,57645,year_end_registered_population,10.4085349987
2016,沙鹿區,住宅竊盜,2,91338,year_end_registered_population,2.189669141
2016,沙鹿區,強制性交,3,91338,year_end_registered_population,3.2845037115
2016,沙鹿區,強盜,2,91338,year_end_registered_population,2.189669141
2016,沙鹿區,搶奪,2,91338,year_end_registered_population,2.189669141
2016,沙鹿區,機車竊盜,25,91338,year_end_registered_population,27.3708642624
2016,沙鹿區,毒品,120,91338,year_end_registered_population,131.3801484596
2016,沙鹿區,汽車竊盜,12,91338,year_end_registered_population,13.138014846
2016,清水區,搶奪,1,86350,year_end_registered_population,1.1580775912
2016,清水區,機車竊盜,10,86350,year_end_registered_population,11.580775912
2016,清水區,毒品,98,86350,year_end_registered_population,113.4916039375
2016,清水區,汽車竊盜,8,86350,year_end_registered_population,9.2646207296
2016,潭子區,住宅竊盜,9,107530,year_end_registered_population,8.369757277
2016,潭子區,機車竊盜,16,107530,year_end_registered_population,14.8795684925
2016,潭子區,毒品,147,107530,year_end_registered_population,136.706035525
2016,潭子區,汽車竊盜,9,107530,year_end_registered_population,8.369757277
2016,烏日區,住宅竊盜,4,73647,year_end_registered_population,5.4313142423
2016,烏日區,搶奪,1,73647,year_end_registered_population,1.3578285606
2016,烏日區,機車竊盜,15,73647,year_end_registered_population,20.3674284085
2016,烏日區,毒品,78,73647,year_end_registered_population,105.9106277241
2016,烏日區,汽車竊盜,4,73647,year_end_registered_population,5.4313142423
2016,石岡區,搶奪,1,15174,year_end_registered_population,6.5902201134
2016,石岡區,機車竊盜,2,15174,year_end_registered_population,13.1804402267
2016,石岡區,毒品,4,15174,year_end_registered_population,26.3608804534
2016,石岡區,汽車竊盜,1,15174,year_end_registered_population,6.5902201134
2016,神岡區,住宅竊盜,3,65496,year_end_registered_population,4.5804323928
2016,神岡區,機車竊盜,2,65496,year_end_registered_population,3.0536215952
2016,神岡區,毒品,42,65496,year_end_registered_population,64.1260534995
2016,神岡區,汽車竊盜,4,65496,year_end_registered_population,6.1072431904
2016,西區,住宅竊盜,5,115747,year_end_registered_population,4.319766387
2016,西區,強制性交,1,115747,year_end_registered_population,0.8639532774
2016,西區,強盜,3,115747,year_end_registered_population,2.5918598322
2016,西區,搶奪,2,115747,year_end_registered_population,1.7279065548
2016,西區,機車竊盜,40,115747,year_end_registered_population,34.5581310963
2016,西區,毒品,89,115747,year_end_registered_population,76.8918416892
2016,西區,汽車竊盜,7,115747,year_end_registered_population,6.0476729418
2016,西屯區,住宅竊盜,16,224601,year_end_registered_population,7.1237438836
2016,西屯區,強制性交,2,224601,year_end_registered_population,0.8904679854
2016,西屯區,強盜,2,224601,year_end_registered_population,0.8904679854
2016,西屯區,搶奪,1,224601,year_end_registered_population,0.4452339927
2016,西屯區,機車竊盜,58,224601,year_end_registered_population,25.823571578
2016,西屯區,毒品,287,224601,year_end_registered_population,127.782155912
2016,西屯區,汽車竊盜,26,224601,year_end_registered_population,11.5760838108
2016,豐原區,住宅竊盜,9,166778,year_end_registered_population,5.396395208
2016,豐原區,強盜,1,166778,year_end_registered_population,0.5995994676
2016,豐原區,機車竊盜,33,166778,year_end_registered_population,19.7867824293
2016,豐原區,毒品,187,166778,year_end_registered_population,112.1251004329
2016,豐原區,汽車竊盜,17,166778,year_end_registered_population,10.1931909484
2016,霧峰區,住宅竊盜,1,64898,year_end_registered_population,1.540879534
2016,霧峰區,強制性交,1,64898,year_end_registered_population,1.540879534
2016,霧峰區,強盜,1,64898,year_end_registered_population,1.540879534
2016,霧峰區,搶奪,1,64898,year_end_registered_population,1.540879534
2016,霧峰區,機車竊盜,12,64898,year_end_registered_population,18.4905544085
2016,霧峰區,毒品,48,64898,year_end_registered_population,73.9622176338
2016,霧峰區,汽車竊盜,11,64898,year_end_registered_population,16.9496748744
2016,龍井區,住宅竊盜,4,77236,year_end_registered_population,5.1789321042
2016,龍井區,強盜,1,77236,year_end_registered_population,1.2947330261
2016,龍井區,搶奪,1,77236,year_end_registered_population,1.2947330261
2016,龍井區,機車竊盜,10,77236,year_end_registered_population,12.9473302605
2016,龍井區,毒品,76,77236,year_end_registered_population,98.3997099798
2016,龍井區,汽車竊盜,3,77236,year_end_registered_population,3.8841990782
2017,中區,住宅竊盜,2,18450,year_end_registered_population,10.8401084011
2017,中區,搶奪,1,18450,year_end_registered_population,5.4200542005
2017,中區,機車竊盜,29,18450,year_end_registered_population,157.1815718157
2017,中區,毒品,110,18450,year_end_registered_population,596.2059620596
2017,中區,汽車竊盜,5,18450,year_end_registered_population,27.1002710027
2017,北區,住宅竊盜,20,147653,year_end_registered_population,13.5452716843
2017,北區,強盜,1,147653,year_end_registered_population,0.6772635842
2017,北區,搶奪,2,147653,year_end_registered_population,1.3545271684
2017,北區,機車竊盜,39,147653,year_end_registered_population,26.4132797844
2017,北區,毒品,493,147653,year_end_registered_population,333.8909470177
2017,北區,汽車竊盜,8,147653,year_end_registered_population,5.4181086737
2017,北屯區,住宅竊盜,16,274819,year_end_registered_population,5.8220137618
2017,北屯區,強制性交,1,274819,year_end_registered_population,0.3638758601
2017,北屯區,強盜,1,274819,year_end_registered_population,0.3638758601
2017,北屯區,機車竊盜,36,274819,year_end_registered_population,13.099530964
2017,北屯區,毒品,347,274819,year_end_registered_population,126.2649234587
2017,北屯區,汽車竊盜,20,274819,year_end_registered_population,7.2775172022
2017,南區,住宅竊盜,5,125067,year_end_registered_population,3.9978571486
2017,南區,機車竊盜,25,125067,year_end_registered_population,19.9892857428
2017,南區,毒品,74,125067,year_end_registered_population,59.1682857988
2017,南區,汽車竊盜,9,125067,year_end_registered_population,7.1961428674
2017,南屯區,住宅竊盜,8,168760,year_end_registered_population,4.7404598246
2017,南屯區,強制性交,2,168760,year_end_registered_population,1.1851149562
2017,南屯區,強盜,1,168760,year_end_registered_population,0.5925574781
2017,南屯區,機車竊盜,13,168760,year_end_registered_population,7.703247215
2017,南屯區,毒品,97,168760,year_end_registered_population,57.4780753733
2017,南屯區,汽車竊盜,6,168760,year_end_registered_population,3.5553448685
2017,后里區,強制性交,1,54482,year_end_registered_population,1.8354685951
2017,后里區,搶奪,1,54482,year_end_registered_population,1.8354685951
2017,后里區,機車竊盜,8,54482,year_end_registered_population,14.6837487611
2017,后里區,毒品,64,54482,year_end_registered_population,117.4699900885
2017,后里區,汽車竊盜,2,54482,year_end_registered_population,3.6709371903
2017,和平區,機車竊盜,1,10949,year_end_registered_population,9.1332541785
2017,和平區,毒品,8,10949,year_end_registered_population,73.0660334277
2017,外埔區,機車竊盜,1,32185,year_end_registered_population,3.1070374398
2017,外埔區,毒品,44,32185,year_end_registered_population,136.7096473513
2017,大安區,強制性交,1,19303,year_end_registered_population,5.1805418847
2017,大安區,毒品,40,19303,year_end_registered_population,207.2216753872
2017,大甲區,住宅竊盜,3,77761,year_end_registered_population,3.8579750775
2017,大甲區,機車竊盜,10,77761,year_end_registered_population,12.8599169249
2017,大甲區,毒品,103,77761,year_end_registered_population,132.4571443268
2017,大甲區,汽車竊盜,3,77761,year_end_registered_population,3.8579750775
2017,大肚區,住宅竊盜,2,57322,year_end_registered_population,3.4890617913
2017,大肚區,機車竊盜,7,57322,year_end_registered_population,12.2117162695
2017,大肚區,毒品,36,57322,year_end_registered_population,62.8031122431
2017,大肚區,汽車竊盜,6,57322,year_end_registered_population,10.4671853739
2017,大里區,住宅竊盜,3,211492,year_end_registered_population,1.4184933709
2017,大里區,強制性交,2,211492,year_end_registered_population,0.9456622473
2017,大里區,搶奪,1,211492,year_end_registered_population,0.4728311236
2017,大里區,機車竊盜,24,211492,year_end_registered_population,11.3479469673
2017,大里區,毒品,234,211492,year_end_registered_population,110.6424829308
2017,大里區,汽車竊盜,11,211492,year_end_registered_population,5.20114236
2017,大雅區,住宅竊盜,8,95203,year_end_registered_population,8.4030965411
2017,大雅區,強盜,1,95203,year_end_registered_population,1.0503870676
2017,大雅區,機車竊盜,11,95203,year_end_registered_population,11.554257744
2017,大雅區,毒品,95,95203,year_end_registered_population,99.7867714253
2017,大雅區,汽車竊盜,10,95203,year_end_registered_population,10.5038706763
2017,太平區,住宅竊盜,2,189066,year_end_registered_population,1.0578316567
2017,太平區,機車竊盜,31,189066,year_end_registered_population,16.3963906784
2017,太平區,毒品,191,189066,year_end_registered_population,101.022923212
2017,太平區,汽車竊盜,5,189066,year_end_registered_population,2.6445791417
2017,新社區,搶奪,1,24754,year_end_registered_population,4.0397511513
2017,新社區,機車竊盜,1,24754,year_end_registered_population,4.0397511513
2017,新社區,毒品,14,24754,year_end_registered_population,56.5565161186
2017,新社區,汽車竊盜,2,24754,year_end_registered_population,8.0795023027
2017,東勢區,住宅竊盜,3,50714,year_end_registered_population,5.9155262847
2017,東勢區,強制性交,1,50714,year_end_registered_population,1.9718420949
2017,東勢區,強盜,1,50714,year_end_registered_population,1.9718420949
2017,東勢區,機車竊盜,8,50714,year_end_registered_population,15.7747367591
2017,東勢區,毒品,44,50714,year_end_registered_population,86.7610521749
2017,東勢區,汽車竊盜,2,50714,year_end_registered_population,3.9436841898
2017,東區,住宅竊盜,8,75811,year_end_registered_population,10.5525583359
2017,東區,強制性交,4,75811,year_end_registered_population,5.2762791679
2017,東區,搶奪,3,75811,year_end_registered_population,3.9572093759
2017,東區,機車竊盜,34,75811,year_end_registered_population,44.8483729274
2017,東區,毒品,118,75811,year_end_registered_population,155.650235454
2017,東區,汽車竊盜,9,75811,year_end_registered_population,11.8716281278
2017,梧棲區,強盜,1,57993,year_end_registered_population,1.7243460418
2017,梧棲區,搶奪,1,57993,year_end_registered_population,1.7243460418
2017,梧棲區,機車竊盜,6,57993,year_end_registered_population,10.3460762506
2017,梧棲區,毒品,60,57993,year_end_registered_population,103.4607625058
2017,梧棲區,汽車竊盜,6,57993,year_end_registered_population,10.3460762506
2017,沙鹿區,強制性交,2,92645,year_end_registered_population,2.1587781316
2017,沙鹿區,強盜,3,92645,year_end_registered_population,3.2381671974
2017,沙鹿區,機車竊盜,16,92645,year_end_registered_population,17.2702250526
2017,沙鹿區,毒品,121,92645,year_end_registered_population,130.6060769604
2017,沙鹿區,汽車竊盜,8,92645,year_end_registered_population,8.6351125263
2017,清水區,住宅竊盜,1,86420,year_end_registered_population,1.157139551
2017,清水區,強制性交,1,86420,year_end_registered_population,1.157139551
2017,清水區,強盜,2,86420,year_end_registered_population,2.3142791021
2017,清水區,機車竊盜,16,86420,year_end_registered_population,18.5142328165
2017,清水區,毒品,89,86420,year_end_registered_population,102.9854200417
2017,清水區,汽車竊盜,8,86420,year_end_registered_population,9.2571164082
2017,潭子區,住宅竊盜,4,108288,year_end_registered_population,3.6938534279
2017,潭子區,強制性交,3,108288,year_end_registered_population,2.7703900709
2017,潭子區,機車竊盜,13,108288,year_end_registered_population,12.0050236407
2017,潭子區,毒品,122,108288,year_end_registered_population,112.6625295508
2017,潭子區,汽車竊盜,5,108288,year_end_registered_population,4.6173167849
2017,烏日區,住宅竊盜,2,74554,year_end_registered_population,2.6826193095
2017,烏日區,強制性交,3,74554,year_end_registered_population,4.0239289642
2017,烏日區,搶奪,1,74554,year_end_registered_population,1.3413096547
2017,烏日區,機車竊盜,6,74554,year_end_registered_population,8.0478579285
2017,烏日區,毒品,122,74554,year_end_registered_population,163.6397778791
2017,烏日區,汽車竊盜,5,74554,year_end_registered_population,6.7065482737
2017,石岡區,強盜,1,15066,year_end_registered_population,6.6374618346
2017,石岡區,機車竊盜,2,15066,year_end_registered_population,13.2749236692
2017,石岡區,毒品,11,15066,year_end_registered_population,73.0120801805
2017,石岡區,汽車竊盜,1,15066,year_end_registered_population,6.6374618346
2017,神岡區,住宅竊盜,9,65553,year_end_registered_population,13.7293487712
2017,神岡區,機車竊盜,3,65553,year_end_registered_population,4.5764495904
2017,神岡區,毒品,45,65553,year_end_registered_population,68.6467438561
2017,神岡區,汽車竊盜,3,65553,year_end_registered_population,4.5764495904
2017,西區,住宅竊盜,5,115627,year_end_registered_population,4.3242495265
2017,西區,強制性交,1,115627,year_end_registered_population,0.8648499053
2017,西區,搶奪,3,115627,year_end_registered_population,2.5945497159
2017,西區,機車竊盜,13,115627,year_end_registered_population,11.2430487689
2017,西區,毒品,115,115627,year_end_registered_population,99.4577391094
2017,西區,汽車竊盜,4,115627,year_end_registered_population,3.4593996212
2017,西屯區,住宅竊盜,17,227043,year_end_registered_population,7.4875684342
2017,西屯區,強制性交,6,227043,year_end_registered_population,2.6426712121
2017,西屯區,強盜,1,227043,year_end_registered_population,0.440445202
2017,西屯區,搶奪,3,227043,year_end_registered_population,1.321335606
2017,西屯區,機車竊盜,41,227043,year_end_registered_population,18.0582532824
2017,西屯區,毒品,282,227043,year_end_registered_population,124.2055469669
2017,西屯區,汽車竊盜,10,227043,year_end_registered_population,4.4044520201
2017,豐原區,住宅竊盜,7,166879,year_end_registered_population,4.1946560082
2017,豐原區,強制性交,2,166879,year_end_registered_population,1.1984731452
2017,豐原區,強盜,1,166879,year_end_registered_population,0.5992365726
2017,豐原區,搶奪,2,166879,year_end_registered_population,1.1984731452
2017,豐原區,機車竊盜,21,166879,year_end_registered_population,12.5839680247
2017,豐原區,毒品,210,166879,year_end_registered_population,125.8396802474
2017,豐原區,汽車竊盜,16,166879,year_end_registered_population,9.5877851617
2017,霧峰區,住宅竊盜,2,65393,year_end_registered_population,3.0584313306
2017,霧峰區,機車竊盜,10,65393,year_end_registered_population,15.2921566529
2017,霧峰區,毒品,92,65393,year_end_registered_population,140.6878412062
2017,霧峰區,汽車竊盜,3,65393,year_end_registered_population,4.5876469959
2017,龍井區,住宅竊盜,4,77818,year_end_registered_population,5.1401989257
2017,龍井區,強制性交,3,77818,year_end_registered_population,3.8551491943
2017,龍井區,機車竊盜,2,77818,year_end_registered_population,2.5700994628
2017,龍井區,毒品,59,77818,year_end_registered_population,75.8179341541
2017,龍井區,汽車竊盜,6,77818,year_end_registered_population,7.7102983885
2018,中區,強盜,1,18514,year_end_registered_population,5.4013179216
2018,中區,搶奪,1,18514,year_end_registered_population,5.4013179216
2018,中區,機車竊盜,12,18514,year_end_registered_population,64.8158150589
2018,中區,毒品,171,18514,year_end_registered_population,923.625364589
2018,中區,汽車竊盜,2,18514,year_end_registered_population,10.8026358431
2018,北區,住宅竊盜,15,147557,year_end_registered_population,10.1655631383
2018,北區,強盜,1,147557,year_end_registered_population,0.6777042092
2018,北區,搶奪,4,147557,year_end_registered_population,2.7108168369
2018,北區,機車竊盜,24,147557,year_end_registered_population,16.2649010213
2018,北區,毒品,468,147557,year_end_registered_population,317.1655699154
2018,北區,汽車竊盜,5,147557,year_end_registered_population,3.3885210461
2018,北屯區,住宅竊盜,16,279297,year_end_registered_population,5.7286687648
2018,北屯區,強制性交,2,279297,year_end_registered_population,0.7160835956
2018,北屯區,強盜,1,279297,year_end_registered_population,0.3580417978
2018,北屯區,搶奪,3,279297,year_end_registered_population,1.0741253934
2018,北屯區,機車竊盜,27,279297,year_end_registered_population,9.6671285406
2018,北屯區,毒品,343,279297,year_end_registered_population,122.8083366452
2018,北屯區,汽車竊盜,14,279297,year_end_registered_population,5.0125851692
2018,南區,住宅竊盜,3,125874,year_end_registered_population,2.3833357167
2018,南區,強制性交,2,125874,year_end_registered_population,1.5888904778
2018,南區,搶奪,4,125874,year_end_registered_population,3.1777809556
2018,南區,機車竊盜,21,125874,year_end_registered_population,16.6833500167
2018,南區,毒品,68,125874,year_end_registered_population,54.0222762445
2018,南區,汽車竊盜,1,125874,year_end_registered_population,0.7944452389
2018,南屯區,住宅竊盜,7,170618,year_end_registered_population,4.1027324198
2018,南屯區,強制性交,3,170618,year_end_registered_population,1.7583138942
2018,南屯區,強盜,1,170618,year_end_registered_population,0.5861046314
2018,南屯區,機車竊盜,4,170618,year_end_registered_population,2.3444185256
2018,南屯區,毒品,113,170618,year_end_registered_population,66.2298233481
2018,南屯區,汽車竊盜,5,170618,year_end_registered_population,2.930523157
2018,后里區,機車竊盜,7,54775,year_end_registered_population,12.7795527157
2018,后里區,毒品,53,54775,year_end_registered_population,96.7594705614
2018,后里區,汽車竊盜,2,54775,year_end_registered_population,3.6513007759
2018,和平區,機車竊盜,1,11015,year_end_registered_population,9.0785292783
2018,和平區,毒品,3,11015,year_end_registered_population,27.2355878348
2018,外埔區,機車竊盜,2,32230,year_end_registered_population,6.2053986969
2018,外埔區,毒品,28,32230,year_end_registered_population,86.8755817561
2018,外埔區,汽車竊盜,2,32230,year_end_registered_population,6.2053986969
2018,大安區,毒品,18,19267,year_end_registered_population,93.4239892043
2018,大甲區,住宅竊盜,2,77625,year_end_registered_population,2.576489533
2018,大甲區,強制性交,1,77625,year_end_registered_population,1.2882447665
2018,大甲區,機車竊盜,8,77625,year_end_registered_population,10.305958132
2018,大甲區,毒品,75,77625,year_end_registered_population,96.6183574879
2018,大甲區,汽車竊盜,4,77625,year_end_registered_population,5.152979066
2018,大肚區,住宅竊盜,1,57324,year_end_registered_population,1.74447003
2018,大肚區,強制性交,1,57324,year_end_registered_population,1.74447003
2018,大肚區,機車竊盜,5,57324,year_end_registered_population,8.72235015
2018,大肚區,毒品,44,57324,year_end_registered_population,76.7566813202
2018,大肚區,汽車竊盜,1,57324,year_end_registered_population,1.74447003
2018,大里區,強制性交,1,212104,year_end_registered_population,0.4714668276
2018,大里區,強盜,1,212104,year_end_registered_population,0.4714668276
2018,大里區,搶奪,1,212104,year_end_registered_population,0.4714668276
2018,大里區,機車竊盜,20,212104,year_end_registered_population,9.4293365519
2018,大里區,毒品,151,212104,year_end_registered_population,71.1914909667
2018,大里區,汽車竊盜,7,212104,year_end_registered_population,3.3002677932
2018,大雅區,住宅竊盜,6,95815,year_end_registered_population,6.262067526
2018,大雅區,強盜,1,95815,year_end_registered_population,1.043677921
2018,大雅區,機車竊盜,11,95815,year_end_registered_population,11.4804571309
2018,大雅區,毒品,78,95815,year_end_registered_population,81.4068778375
2018,大雅區,汽車竊盜,3,95815,year_end_registered_population,3.131033763
2018,太平區,強制性交,1,191752,year_end_registered_population,0.5215069465
2018,太平區,強盜,2,191752,year_end_registered_population,1.0430138929
2018,太平區,機車竊盜,18,191752,year_end_registered_population,9.3871250365
2018,太平區,毒品,158,191752,year_end_registered_population,82.3980975427
2018,太平區,汽車竊盜,12,191752,year_end_registered_population,6.2580833577
2018,新社區,機車竊盜,5,24576,year_end_registered_population,20.3450520833
2018,新社區,毒品,8,24576,year_end_registered_population,32.5520833333
2018,東勢區,住宅竊盜,2,50256,year_end_registered_population,3.9796243235
2018,東勢區,機車竊盜,3,50256,year_end_registered_population,5.9694364852
2018,東勢區,毒品,40,50256,year_end_registered_population,79.5924864693
2018,東勢區,汽車竊盜,2,50256,year_end_registered_population,3.9796243235
2018,東區,住宅竊盜,3,76175,year_end_registered_population,3.9382999672
2018,東區,強制性交,2,76175,year_end_registered_population,2.6255333115
2018,東區,強盜,1,76175,year_end_registered_population,1.3127666557
2018,東區,機車竊盜,16,76175,year_end_registered_population,21.0042664916
2018,東區,毒品,109,76175,year_end_registered_population,143.0915654742
2018,東區,汽車竊盜,6,76175,year_end_registered_population,7.8765999344
2018,梧棲區,住宅竊盜,2,58218,year_end_registered_population,3.4353636332
2018,梧棲區,強盜,1,58218,year_end_registered_population,1.7176818166
2018,梧棲區,機車竊盜,6,58218,year_end_registered_population,10.3060908997
2018,梧棲區,毒品,65,58218,year_end_registered_population,111.6493180803
2018,梧棲區,汽車竊盜,5,58218,year_end_registered_population,8.5884090831
2018,沙鹿區,住宅竊盜,1,94079,year_end_registered_population,1.0629364683
2018,沙鹿區,強盜,1,94079,year_end_registered_population,1.0629364683
2018,沙鹿區,機車竊盜,6,94079,year_end_registered_population,6.3776188097
2018,沙鹿區,毒品,106,94079,year_end_registered_population,112.6712656385
2018,沙鹿區,汽車竊盜,7,94079,year_end_registered_population,7.440555278
2018,清水區,住宅竊盜,2,86862,year_end_registered_population,2.3025028206
2018,清水區,強制性交,1,86862,year_end_registered_population,1.1512514103
2018,清水區,強盜,2,86862,year_end_registered_population,2.3025028206
2018,清水區,機車竊盜,7,86862,year_end_registered_population,8.058759872
2018,清水區,毒品,62,86862,year_end_registered_population,71.3775874375
2018,清水區,汽車竊盜,6,86862,year_end_registered_population,6.9075084617
2018,潭子區,住宅竊盜,4,108952,year_end_registered_population,3.6713415082
2018,潭子區,機車竊盜,7,108952,year_end_registered_population,6.4248476393
2018,潭子區,毒品,76,108952,year_end_registered_population,69.7554886556
2018,潭子區,汽車竊盜,8,108952,year_end_registered_population,7.3426830164
2018,烏日區,強盜,1,75372,year_end_registered_population,1.3267526402
2018,烏日區,機車竊盜,8,75372,year_end_registered_population,10.6140211219
2018,烏日區,毒品,73,75372,year_end_registered_population,96.8529427374
2018,烏日區,汽車竊盜,2,75372,year_end_registered_population,2.6535052805
2018,石岡區,住宅竊盜,1,14956,year_end_registered_population,6.6862797539
2018,石岡區,機車竊盜,1,14956,year_end_registered_population,6.6862797539
2018,石岡區,毒品,9,14956,year_end_registered_population,60.1765177855
2018,神岡區,住宅竊盜,7,65711,year_end_registered_population,10.6527065484
2018,神岡區,強盜,1,65711,year_end_registered_population,1.5218152212
2018,神岡區,搶奪,2,65711,year_end_registered_population,3.0436304424
2018,神岡區,機車竊盜,11,65711,year_end_registered_population,16.7399674332
2018,神岡區,毒品,48,65711,year_end_registered_population,73.0471306174
2018,神岡區,汽車竊盜,4,65711,year_end_registered_population,6.0872608848
2018,西區,住宅竊盜,3,115698,year_end_registered_population,2.5929575274
2018,西區,強盜,1,115698,year_end_registered_population,0.8643191758
2018,西區,搶奪,1,115698,year_end_registered_population,0.8643191758
2018,西區,機車竊盜,15,115698,year_end_registered_population,12.9647876368
2018,西區,毒品,107,115698,year_end_registered_population,92.482151809
2018,西區,汽車竊盜,2,115698,year_end_registered_population,1.7286383516
2018,西屯區,住宅竊盜,12,228630,year_end_registered_population,5.2486550321
2018,西屯區,強制性交,1,228630,year_end_registered_population,0.4373879193
2018,西屯區,強盜,6,228630,year_end_registered_population,2.6243275161
2018,西屯區,搶奪,1,228630,year_end_registered_population,0.4373879193
2018,西屯區,機車竊盜,25,228630,year_end_registered_population,10.9346979836
2018,西屯區,毒品,392,228630,year_end_registered_population,171.4560643835
2018,西屯區,汽車竊盜,4,228630,year_end_registered_population,1.7495516774
2018,豐原區,住宅竊盜,11,167025,year_end_registered_population,6.585840443
2018,豐原區,強制性交,1,167025,year_end_registered_population,0.5987127675
2018,豐原區,強盜,2,167025,year_end_registered_population,1.1974255351
2018,豐原區,機車竊盜,22,167025,year_end_registered_population,13.1716808861
2018,豐原區,毒品,159,167025,year_end_registered_population,95.1953300404
2018,豐原區,汽車竊盜,22,167025,year_end_registered_population,13.1716808861
2018,霧峰區,機車竊盜,7,65619,year_end_registered_population,10.6676419939
2018,霧峰區,毒品,56,65619,year_end_registered_population,85.3411359515
2018,霧峰區,汽車竊盜,4,65619,year_end_registered_population,6.0957954251
2018,龍井區,住宅竊盜,6,77998,year_end_registered_population,7.692504936
2018,龍井區,強制性交,2,77998,year_end_registered_population,2.564168312
2018,龍井區,機車竊盜,4,77998,year_end_registered_population,5.128336624
2018,龍井區,毒品,55,77998,year_end_registered_population,70.5146285802
2018,龍井區,汽車竊盜,4,77998,year_end_registered_population,5.128336624
2018,龍井區,組織犯罪防制條例,1,77998,year_end_registered_population,1.282084156
2019,中區,住宅竊盜,2,18390,year_end_registered_population,10.8754758021
2019,中區,搶奪,3,18390,year_end_registered_population,16.3132137031
2019,中區,機車竊盜,11,18390,year_end_registered_population,59.8151169114
2019,中區,毒品,124,18390,year_end_registered_population,674.2794997281
2019,北區,住宅竊盜,12,147391,year_end_registered_population,8.1416097319
2019,北區,強盜,1,147391,year_end_registered_population,0.6784674777
2019,北區,搶奪,2,147391,year_end_registered_population,1.3569349553
2019,北區,機車竊盜,19,147391,year_end_registered_population,12.8908820756
2019,北區,毒品,263,147391,year_end_registered_population,178.436946625
2019,北區,汽車竊盜,5,147391,year_end_registered_population,3.3923373883
2019,北屯區,住宅竊盜,7,283621,year_end_registered_population,2.4680824057
2019,北屯區,強盜,3,283621,year_end_registered_population,1.0577496025
2019,北屯區,搶奪,1,283621,year_end_registered_population,0.3525832008
2019,北屯區,機車竊盜,17,283621,year_end_registered_population,5.993914414
2019,北屯區,毒品,517,283621,year_end_registered_population,182.2855148244
2019,北屯區,汽車竊盜,8,283621,year_end_registered_population,2.8206656066
2019,南區,住宅竊盜,5,126571,year_end_registered_population,3.9503519764
2019,南區,搶奪,1,126571,year_end_registered_population,0.7900703953
2019,南區,機車竊盜,16,126571,year_end_registered_population,12.6411263244
2019,南區,毒品,96,126571,year_end_registered_population,75.8467579461
2019,南區,汽車竊盜,6,126571,year_end_registered_population,4.7404223716
2019,南屯區,住宅竊盜,1,173532,year_end_registered_population,0.5762625913
2019,南屯區,強盜,1,173532,year_end_registered_population,0.5762625913
2019,南屯區,機車竊盜,9,173532,year_end_registered_population,5.186363322
2019,南屯區,毒品,113,173532,year_end_registered_population,65.1176728212
2019,南屯區,汽車竊盜,5,173532,year_end_registered_population,2.8813129567
2019,后里區,住宅竊盜,2,54666,year_end_registered_population,3.6585812022
2019,后里區,機車竊盜,4,54666,year_end_registered_population,7.3171624044
2019,后里區,毒品,50,54666,year_end_registered_population,91.4645300552
2019,后里區,汽車竊盜,1,54666,year_end_registered_population,1.8292906011
2019,和平區,機車竊盜,1,10902,year_end_registered_population,9.1726288754
2019,外埔區,機車竊盜,2,32224,year_end_registered_population,6.2065541212
2019,外埔區,毒品,17,32224,year_end_registered_population,52.7557100298
2019,大安區,機車竊盜,1,19111,year_end_registered_population,5.2325885616
2019,大安區,毒品,8,19111,year_end_registered_population,41.8607084925
2019,大甲區,強盜,1,76822,year_end_registered_population,1.3017104475
2019,大甲區,機車竊盜,8,76822,year_end_registered_population,10.4136835802
2019,大甲區,毒品,49,76822,year_end_registered_population,63.7838119289
2019,大甲區,汽車竊盜,4,76822,year_end_registered_population,5.2068417901
2019,大肚區,住宅竊盜,1,57085,year_end_registered_population,1.7517736708
2019,大肚區,機車竊盜,1,57085,year_end_registered_population,1.7517736708
2019,大肚區,毒品,32,57085,year_end_registered_population,56.0567574669
2019,大肚區,汽車竊盜,3,57085,year_end_registered_population,5.2553210125
2019,大里區,住宅竊盜,2,212711,year_end_registered_population,0.9402428647
2019,大里區,強盜,1,212711,year_end_registered_population,0.4701214324
2019,大里區,機車竊盜,12,212711,year_end_registered_population,5.6414571884
2019,大里區,毒品,120,212711,year_end_registered_population,56.4145718839
2019,大里區,汽車竊盜,4,212711,year_end_registered_population,1.8804857295
2019,大雅區,住宅竊盜,7,95772,year_end_registered_population,7.3090256025
2019,大雅區,機車竊盜,14,95772,year_end_registered_population,14.6180512049
2019,大雅區,毒品,59,95772,year_end_registered_population,61.6046443637
2019,大雅區,汽車竊盜,5,95772,year_end_registered_population,5.2207325732
2019,太平區,住宅竊盜,3,193729,year_end_registered_population,1.5485549401
2019,太平區,強盜,1,193729,year_end_registered_population,0.51618498
2019,太平區,機車竊盜,14,193729,year_end_registered_population,7.2265897207
2019,太平區,毒品,144,193729,year_end_registered_population,74.3306371271
2019,太平區,汽車竊盜,5,193729,year_end_registered_population,2.5809249002
2019,新社區,機車竊盜,1,24289,year_end_registered_population,4.1170900408
2019,新社區,毒品,8,24289,year_end_registered_population,32.9367203261
2019,新社區,汽車竊盜,1,24289,year_end_registered_population,4.1170900408
2019,東勢區,搶奪,1,49773,year_end_registered_population,2.0091214112
2019,東勢區,機車竊盜,5,49773,year_end_registered_population,10.045607056
2019,東勢區,毒品,33,49773,year_end_registered_population,66.3010065698
2019,東勢區,汽車竊盜,4,49773,year_end_registered_population,8.0364856448
2019,東區,住宅竊盜,2,75943,year_end_registered_population,2.633554113
2019,東區,搶奪,1,75943,year_end_registered_population,1.3167770565
2019,東區,機車竊盜,10,75943,year_end_registered_population,13.1677705648
2019,東區,毒品,103,75943,year_end_registered_population,135.6280368171
2019,東區,汽車竊盜,3,75943,year_end_registered_population,3.9503311694
2019,梧棲區,強盜,1,58921,year_end_registered_population,1.6971877599
2019,梧棲區,機車竊盜,6,58921,year_end_registered_population,10.1831265593
2019,梧棲區,毒品,40,58921,year_end_registered_population,67.8875103953
2019,梧棲區,汽車竊盜,2,58921,year_end_registered_population,3.3943755198
2019,沙鹿區,住宅竊盜,1,94755,year_end_registered_population,1.0553532795
2019,沙鹿區,強盜,1,94755,year_end_registered_population,1.0553532795
2019,沙鹿區,機車竊盜,12,94755,year_end_registered_population,12.6642393541
2019,沙鹿區,毒品,69,94755,year_end_registered_population,72.8193762862
2019,沙鹿區,汽車竊盜,6,94755,year_end_registered_population,6.3321196771
2019,沙鹿區,組織犯罪防制條例,1,94755,year_end_registered_population,1.0553532795
2019,清水區,機車竊盜,4,87587,year_end_registered_population,4.5668877802
2019,清水區,毒品,47,87587,year_end_registered_population,53.6609314168
2019,清水區,汽車竊盜,2,87587,year_end_registered_population,2.2834438901
2019,潭子區,住宅竊盜,5,109324,year_end_registered_population,4.5735611577
2019,潭子區,強盜,1,109324,year_end_registered_population,0.9147122315
2019,潭子區,搶奪,1,109324,year_end_registered_population,0.9147122315
2019,潭子區,機車竊盜,6,109324,year_end_registered_population,5.4882733892
2019,潭子區,毒品,68,109324,year_end_registered_population,62.2004317442
2019,潭子區,汽車竊盜,2,109324,year_end_registered_population,1.8294244631
2019,烏日區,住宅竊盜,2,75610,year_end_registered_population,2.6451527576
2019,烏日區,強盜,1,75610,year_end_registered_population,1.3225763788
2019,烏日區,機車竊盜,3,75610,year_end_registered_population,3.9677291364
2019,烏日區,毒品,41,75610,year_end_registered_population,54.2256315302
2019,烏日區,汽車竊盜,8,75610,year_end_registered_population,10.5806110303
2019,石岡區,機車竊盜,1,14758,year_end_registered_population,6.7759859059
2019,石岡區,毒品,5,14758,year_end_registered_population,33.8799295297
2019,神岡區,住宅竊盜,3,65679,year_end_registered_population,4.5676700315
2019,神岡區,強盜,1,65679,year_end_registered_population,1.5225566772
2019,神岡區,搶奪,1,65679,year_end_registered_population,1.5225566772
2019,神岡區,機車竊盜,1,65679,year_end_registered_population,1.5225566772
2019,神岡區,毒品,35,65679,year_end_registered_population,53.289483701
2019,神岡區,汽車竊盜,2,65679,year_end_registered_population,3.0451133543
2019,西區,強盜,1,115273,year_end_registered_population,0.867505834
2019,西區,機車竊盜,15,115273,year_end_registered_population,13.0125875097
2019,西區,毒品,101,115273,year_end_registered_population,87.6180892317
2019,西區,汽車竊盜,4,115273,year_end_registered_population,3.4700233359
2019,西屯區,住宅竊盜,11,230501,year_end_registered_population,4.7722135696
2019,西屯區,強盜,1,230501,year_end_registered_population,0.4338375972
2019,西屯區,搶奪,1,230501,year_end_registered_population,0.4338375972
2019,西屯區,機車竊盜,34,230501,year_end_registered_population,14.750478306
2019,西屯區,毒品,389,230501,year_end_registered_population,168.762825324
2019,西屯區,汽車竊盜,8,230501,year_end_registered_population,3.4707007779
2019,豐原區,住宅竊盜,10,166875,year_end_registered_population,5.9925093633
2019,豐原區,強盜,2,166875,year_end_registered_population,1.1985018727
2019,豐原區,搶奪,3,166875,year_end_registered_population,1.797752809
2019,豐原區,機車竊盜,17,166875,year_end_registered_population,10.1872659176
2019,豐原區,毒品,118,166875,year_end_registered_population,70.7116104869
2019,豐原區,汽車竊盜,10,166875,year_end_registered_population,5.9925093633
2019,霧峰區,搶奪,1,65419,year_end_registered_population,1.5286078968
2019,霧峰區,機車竊盜,9,65419,year_end_registered_population,13.7574710711
2019,霧峰區,毒品,32,65419,year_end_registered_population,48.9154526972
2019,霧峰區,汽車竊盜,2,65419,year_end_registered_population,3.0572157936
2019,龍井區,住宅竊盜,2,78027,year_end_registered_population,2.5632152973
2019,龍井區,機車竊盜,4,78027,year_end_registered_population,5.1264305945
2019,龍井區,毒品,41,78027,year_end_registered_population,52.545913594
2019,龍井區,汽車竊盜,2,78027,year_end_registered_population,2.5632152973
2020,中區,強盜,1,18168,year_end_registered_population,5.5041831792
2020,中區,機車竊盜,8,18168,year_end_registered_population,44.0334654337
2020,中區,毒品,120,18168,year_end_registered_population,660.5019815059
2020,中區,汽車竊盜,1,18168,year_end_registered_population,5.5041831792
2020,北區,住宅竊盜,4,146590,year_end_registered_population,2.7286990927
2020,北區,強盜,1,146590,year_end_registered_population,0.6821747732
2020,北區,搶奪,2,146590,year_end_registered_population,1.3643495464
2020,北區,機車竊盜,16,146590,year_end_registered_population,10.9147963708
2020,北區,毒品,345,146590,year_end_registered_population,235.350296746
2020,北區,汽車竊盜,1,146590,year_end_registered_population,0.6821747732
2020,北屯區,住宅竊盜,5,287344,year_end_registered_population,1.7400746144
2020,北屯區,強盜,2,287344,year_end_registered_population,0.6960298458
2020,北屯區,機車竊盜,22,287344,year_end_registered_population,7.6563283034
2020,北屯區,毒品,352,287344,year_end_registered_population,122.5012528537
2020,北屯區,汽車竊盜,11,287344,year_end_registered_population,3.8281641517
2020,南區,住宅竊盜,6,126769,year_end_registered_population,4.7330183247
2020,南區,搶奪,1,126769,year_end_registered_population,0.7888363874
2020,南區,機車竊盜,11,126769,year_end_registered_population,8.6772002619
2020,南區,毒品,48,126769,year_end_registered_population,37.8641465974
2020,南區,汽車竊盜,2,126769,year_end_registered_population,1.5776727749
2020,南屯區,住宅竊盜,3,176062,year_end_registered_population,1.7039452011
2020,南屯區,強盜,1,176062,year_end_registered_population,0.5679817337
2020,南屯區,機車竊盜,3,176062,year_end_registered_population,1.7039452011
2020,南屯區,毒品,108,176062,year_end_registered_population,61.3420272404
2020,南屯區,汽車竊盜,2,176062,year_end_registered_population,1.1359634674
2020,后里區,機車竊盜,5,54343,year_end_registered_population,9.2008170326
2020,后里區,毒品,47,54343,year_end_registered_population,86.487680106
2020,后里區,汽車竊盜,4,54343,year_end_registered_population,7.360653626
2020,和平區,強制性交,1,10809,year_end_registered_population,9.2515496346
2020,和平區,毒品,3,10809,year_end_registered_population,27.7546489037
2020,外埔區,住宅竊盜,1,31940,year_end_registered_population,3.130870382
2020,外埔區,機車竊盜,1,31940,year_end_registered_population,3.130870382
2020,外埔區,毒品,11,31940,year_end_registered_population,34.4395742016
2020,大安區,機車竊盜,2,18864,year_end_registered_population,10.6022052587
2020,大安區,毒品,6,18864,year_end_registered_population,31.8066157761
2020,大安區,汽車竊盜,1,18864,year_end_registered_population,5.3011026293
2020,大甲區,搶奪,1,76130,year_end_registered_population,1.3135426245
2020,大甲區,機車竊盜,4,76130,year_end_registered_population,5.2541704978
2020,大甲區,毒品,44,76130,year_end_registered_population,57.7958754762
2020,大甲區,汽車竊盜,3,76130,year_end_registered_population,3.9406278734
2020,大肚區,住宅竊盜,4,56777,year_end_registered_population,7.045106293
2020,大肚區,強制性交,1,56777,year_end_registered_population,1.7612765733
2020,大肚區,毒品,17,56777,year_end_registered_population,29.9417017454
2020,大肚區,汽車竊盜,4,56777,year_end_registered_population,7.045106293
2020,大里區,住宅竊盜,1,213117,year_end_registered_population,0.4692258243
2020,大里區,強制性交,1,213117,year_end_registered_population,0.4692258243
2020,大里區,強盜,1,213117,year_end_registered_population,0.4692258243
2020,大里區,機車竊盜,13,213117,year_end_registered_population,6.0999357161
2020,大里區,毒品,165,213117,year_end_registered_population,77.4222610116
2020,大里區,汽車竊盜,5,213117,year_end_registered_population,2.3461291216
2020,大雅區,住宅竊盜,5,95693,year_end_registered_population,5.2250425841
2020,大雅區,強盜,2,95693,year_end_registered_population,2.0900170336
2020,大雅區,機車竊盜,3,95693,year_end_registered_population,3.1350255505
2020,大雅區,毒品,66,95693,year_end_registered_population,68.9705621101
2020,大雅區,汽車竊盜,2,95693,year_end_registered_population,2.0900170336
2020,太平區,住宅竊盜,4,194970,year_end_registered_population,2.0515976817
2020,太平區,強盜,1,194970,year_end_registered_population,0.5128994204
2020,太平區,機車竊盜,22,194970,year_end_registered_population,11.2837872493
2020,太平區,毒品,146,194970,year_end_registered_population,74.8833153819
2020,太平區,汽車竊盜,1,194970,year_end_registered_population,0.5128994204
2020,新社區,機車竊盜,1,24064,year_end_registered_population,4.1555851064
2020,新社區,毒品,6,24064,year_end_registered_population,24.9335106383
2020,新社區,汽車竊盜,1,24064,year_end_registered_population,4.1555851064
2020,東勢區,住宅竊盜,2,49169,year_end_registered_population,4.0676035714
2020,東勢區,機車竊盜,2,49169,year_end_registered_population,4.0676035714
2020,東勢區,毒品,17,49169,year_end_registered_population,34.5746303565
2020,東勢區,汽車竊盜,1,49169,year_end_registered_population,2.0338017857
2020,東區,住宅竊盜,2,75913,year_end_registered_population,2.6345948652
2020,東區,機車竊盜,18,75913,year_end_registered_population,23.7113537866
2020,東區,毒品,89,75913,year_end_registered_population,117.2394715003
2020,東區,汽車竊盜,3,75913,year_end_registered_population,3.9518922978
2020,梧棲區,住宅竊盜,1,59273,year_end_registered_population,1.6871088016
2020,梧棲區,強制性交,1,59273,year_end_registered_population,1.6871088016
2020,梧棲區,機車竊盜,2,59273,year_end_registered_population,3.3742176033
2020,梧棲區,毒品,34,59273,year_end_registered_population,57.361699256
2020,梧棲區,汽車竊盜,8,59273,year_end_registered_population,13.4968704132
2020,沙鹿區,強盜,1,95226,year_end_registered_population,1.0501333669
2020,沙鹿區,搶奪,1,95226,year_end_registered_population,1.0501333669
2020,沙鹿區,機車竊盜,4,95226,year_end_registered_population,4.2005334678
2020,沙鹿區,毒品,61,95226,year_end_registered_population,64.0581353832
2020,沙鹿區,汽車竊盜,10,95226,year_end_registered_population,10.5013336694
2020,清水區,機車竊盜,5,88009,year_end_registered_population,5.6812371462
2020,清水區,毒品,48,88009,year_end_registered_population,54.5398766035
2020,清水區,汽車竊盜,6,88009,year_end_registered_population,6.8174845754
2020,潭子區,住宅竊盜,9,109309,year_end_registered_population,8.2335397817
2020,潭子區,強盜,1,109309,year_end_registered_population,0.9148377535
2020,潭子區,搶奪,2,109309,year_end_registered_population,1.829675507
2020,潭子區,機車竊盜,6,109309,year_end_registered_population,5.4890265211
2020,潭子區,毒品,76,109309,year_end_registered_population,69.5276692679
2020,潭子區,汽車竊盜,2,109309,year_end_registered_population,1.829675507
2020,烏日區,住宅竊盜,1,76494,year_end_registered_population,1.3072920752
2020,烏日區,機車竊盜,3,76494,year_end_registered_population,3.9218762256
2020,烏日區,毒品,69,76494,year_end_registered_population,90.2031531885
2020,烏日區,汽車竊盜,2,76494,year_end_registered_population,2.6145841504
2020,石岡區,毒品,4,14670,year_end_registered_population,27.266530334
2020,石岡區,汽車竊盜,2,14670,year_end_registered_population,13.633265167
2020,神岡區,住宅竊盜,3,65529,year_end_registered_population,4.5781257153
2020,神岡區,機車竊盜,1,65529,year_end_registered_population,1.5260419051
2020,神岡區,毒品,27,65529,year_end_registered_population,41.203131438
2020,神岡區,汽車竊盜,1,65529,year_end_registered_population,1.5260419051
2020,西區,搶奪,1,114583,year_end_registered_population,0.8727298116
2020,西區,機車竊盜,8,114583,year_end_registered_population,6.9818384926
2020,西區,毒品,99,114583,year_end_registered_population,86.4002513462
2020,西區,汽車竊盜,1,114583,year_end_registered_population,0.8727298116
2020,西屯區,住宅竊盜,9,231730,year_end_registered_population,3.8838303198
2020,西屯區,強盜,1,231730,year_end_registered_population,0.4315367022
2020,西屯區,機車竊盜,16,231730,year_end_registered_population,6.9045872351
2020,西屯區,毒品,395,231730,year_end_registered_population,170.4569973676
2020,西屯區,汽車竊盜,7,231730,year_end_registered_population,3.0207569154
2020,豐原區,住宅竊盜,6,166053,year_end_registered_population,3.613304186
2020,豐原區,強制性交,2,166053,year_end_registered_population,1.2044347287
2020,豐原區,強盜,1,166053,year_end_registered_population,0.6022173643
2020,豐原區,機車竊盜,11,166053,year_end_registered_population,6.6243910077
2020,豐原區,毒品,82,166053,year_end_registered_population,49.3818238755
2020,豐原區,汽車竊盜,4,166053,year_end_registered_population,2.4088694573
2020,霧峰區,機車竊盜,6,65094,year_end_registered_population,9.2174393953
2020,霧峰區,毒品,29,65094,year_end_registered_population,44.5509570775
2020,霧峰區,汽車竊盜,1,65094,year_end_registered_population,1.5362398992
2020,龍井區,住宅竊盜,4,78095,year_end_registered_population,5.1219668353
2020,龍井區,強盜,1,78095,year_end_registered_population,1.2804917088
2020,龍井區,機車竊盜,1,78095,year_end_registered_population,1.2804917088
2020,龍井區,毒品,35,78095,year_end_registered_population,44.8172098086
2020,龍井區,汽車竊盜,5,78095,year_end_registered_population,6.4024585441
2021,中區,住宅竊盜,1,17689,year_end_registered_population,5.6532308214
2021,中區,搶奪,1,17689,year_end_registered_population,5.6532308214
2021,中區,機車竊盜,8,17689,year_end_registered_population,45.2258465713
2021,中區,毒品,89,17689,year_end_registered_population,503.1375431059
2021,北區,住宅竊盜,4,143917,year_end_registered_population,2.7793797814
2021,北區,強盜,1,143917,year_end_registered_population,0.6948449454
2021,北區,搶奪,2,143917,year_end_registered_population,1.3896898907
2021,北區,機車竊盜,21,143917,year_end_registered_population,14.5917438524
2021,北區,毒品,229,143917,year_end_registered_population,159.1194924853
2021,北區,汽車竊盜,1,143917,year_end_registered_population,0.6948449454
2021,北屯區,住宅竊盜,7,290653,year_end_registered_population,2.4083701183
2021,北屯區,強制性交,2,290653,year_end_registered_population,0.6881057481
2021,北屯區,強盜,2,290653,year_end_registered_population,0.6881057481
2021,北屯區,機車竊盜,26,290653,year_end_registered_population,8.9453747252
2021,北屯區,毒品,245,290653,year_end_registered_population,84.2929541412
2021,北屯區,汽車竊盜,5,290653,year_end_registered_population,1.7202643702
2021,南區,住宅竊盜,2,126008,year_end_registered_population,1.5872008126
2021,南區,機車竊盜,14,126008,year_end_registered_population,11.1104056885
2021,南區,毒品,61,126008,year_end_registered_population,48.4096247857
2021,南屯區,住宅竊盜,1,176782,year_end_registered_population,0.5656684504
2021,南屯區,強盜,1,176782,year_end_registered_population,0.5656684504
2021,南屯區,機車竊盜,4,176782,year_end_registered_population,2.2626738016
2021,南屯區,毒品,103,176782,year_end_registered_population,58.263850392
2021,南屯區,汽車竊盜,3,176782,year_end_registered_population,1.6970053512
2021,后里區,機車竊盜,3,53961,year_end_registered_population,5.5595708011
2021,后里區,毒品,22,53961,year_end_registered_population,40.770185875
2021,后里區,汽車竊盜,1,53961,year_end_registered_population,1.853190267
2021,和平區,毒品,6,10870,year_end_registered_population,55.1977920883
2021,外埔區,機車竊盜,1,31564,year_end_registered_population,3.1681662654
2021,外埔區,毒品,25,31564,year_end_registered_population,79.2041566341
2021,外埔區,汽車竊盜,1,31564,year_end_registered_population,3.1681662654
2021,大安區,住宅竊盜,2,18485,year_end_registered_population,10.819583446
2021,大安區,毒品,8,18485,year_end_registered_population,43.2783337841
2021,大甲區,住宅竊盜,1,75516,year_end_registered_population,1.3242226813
2021,大甲區,強盜,1,75516,year_end_registered_population,1.3242226813
2021,大甲區,搶奪,1,75516,year_end_registered_population,1.3242226813
2021,大甲區,機車竊盜,4,75516,year_end_registered_population,5.2968907251
2021,大甲區,毒品,67,75516,year_end_registered_population,88.7229196462
2021,大甲區,汽車竊盜,1,75516,year_end_registered_population,1.3242226813
2021,大肚區,住宅竊盜,1,56458,year_end_registered_population,1.7712281696
2021,大肚區,強制性交,1,56458,year_end_registered_population,1.7712281696
2021,大肚區,搶奪,1,56458,year_end_registered_population,1.7712281696
2021,大肚區,機車竊盜,1,56458,year_end_registered_population,1.7712281696
2021,大肚區,毒品,15,56458,year_end_registered_population,26.5684225442
2021,大里區,住宅竊盜,1,212253,year_end_registered_population,0.4711358614
2021,大里區,強盜,1,212253,year_end_registered_population,0.4711358614
2021,大里區,機車竊盜,12,212253,year_end_registered_population,5.6536303374
2021,大里區,毒品,144,212253,year_end_registered_population,67.8435640486
2021,大里區,汽車竊盜,3,212253,year_end_registered_population,1.4134075843
2021,大雅區,機車竊盜,3,95521,year_end_registered_population,3.1406706379
2021,大雅區,毒品,51,95521,year_end_registered_population,53.3914008438
2021,大雅區,汽車竊盜,2,95521,year_end_registered_population,2.0937804252
2021,太平區,住宅竊盜,3,195613,year_end_registered_population,1.5336404022
2021,太平區,強盜,2,195613,year_end_registered_population,1.0224269348
2021,太平區,機車竊盜,16,195613,year_end_registered_population,8.1794154785
2021,太平區,毒品,128,195613,year_end_registered_population,65.4353238282
2021,太平區,汽車竊盜,3,195613,year_end_registered_population,1.5336404022
2021,新社區,住宅竊盜,1,23650,year_end_registered_population,4.2283298097
2021,新社區,機車竊盜,2,23650,year_end_registered_population,8.4566596195
2021,新社區,毒品,4,23650,year_end_registered_population,16.9133192389
2021,新社區,汽車竊盜,1,23650,year_end_registered_population,4.2283298097
2021,東勢區,住宅竊盜,1,48333,year_end_registered_population,2.0689797861
2021,東勢區,機車竊盜,4,48333,year_end_registered_population,8.2759191443
2021,東勢區,毒品,12,48333,year_end_registered_population,24.8277574328
2021,東勢區,汽車竊盜,3,48333,year_end_registered_population,6.2069393582
2021,東區,住宅竊盜,4,75588,year_end_registered_population,5.2918452664
2021,東區,機車竊盜,8,75588,year_end_registered_population,10.5836905329
2021,東區,毒品,66,75588,year_end_registered_population,87.3154468963
2021,東區,汽車竊盜,2,75588,year_end_registered_population,2.6459226332
2021,梧棲區,住宅竊盜,3,59517,year_end_registered_population,5.040576642
2021,梧棲區,強盜,1,59517,year_end_registered_population,1.680192214
2021,梧棲區,機車竊盜,1,59517,year_end_registered_population,1.680192214
2021,梧棲區,毒品,26,59517,year_end_registered_population,43.6849975637
2021,梧棲區,汽車竊盜,1,59517,year_end_registered_population,1.680192214
2021,沙鹿區,住宅竊盜,6,96039,year_end_registered_population,6.2474619686
2021,沙鹿區,強盜,2,96039,year_end_registered_population,2.0824873229
2021,沙鹿區,機車竊盜,13,96039,year_end_registered_population,13.5361675986
2021,沙鹿區,毒品,57,96039,year_end_registered_population,59.3508887015
2021,沙鹿區,汽車竊盜,2,96039,year_end_registered_population,2.0824873229
2021,清水區,住宅竊盜,3,88366,year_end_registered_population,3.3949709164
2021,清水區,強盜,1,88366,year_end_registered_population,1.1316569721
2021,清水區,機車竊盜,3,88366,year_end_registered_population,3.3949709164
2021,清水區,毒品,53,88366,year_end_registered_population,59.9778195233
2021,潭子區,住宅竊盜,7,109270,year_end_registered_population,6.4061499039
2021,潭子區,搶奪,1,109270,year_end_registered_population,0.915164272
2021,潭子區,機車竊盜,10,109270,year_end_registered_population,9.1516427199
2021,潭子區,毒品,52,109270,year_end_registered_population,47.5885421433
2021,潭子區,汽車竊盜,2,109270,year_end_registered_population,1.830328544
2021,烏日區,住宅竊盜,2,77245,year_end_registered_population,2.5891643472
2021,烏日區,機車竊盜,3,77245,year_end_registered_population,3.8837465208
2021,烏日區,毒品,62,77245,year_end_registered_population,80.2640947634
2021,烏日區,汽車竊盜,5,77245,year_end_registered_population,6.472910868
2021,石岡區,機車竊盜,1,14419,year_end_registered_population,6.9352937097
2021,石岡區,毒品,3,14419,year_end_registered_population,20.8058811291
2021,石岡區,汽車竊盜,1,14419,year_end_registered_population,6.9352937097
2021,神岡區,住宅竊盜,3,64841,year_end_registered_population,4.6267022409
2021,神岡區,機車竊盜,4,64841,year_end_registered_population,6.1689363212
2021,神岡區,毒品,44,64841,year_end_registered_population,67.8582995327
2021,神岡區,汽車竊盜,2,64841,year_end_registered_population,3.0844681606
2021,西區,住宅竊盜,3,112740,year_end_registered_population,2.6609898882
2021,西區,強盜,1,112740,year_end_registered_population,0.8869966294
2021,西區,機車竊盜,12,112740,year_end_registered_population,10.643959553
2021,西區,毒品,77,112740,year_end_registered_population,68.2987404648
2021,西區,汽車竊盜,1,112740,year_end_registered_population,0.8869966294
2021,西屯區,住宅竊盜,7,230888,year_end_registered_population,3.0317729808
2021,西屯區,搶奪,1,230888,year_end_registered_population,0.4331104258
2021,西屯區,機車竊盜,18,230888,year_end_registered_population,7.795987665
2021,西屯區,毒品,327,230888,year_end_registered_population,141.6271092478
2021,西屯區,汽車竊盜,5,230888,year_end_registered_population,2.1655521292
2021,豐原區,住宅竊盜,5,164726,year_end_registered_population,3.0353435402
2021,豐原區,機車竊盜,21,164726,year_end_registered_population,12.7484428688
2021,豐原區,毒品,73,164726,year_end_registered_population,44.3160156867
2021,豐原區,汽車竊盜,3,164726,year_end_registered_population,1.8212061241
2021,豐原區,組織犯罪防制條例,1,164726,year_end_registered_population,0.607068708
2021,霧峰區,住宅竊盜,1,64602,year_end_registered_population,1.5479396923
2021,霧峰區,強盜,1,64602,year_end_registered_population,1.5479396923
2021,霧峰區,機車竊盜,5,64602,year_end_registered_population,7.7396984613
2021,霧峰區,毒品,54,64602,year_end_registered_population,83.5887433826
2021,龍井區,住宅竊盜,1,77976,year_end_registered_population,1.2824458808
2021,龍井區,機車竊盜,1,77976,year_end_registered_population,1.2824458808
2021,龍井區,毒品,32,77976,year_end_registered_population,41.0382681851
2021,龍井區,汽車竊盜,1,77976,year_end_registered_population,1.2824458808
2022,中區,住宅竊盜,2,17635,year_end_registered_population,11.3410830734
2022,中區,搶奪,1,17635,year_end_registered_population,5.6705415367
2022,中區,機車竊盜,13,17635,year_end_registered_population,73.7170399773
2022,中區,毒品,55,17635,year_end_registered_population,311.8797845194
2022,中區,汽車竊盜,2,17635,year_end_registered_population,11.3410830734
2022,北區,住宅竊盜,3,142778,year_end_registered_population,2.1011640449
2022,北區,搶奪,1,142778,year_end_registered_population,0.700388015
2022,北區,機車竊盜,23,142778,year_end_registered_population,16.1089243441
2022,北區,毒品,241,142778,year_end_registered_population,168.7935116054
2022,北區,汽車竊盜,1,142778,year_end_registered_population,0.700388015
2022,北屯區,住宅竊盜,4,295677,year_end_registered_population,1.3528275787
2022,北屯區,強盜,2,295677,year_end_registered_population,0.6764137894
2022,北屯區,機車竊盜,16,295677,year_end_registered_population,5.411310315
2022,北屯區,毒品,175,295677,year_end_registered_population,59.18620657
2022,北屯區,汽車竊盜,1,295677,year_end_registered_population,0.3382068947
2022,南區,機車竊盜,8,125466,year_end_registered_population,6.3762294167
2022,南區,毒品,44,125466,year_end_registered_population,35.069261792
2022,南屯區,住宅竊盜,3,177930,year_end_registered_population,1.6860563143
2022,南屯區,機車竊盜,3,177930,year_end_registered_population,1.6860563143
2022,南屯區,毒品,76,177930,year_end_registered_population,42.7134266284
2022,南屯區,汽車竊盜,3,177930,year_end_registered_population,1.6860563143
2022,后里區,機車竊盜,4,53667,year_end_registered_population,7.4533698548
2022,后里區,毒品,32,53667,year_end_registered_population,59.6269588388
2022,后里區,汽車竊盜,1,53667,year_end_registered_population,1.8633424637
2022,和平區,機車竊盜,2,10919,year_end_registered_population,18.3166956681
2022,和平區,毒品,3,10919,year_end_registered_population,27.4750435022
2022,外埔區,毒品,19,31264,year_end_registered_population,60.7727737973
2022,外埔區,汽車竊盜,1,31264,year_end_registered_population,3.198567042
2022,大安區,機車竊盜,1,18230,year_end_registered_population,5.4854635217
2022,大安區,毒品,7,18230,year_end_registered_population,38.3982446517
2022,大甲區,住宅竊盜,1,74737,year_end_registered_population,1.3380253422
2022,大甲區,機車竊盜,7,74737,year_end_registered_population,9.3661773954
2022,大甲區,毒品,41,74737,year_end_registered_population,54.8590390302
2022,大甲區,汽車竊盜,1,74737,year_end_registered_population,1.3380253422
2022,大肚區,住宅竊盜,1,56129,year_end_registered_population,1.7816102193
2022,大肚區,機車竊盜,2,56129,year_end_registered_population,3.5632204386
2022,大肚區,毒品,22,56129,year_end_registered_population,39.195424825
2022,大里區,強盜,1,211469,year_end_registered_population,0.4728825502
2022,大里區,搶奪,1,211469,year_end_registered_population,0.4728825502
2022,大里區,機車竊盜,10,211469,year_end_registered_population,4.7288255016
2022,大里區,毒品,153,211469,year_end_registered_population,72.3510301746
2022,大里區,汽車竊盜,2,211469,year_end_registered_population,0.9457651003
2022,大雅區,住宅竊盜,1,95275,year_end_registered_population,1.0495932826
2022,大雅區,機車竊盜,9,95275,year_end_registered_population,9.4463395434
2022,大雅區,毒品,25,95275,year_end_registered_population,26.2398320651
2022,大雅區,汽車竊盜,1,95275,year_end_registered_population,1.0495932826
2022,太平區,住宅竊盜,6,196011,year_end_registered_population,3.061052696
2022,太平區,機車竊盜,21,196011,year_end_registered_population,10.7136844361
2022,太平區,毒品,114,196011,year_end_registered_population,58.1600012244
2022,太平區,汽車竊盜,2,196011,year_end_registered_population,1.0203508987
2022,新社區,機車竊盜,4,23283,year_end_registered_population,17.1799166774
2022,新社區,毒品,4,23283,year_end_registered_population,17.1799166774
2022,新社區,汽車竊盜,1,23283,year_end_registered_population,4.2949791694
2022,東勢區,機車竊盜,3,47817,year_end_registered_population,6.2739193174
2022,東勢區,毒品,9,47817,year_end_registered_population,18.8217579522
2022,東區,住宅竊盜,1,75554,year_end_registered_population,1.3235566615
2022,東區,機車竊盜,13,75554,year_end_registered_population,17.206236599
2022,東區,毒品,67,75554,year_end_registered_population,88.6782963179
2022,東區,汽車竊盜,1,75554,year_end_registered_population,1.3235566615
2022,梧棲區,住宅竊盜,2,59848,year_end_registered_population,3.3417992247
2022,梧棲區,機車竊盜,1,59848,year_end_registered_population,1.6708996124
2022,梧棲區,毒品,22,59848,year_end_registered_population,36.7597914717
2022,梧棲區,汽車竊盜,1,59848,year_end_registered_population,1.6708996124
2022,沙鹿區,住宅竊盜,4,97002,year_end_registered_population,4.123626317
2022,沙鹿區,強盜,1,97002,year_end_registered_population,1.0309065792
2022,沙鹿區,搶奪,1,97002,year_end_registered_population,1.0309065792
2022,沙鹿區,機車竊盜,2,97002,year_end_registered_population,2.0618131585
2022,沙鹿區,毒品,49,97002,year_end_registered_population,50.514422383
2022,沙鹿區,汽車竊盜,1,97002,year_end_registered_population,1.0309065792
2022,清水區,住宅竊盜,1,88947,year_end_registered_population,1.1242650117
2022,清水區,機車竊盜,2,88947,year_end_registered_population,2.2485300235
2022,清水區,毒品,54,88947,year_end_registered_population,60.7103106344
2022,潭子區,住宅竊盜,2,108639,year_end_registered_population,1.8409595081
2022,潭子區,機車竊盜,4,108639,year_end_registered_population,3.6819190162
2022,潭子區,毒品,43,108639,year_end_registered_population,39.5806294241
2022,潭子區,汽車竊盜,1,108639,year_end_registered_population,0.920479754
2022,烏日區,住宅竊盜,3,78122,year_end_registered_population,3.8401474617
2022,烏日區,搶奪,1,78122,year_end_registered_population,1.2800491539
2022,烏日區,機車竊盜,3,78122,year_end_registered_population,3.8401474617
2022,烏日區,毒品,29,78122,year_end_registered_population,37.1214254627
2022,烏日區,汽車竊盜,3,78122,year_end_registered_population,3.8401474617
2022,石岡區,機車竊盜,1,14154,year_end_registered_population,7.0651405963
2022,石岡區,毒品,1,14154,year_end_registered_population,7.0651405963
2022,石岡區,汽車竊盜,1,14154,year_end_registered_population,7.0651405963
2022,神岡區,住宅竊盜,1,64308,year_end_registered_population,1.5550164832
2022,神岡區,強盜,1,64308,year_end_registered_population,1.5550164832
2022,神岡區,機車竊盜,1,64308,year_end_registered_population,1.5550164832
2022,神岡區,毒品,40,64308,year_end_registered_population,62.200659327
2022,神岡區,汽車竊盜,1,64308,year_end_registered_population,1.5550164832
2022,西區,住宅竊盜,3,112278,year_end_registered_population,2.6719392935
2022,西區,機車竊盜,17,112278,year_end_registered_population,15.1409893301
2022,西區,毒品,69,112278,year_end_registered_population,61.4546037514
2022,西區,汽車竊盜,5,112278,year_end_registered_population,4.4532321559
2022,西屯區,住宅竊盜,7,231866,year_end_registered_population,3.0189851035
2022,西屯區,搶奪,1,231866,year_end_registered_population,0.4312835862
2022,西屯區,機車竊盜,23,231866,year_end_registered_population,9.9195224828
2022,西屯區,毒品,295,231866,year_end_registered_population,127.2286579317
2022,西屯區,汽車竊盜,5,231866,year_end_registered_population,2.156417931
2022,豐原區,住宅竊盜,3,163476,year_end_registered_population,1.8351317625
2022,豐原區,強制性交,1,163476,year_end_registered_population,0.6117105875
2022,豐原區,強盜,1,163476,year_end_registered_population,0.6117105875
2022,豐原區,機車竊盜,14,163476,year_end_registered_population,8.5639482248
2022,豐原區,毒品,80,163476,year_end_registered_population,48.9368469989
2022,豐原區,汽車竊盜,2,163476,year_end_registered_population,1.223421175
2022,霧峰區,住宅竊盜,1,64091,year_end_registered_population,1.5602814748
2022,霧峰區,機車竊盜,5,64091,year_end_registered_population,7.8014073739
2022,霧峰區,毒品,56,64091,year_end_registered_population,87.3757625876
2022,霧峰區,汽車竊盜,3,64091,year_end_registered_population,4.6808444243
2022,龍井區,住宅竊盜,1,77887,year_end_registered_population,1.2839113074
2022,龍井區,強盜,1,77887,year_end_registered_population,1.2839113074
2022,龍井區,機車竊盜,6,77887,year_end_registered_population,7.7034678444
2022,龍井區,毒品,28,77887,year_end_registered_population,35.9495166074
2022,龍井區,汽車竊盜,1,77887,year_end_registered_population,1.2839113074
2023,中區,住宅竊盜,1,17784,year_end_registered_population,5.6230319388
2023,中區,強制性交,1,17784,year_end_registered_population,5.6230319388
2023,中區,搶奪,1,17784,year_end_registered_population,5.6230319388
2023,中區,機車竊盜,7,17784,year_end_registered_population,39.3612235717
2023,中區,毒品,62,17784,year_end_registered_population,348.6279802069
2023,中區,汽車竊盜,1,17784,year_end_registered_population,5.6230319388
2023,北區,住宅竊盜,7,144097,year_end_registered_population,4.8578388169
2023,北區,機車竊盜,28,144097,year_end_registered_population,19.4313552676
2023,北區,毒品,248,144097,year_end_registered_population,172.1062895133
2023,北區,汽車竊盜,2,144097,year_end_registered_population,1.3879539477
2023,北屯區,住宅竊盜,3,304179,year_end_registered_population,0.986261379
2023,北屯區,強制性交,2,304179,year_end_registered_population,0.657507586
2023,北屯區,搶奪,1,304179,year_end_registered_population,0.328753793
2023,北屯區,機車竊盜,34,304179,year_end_registered_population,11.1776289619
2023,北屯區,毒品,162,304179,year_end_registered_population,53.2581144655
2023,北屯區,汽車竊盜,4,304179,year_end_registered_population,1.315015172
2023,北屯區,組織犯罪防制條例,1,304179,year_end_registered_population,0.328753793
2023,南區,住宅竊盜,2,126907,year_end_registered_population,1.575957197
2023,南區,強制性交,1,126907,year_end_registered_population,0.7879785985
2023,南區,機車竊盜,7,126907,year_end_registered_population,5.5158501895
2023,南區,毒品,49,126907,year_end_registered_population,38.6109513266
2023,南屯區,住宅竊盜,2,182232,year_end_registered_population,1.0975020853
2023,南屯區,強盜,1,182232,year_end_registered_population,0.5487510426
2023,南屯區,搶奪,1,182232,year_end_registered_population,0.5487510426
2023,南屯區,機車竊盜,5,182232,year_end_registered_population,2.7437552131
2023,南屯區,毒品,97,182232,year_end_registered_population,53.2288511348
2023,南屯區,汽車竊盜,4,182232,year_end_registered_population,2.1950041705
2023,后里區,機車竊盜,4,53653,year_end_registered_population,7.4553147075
2023,后里區,毒品,37,53653,year_end_registered_population,68.9616610441
2023,后里區,汽車竊盜,6,53653,year_end_registered_population,11.1829720612
2023,和平區,住宅竊盜,1,10794,year_end_registered_population,9.2644061516
2023,和平區,機車竊盜,1,10794,year_end_registered_population,9.2644061516
2023,和平區,毒品,1,10794,year_end_registered_population,9.2644061516
2023,和平區,汽車竊盜,1,10794,year_end_registered_population,9.2644061516
2023,外埔區,機車竊盜,2,31163,year_end_registered_population,6.4178673427
2023,外埔區,毒品,5,31163,year_end_registered_population,16.0446683567
2023,大安區,機車竊盜,1,18073,year_end_registered_population,5.5331156974
2023,大安區,毒品,12,18073,year_end_registered_population,66.3973883694
2023,大甲區,機車竊盜,4,74684,year_end_registered_population,5.3558995233
2023,大甲區,毒品,51,74684,year_end_registered_population,68.2877189224
2023,大甲區,汽車竊盜,3,74684,year_end_registered_population,4.0169246425
2023,大肚區,住宅竊盜,2,55955,year_end_registered_population,3.5743007774
2023,大肚區,機車竊盜,3,55955,year_end_registered_population,5.3614511661
2023,大肚區,毒品,23,55955,year_end_registered_population,41.1044589402
2023,大里區,住宅竊盜,1,212511,year_end_registered_population,0.4705638767
2023,大里區,機車竊盜,13,212511,year_end_registered_population,6.117330397
2023,大里區,毒品,107,212511,year_end_registered_population,50.3503348062
2023,大里區,汽車竊盜,5,212511,year_end_registered_population,2.3528193835
2023,大雅區,機車竊盜,3,95708,year_end_registered_population,3.1345342082
2023,大雅區,毒品,33,95708,year_end_registered_population,34.4798762904
2023,大雅區,汽車竊盜,1,95708,year_end_registered_population,1.0448447361
2023,太平區,住宅竊盜,3,198212,year_end_registered_population,1.5135309668
2023,太平區,機車竊盜,18,198212,year_end_registered_population,9.0811858011
2023,太平區,毒品,118,198212,year_end_registered_population,59.5322180292
2023,太平區,汽車竊盜,5,198212,year_end_registered_population,2.5225516114
2023,新社區,機車竊盜,2,23089,year_end_registered_population,8.6621334835
2023,新社區,毒品,4,23089,year_end_registered_population,17.324266967
2023,新社區,汽車竊盜,1,23089,year_end_registered_population,4.3310667417
2023,東勢區,機車竊盜,6,47468,year_end_registered_population,12.6400943794
2023,東勢區,毒品,29,47468,year_end_registered_population,61.0937895003
2023,東勢區,汽車竊盜,7,47468,year_end_registered_population,14.7467767759
2023,東區,住宅竊盜,3,76852,year_end_registered_population,3.9036069328
2023,東區,機車竊盜,13,76852,year_end_registered_population,16.9156300422
2023,東區,毒品,74,76852,year_end_registered_population,96.2889710092
2023,東區,汽車竊盜,1,76852,year_end_registered_population,1.3012023109
2023,梧棲區,住宅竊盜,2,61019,year_end_registered_population,3.2776676117
2023,梧棲區,機車竊盜,5,61019,year_end_registered_population,8.1941690293
2023,梧棲區,毒品,26,61019,year_end_registered_population,42.6096789525
2023,梧棲區,汽車竊盜,2,61019,year_end_registered_population,3.2776676117
2023,沙鹿區,住宅竊盜,1,98805,year_end_registered_population,1.0120945296
2023,沙鹿區,機車竊盜,10,98805,year_end_registered_population,10.1209452963
2023,沙鹿區,毒品,41,98805,year_end_registered_population,41.4958757148
2023,沙鹿區,汽車竊盜,4,98805,year_end_registered_population,4.0483781185
2023,清水區,住宅竊盜,1,89924,year_end_registered_population,1.1120501757
2023,清水區,機車竊盜,5,89924,year_end_registered_population,5.5602508785
2023,清水區,毒品,37,89924,year_end_registered_population,41.145856501
2023,清水區,汽車竊盜,2,89924,year_end_registered_population,2.2241003514
2023,潭子區,住宅竊盜,1,108979,year_end_registered_population,0.9176079795
2023,潭子區,搶奪,1,108979,year_end_registered_population,0.9176079795
2023,潭子區,機車竊盜,5,108979,year_end_registered_population,4.5880398976
2023,潭子區,毒品,48,108979,year_end_registered_population,44.0451830169
2023,烏日區,住宅竊盜,3,80194,year_end_registered_population,3.740928249
2023,烏日區,機車竊盜,7,80194,year_end_registered_population,8.728832581
2023,烏日區,毒品,34,80194,year_end_registered_population,42.397186822
2023,烏日區,汽車竊盜,1,80194,year_end_registered_population,1.246976083
2023,石岡區,機車竊盜,7,14093,year_end_registered_population,49.6700489605
2023,石岡區,毒品,1,14093,year_end_registered_population,7.0957212801
2023,石岡區,汽車竊盜,1,14093,year_end_registered_population,7.0957212801
2023,神岡區,住宅竊盜,2,64362,year_end_registered_population,3.1074236351
2023,神岡區,機車竊盜,3,64362,year_end_registered_population,4.6611354526
2023,神岡區,毒品,45,64362,year_end_registered_population,69.9170317889
2023,神岡區,汽車竊盜,2,64362,year_end_registered_population,3.1074236351
2023,西區,住宅竊盜,2,113548,year_end_registered_population,1.761369641
2023,西區,強盜,1,113548,year_end_registered_population,0.8806848205
2023,西區,搶奪,2,113548,year_end_registered_population,1.761369641
2023,西區,機車竊盜,14,113548,year_end_registered_population,12.3295874872
2023,西區,毒品,78,113548,year_end_registered_population,68.6934160003
2023,西屯區,住宅竊盜,5,235441,year_end_registered_population,2.1236742963
2023,西屯區,強盜,1,235441,year_end_registered_population,0.4247348593
2023,西屯區,搶奪,1,235441,year_end_registered_population,0.4247348593
2023,西屯區,機車竊盜,21,235441,year_end_registered_population,8.9194320445
2023,西屯區,毒品,352,235441,year_end_registered_population,149.506670461
2023,西屯區,汽車竊盜,3,235441,year_end_registered_population,1.2742045778
2023,豐原區,搶奪,1,163948,year_end_registered_population,0.6099494962
2023,豐原區,機車竊盜,7,163948,year_end_registered_population,4.2696464733
2023,豐原區,毒品,105,163948,year_end_registered_population,64.0446970991
2023,豐原區,汽車竊盜,3,163948,year_end_registered_population,1.8298484885
2023,霧峰區,搶奪,1,63822,year_end_registered_population,1.5668578233
2023,霧峰區,機車竊盜,3,63822,year_end_registered_population,4.70057347
2023,霧峰區,毒品,40,63822,year_end_registered_population,62.6743129328
2023,霧峰區,汽車竊盜,1,63822,year_end_registered_population,1.5668578233
2023,龍井區,住宅竊盜,5,78413,year_end_registered_population,6.3764936936
2023,龍井區,強制性交,1,78413,year_end_registered_population,1.2752987387
2023,龍井區,機車竊盜,5,78413,year_end_registered_population,6.3764936936
2023,龍井區,毒品,33,78413,year_end_registered_population,42.0848583781
2023,龍井區,汽車竊盜,4,78413,year_end_registered_population,5.1011949549
2024,中區,住宅竊盜,9,17904,year_end_registered_population,50.2680965147
2024,中區,機車竊盜,14,17904,year_end_registered_population,78.1948168007
2024,中區,毒品,78,17904,year_end_registered_population,435.6568364611
2024,中區,汽車竊盜,3,17904,year_end_registered_population,16.7560321716
2024,北區,住宅竊盜,14,143568,year_end_registered_population,9.7514766522
2024,北區,強盜,1,143568,year_end_registered_population,0.6965340466
2024,北區,機車竊盜,17,143568,year_end_registered_population,11.8410787919
2024,北區,毒品,261,143568,year_end_registered_population,181.7953861585
2024,北區,汽車竊盜,2,143568,year_end_registered_population,1.3930680932
2024,北屯區,住宅竊盜,13,310965,year_end_registered_population,4.1805347869
2024,北屯區,強制性交,1,310965,year_end_registered_population,0.321579599
2024,北屯區,機車竊盜,20,310965,year_end_registered_population,6.4315919798
2024,北屯區,毒品,172,310965,year_end_registered_population,55.3116910263
2024,北屯區,汽車竊盜,8,310965,year_end_registered_population,2.5726367919
2024,南區,機車竊盜,10,127188,year_end_registered_population,7.8623769538
2024,南區,毒品,49,127188,year_end_registered_population,38.5256470736
2024,南區,汽車竊盜,2,127188,year_end_registered_population,1.5724753908
2024,南屯區,住宅竊盜,2,185192,year_end_registered_population,1.0799602575
2024,南屯區,強盜,2,185192,year_end_registered_population,1.0799602575
2024,南屯區,機車竊盜,7,185192,year_end_registered_population,3.7798609011
2024,南屯區,毒品,70,185192,year_end_registered_population,37.7986090112
2024,南屯區,汽車竊盜,6,185192,year_end_registered_population,3.2398807724
2024,后里區,機車竊盜,6,53309,year_end_registered_population,11.2551351554
2024,后里區,毒品,31,53309,year_end_registered_population,58.1515316363
2024,后里區,汽車竊盜,3,53309,year_end_registered_population,5.6275675777
2024,和平區,住宅竊盜,5,10656,year_end_registered_population,46.9219219219
2024,和平區,毒品,11,10656,year_end_registered_population,103.2282282282
2024,外埔區,機車竊盜,4,30902,year_end_registered_population,12.94414601
2024,外埔區,毒品,12,30902,year_end_registered_population,38.8324380299
2024,外埔區,汽車竊盜,1,30902,year_end_registered_population,3.2360365025
2024,大安區,機車竊盜,1,17793,year_end_registered_population,5.6201877143
2024,大安區,毒品,11,17793,year_end_registered_population,61.822064857
2024,大安區,汽車竊盜,1,17793,year_end_registered_population,5.6201877143
2024,大甲區,機車竊盜,8,74206,year_end_registered_population,10.7807993963
2024,大甲區,毒品,48,74206,year_end_registered_population,64.6847963777
2024,大甲區,汽車竊盜,5,74206,year_end_registered_population,6.7379996227
2024,大肚區,住宅竊盜,1,55708,year_end_registered_population,1.7950743161
2024,大肚區,機車竊盜,1,55708,year_end_registered_population,1.7950743161
2024,大肚區,毒品,31,55708,year_end_registered_population,55.6473037984
2024,大肚區,汽車竊盜,3,55708,year_end_registered_population,5.3852229482
2024,大里區,住宅竊盜,3,212166,year_end_registered_population,1.413987161
2024,大里區,強盜,1,212166,year_end_registered_population,0.4713290537
2024,大里區,機車竊盜,9,212166,year_end_registered_population,4.241961483
2024,大里區,毒品,80,212166,year_end_registered_population,37.7063242932
2024,大雅區,住宅竊盜,9,95229,year_end_registered_population,9.4509025612
2024,大雅區,機車竊盜,10,95229,year_end_registered_population,10.5010028458
2024,大雅區,毒品,29,95229,year_end_registered_population,30.4529082527
2024,大雅區,汽車竊盜,2,95229,year_end_registered_population,2.1002005692
2024,太平區,住宅竊盜,9,200007,year_end_registered_population,4.4998425055
2024,太平區,機車竊盜,10,200007,year_end_registered_population,4.9998250061
2024,太平區,毒品,154,200007,year_end_registered_population,76.9973050943
2024,太平區,汽車竊盜,2,200007,year_end_registered_population,0.9999650012
2024,新社區,住宅竊盜,2,22849,year_end_registered_population,8.7531182984
2024,新社區,機車竊盜,4,22849,year_end_registered_population,17.5062365968
2024,新社區,毒品,2,22849,year_end_registered_population,8.7531182984
2024,東勢區,住宅竊盜,5,47088,year_end_registered_population,10.6184165817
2024,東勢區,機車竊盜,6,47088,year_end_registered_population,12.7420998981
2024,東勢區,毒品,45,47088,year_end_registered_population,95.5657492355
2024,東勢區,汽車竊盜,5,47088,year_end_registered_population,10.6184165817
2024,東區,機車竊盜,13,77688,year_end_registered_population,16.733601071
2024,東區,毒品,49,77688,year_end_registered_population,63.0728040367
2024,東區,汽車竊盜,3,77688,year_end_registered_population,3.8616002471
2024,梧棲區,住宅竊盜,3,62701,year_end_registered_population,4.7846126856
2024,梧棲區,搶奪,1,62701,year_end_registered_population,1.5948708952
2024,梧棲區,機車竊盜,5,62701,year_end_registered_population,7.974354476
2024,梧棲區,毒品,33,62701,year_end_registered_population,52.6307395416
2024,梧棲區,汽車竊盜,2,62701,year_end_registered_population,3.1897417904
2024,沙鹿區,住宅竊盜,6,100152,year_end_registered_population,5.9908938414
2024,沙鹿區,強制性交,1,100152,year_end_registered_population,0.9984823069
2024,沙鹿區,機車竊盜,11,100152,year_end_registered_population,10.9833053758
2024,沙鹿區,毒品,61,100152,year_end_registered_population,60.9074207205
2024,沙鹿區,汽車竊盜,4,100152,year_end_registered_population,3.9939292276
2024,清水區,住宅竊盜,2,90501,year_end_registered_population,2.2099203324
2024,清水區,搶奪,1,90501,year_end_registered_population,1.1049601662
2024,清水區,機車竊盜,12,90501,year_end_registered_population,13.2595219942
2024,清水區,毒品,38,90501,year_end_registered_population,41.9884863151
2024,清水區,汽車竊盜,3,90501,year_end_registered_population,3.3148804986
2024,潭子區,住宅竊盜,10,109415,year_end_registered_population,9.1395146918
2024,潭子區,機車竊盜,4,109415,year_end_registered_population,3.6558058767
2024,潭子區,毒品,59,109415,year_end_registered_population,53.9231366814
2024,潭子區,汽車竊盜,1,109415,year_end_registered_population,0.9139514692
2024,烏日區,住宅竊盜,4,81284,year_end_registered_population,4.9210176665
2024,烏日區,機車竊盜,2,81284,year_end_registered_population,2.4605088332
2024,烏日區,毒品,44,81284,year_end_registered_population,54.131194331
2024,烏日區,汽車竊盜,3,81284,year_end_registered_population,3.6907632498
2024,石岡區,住宅竊盜,1,13877,year_end_registered_population,7.2061684802
2024,石岡區,機車竊盜,3,13877,year_end_registered_population,21.6185054407
2024,石岡區,毒品,4,13877,year_end_registered_population,28.8246739209
2024,石岡區,汽車竊盜,5,13877,year_end_registered_population,36.0308424011
2024,神岡區,機車竊盜,3,64007,year_end_registered_population,4.6869873608
2024,神岡區,毒品,20,64007,year_end_registered_population,31.246582405
2024,西區,住宅竊盜,8,113890,year_end_registered_population,7.0243217139
2024,西區,機車竊盜,7,113890,year_end_registered_population,6.1462814997
2024,西區,毒品,58,113890,year_end_registered_population,50.926332426
2024,西區,汽車竊盜,2,113890,year_end_registered_population,1.7560804285
2024,西屯區,住宅竊盜,8,236821,year_end_registered_population,3.3780788021
2024,西屯區,強盜,1,236821,year_end_registered_population,0.4222598503
2024,西屯區,搶奪,1,236821,year_end_registered_population,0.4222598503
2024,西屯區,機車竊盜,26,236821,year_end_registered_population,10.9787561069
2024,西屯區,毒品,292,236821,year_end_registered_population,123.2998762779
2024,西屯區,汽車竊盜,1,236821,year_end_registered_population,0.4222598503
2024,西屯區,組織犯罪防制條例,1,236821,year_end_registered_population,0.4222598503
2024,豐原區,機車竊盜,9,163163,year_end_registered_population,5.5159564362
2024,豐原區,毒品,69,163163,year_end_registered_population,42.2889993442
2024,豐原區,汽車竊盜,5,163163,year_end_registered_population,3.0644202423
2024,霧峰區,住宅竊盜,3,63342,year_end_registered_population,4.7361939945
2024,霧峰區,機車竊盜,6,63342,year_end_registered_population,9.472387989
2024,霧峰區,毒品,25,63342,year_end_registered_population,39.4682832876
2024,霧峰區,汽車竊盜,1,63342,year_end_registered_population,1.5787313315
2024,龍井區,住宅竊盜,12,79030,year_end_registered_population,15.184107301
2024,龍井區,搶奪,1,79030,year_end_registered_population,1.2653422751
2024,龍井區,機車竊盜,4,79030,year_end_registered_population,5.0613691003
2024,龍井區,毒品,50,79030,year_end_registered_population,63.2671137543
2024,龍井區,汽車竊盜,1,79030,year_end_registered_population,1.2653422751
2025,中區,住宅竊盜,12,18029,year_end_registered_population,66.5594320262
2025,中區,強制性交,1,18029,year_end_registered_population,5.5466193355
2025,中區,搶奪,2,18029,year_end_registered_population,11.093238671
2025,中區,機車竊盜,25,18029,year_end_registered_population,138.6654833879
2025,中區,毒品,106,18029,year_end_registered_population,587.9416495646
2025,中區,汽車竊盜,1,18029,year_end_registered_population,5.5466193355
2025,北區,住宅竊盜,13,143537,year_end_registered_population,9.0568982214
2025,北區,強盜,1,143537,year_end_registered_population,0.6966844786
2025,北區,機車竊盜,41,143537,year_end_registered_population,28.5640636212
2025,北區,毒品,301,143537,year_end_registered_population,209.7020280485
2025,北區,汽車竊盜,1,143537,year_end_registered_population,0.6966844786
2025,北屯區,住宅竊盜,83,317182,year_end_registered_population,26.1679414343
2025,北屯區,強盜,1,317182,year_end_registered_population,0.3152764028
2025,北屯區,搶奪,1,317182,year_end_registered_population,0.3152764028
2025,北屯區,機車竊盜,30,317182,year_end_registered_population,9.4582920847
2025,北屯區,毒品,252,317182,year_end_registered_population,79.4496535112
2025,北屯區,汽車竊盜,1,317182,year_end_registered_population,0.3152764028
2025,南區,住宅竊盜,33,128309,year_end_registered_population,25.7191623347
2025,南區,機車竊盜,35,128309,year_end_registered_population,27.2778994459
2025,南區,毒品,57,128309,year_end_registered_population,44.424007669
2025,南區,汽車竊盜,6,128309,year_end_registered_population,4.6762113336
2025,南屯區,住宅竊盜,11,186105,year_end_registered_population,5.910641842
2025,南屯區,強制性交,1,186105,year_end_registered_population,0.5373310765
2025,南屯區,搶奪,1,186105,year_end_registered_population,0.5373310765
2025,南屯區,機車竊盜,9,186105,year_end_registered_population,4.8359796889
2025,南屯區,毒品,106,186105,year_end_registered_population,56.9570941135
2025,南屯區,汽車竊盜,4,186105,year_end_registered_population,2.1493243062
2025,后里區,住宅竊盜,31,52754,year_end_registered_population,58.7633165258
2025,后里區,強制性交,2,52754,year_end_registered_population,3.7911817113
2025,后里區,強盜,1,52754,year_end_registered_population,1.8955908557
2025,后里區,機車竊盜,16,52754,year_end_registered_population,30.3294536907
2025,后里區,毒品,34,52754,year_end_registered_population,64.4500890928
2025,后里區,汽車竊盜,6,52754,year_end_registered_population,11.373545134
2025,后里區,組織犯罪防制條例,1,52754,year_end_registered_population,1.8955908557
2025,和平區,住宅竊盜,5,10469,year_end_registered_population,47.7600534913
2025,和平區,機車竊盜,3,10469,year_end_registered_population,28.6560320948
2025,和平區,毒品,10,10469,year_end_registered_population,95.5201069825
2025,外埔區,住宅竊盜,8,30823,year_end_registered_population,25.9546442592
2025,外埔區,機車竊盜,9,30823,year_end_registered_population,29.1989747916
2025,外埔區,毒品,17,30823,year_end_registered_population,55.1536190507
2025,外埔區,汽車竊盜,1,30823,year_end_registered_population,3.2443305324
2025,大安區,住宅竊盜,14,17487,year_end_registered_population,80.0594727512
2025,大安區,機車竊盜,1,17487,year_end_registered_population,5.7185337679
2025,大安區,毒品,7,17487,year_end_registered_population,40.0297363756
2025,大甲區,住宅竊盜,33,73108,year_end_registered_population,45.1386989112
2025,大甲區,機車竊盜,12,73108,year_end_registered_population,16.4140723313
2025,大甲區,毒品,51,73108,year_end_registered_population,69.7598074082
2025,大甲區,汽車竊盜,4,73108,year_end_registered_population,5.4713574438
2025,大肚區,住宅竊盜,15,55255,year_end_registered_population,27.1468645371
2025,大肚區,機車竊盜,3,55255,year_end_registered_population,5.4293729074
2025,大肚區,毒品,34,55255,year_end_registered_population,61.5328929509
2025,大肚區,汽車竊盜,3,55255,year_end_registered_population,5.4293729074
2025,大里區,住宅竊盜,57,211094,year_end_registered_population,27.0021885984
2025,大里區,強盜,3,211094,year_end_registered_population,1.421167821
2025,大里區,搶奪,1,211094,year_end_registered_population,0.473722607
2025,大里區,機車竊盜,21,211094,year_end_registered_population,9.9481747468
2025,大里區,毒品,121,211094,year_end_registered_population,57.3204354458
2025,大里區,汽車竊盜,7,211094,year_end_registered_population,3.3160582489
2025,大雅區,住宅竊盜,21,94741,year_end_registered_population,22.165693839
2025,大雅區,機車竊盜,14,94741,year_end_registered_population,14.777129226
2025,大雅區,毒品,68,94741,year_end_registered_population,71.7746276691
2025,大雅區,汽車竊盜,3,94741,year_end_registered_population,3.1665276913
2025,太平區,住宅竊盜,20,201536,year_end_registered_population,9.9237853287
2025,太平區,強制性交,1,201536,year_end_registered_population,0.4961892664
2025,太平區,機車竊盜,14,201536,year_end_registered_population,6.9466497301
2025,太平區,毒品,176,201536,year_end_registered_population,87.3293108923
2025,太平區,汽車竊盜,2,201536,year_end_registered_population,0.9923785329
2025,太平區,組織犯罪防制條例,1,201536,year_end_registered_population,0.4961892664
2025,新社區,住宅竊盜,2,22579,year_end_registered_population,8.8577882103
2025,新社區,機車竊盜,4,22579,year_end_registered_population,17.7155764206
2025,新社區,毒品,5,22579,year_end_registered_population,22.1444705257
2025,東勢區,住宅竊盜,9,46488,year_end_registered_population,19.3598347961
2025,東勢區,機車竊盜,10,46488,year_end_registered_population,21.5109275512
2025,東勢區,毒品,63,46488,year_end_registered_population,135.5188435725
2025,東勢區,汽車竊盜,5,46488,year_end_registered_population,10.7554637756
2025,東區,住宅竊盜,48,77745,year_end_registered_population,61.7403048428
2025,東區,機車竊盜,44,77745,year_end_registered_population,56.5952794392
2025,東區,毒品,92,77745,year_end_registered_population,118.3355842819
2025,東區,汽車竊盜,5,77745,year_end_registered_population,6.4312817545
2025,梧棲區,住宅竊盜,30,65685,year_end_registered_population,45.6725279744
2025,梧棲區,強盜,1,65685,year_end_registered_population,1.5224175991
2025,梧棲區,機車竊盜,11,65685,year_end_registered_population,16.7465935906
2025,梧棲區,毒品,36,65685,year_end_registered_population,54.8070335693
2025,梧棲區,汽車竊盜,3,65685,year_end_registered_population,4.5672527974
2025,沙鹿區,住宅竊盜,60,101419,year_end_registered_population,59.16051233
2025,沙鹿區,強盜,1,101419,year_end_registered_population,0.9860085388
2025,沙鹿區,機車竊盜,19,101419,year_end_registered_population,18.7341622378
2025,沙鹿區,毒品,75,101419,year_end_registered_population,73.9506404125
2025,沙鹿區,汽車竊盜,2,101419,year_end_registered_population,1.9720170777
2025,清水區,住宅竊盜,37,90640,year_end_registered_population,40.8208296558
2025,清水區,強盜,1,90640,year_end_registered_population,1.1032656664
2025,清水區,機車竊盜,7,90640,year_end_registered_population,7.7228596646
2025,清水區,毒品,47,90640,year_end_registered_population,51.8534863195
2025,清水區,汽車竊盜,2,90640,year_end_registered_population,2.2065313327
2025,潭子區,住宅竊盜,17,109314,year_end_registered_population,15.5515304536
2025,潭子區,機車竊盜,8,109314,year_end_registered_population,7.3183672723
2025,潭子區,毒品,87,109314,year_end_registered_population,79.5872440858
2025,潭子區,汽車竊盜,2,109314,year_end_registered_population,1.8295918181
2025,烏日區,住宅竊盜,25,82248,year_end_registered_population,30.3958758876
2025,烏日區,搶奪,1,82248,year_end_registered_population,1.2158350355
2025,烏日區,機車竊盜,12,82248,year_end_registered_population,14.590020426
2025,烏日區,毒品,55,82248,year_end_registered_population,66.8709269526
2025,烏日區,汽車竊盜,4,82248,year_end_registered_population,4.863340142
2025,石岡區,住宅竊盜,1,13668,year_end_registered_population,7.3163593796
2025,石岡區,機車竊盜,1,13668,year_end_registered_population,7.3163593796
2025,石岡區,毒品,7,13668,year_end_registered_population,51.214515657
2025,石岡區,汽車竊盜,2,13668,year_end_registered_population,14.6327187591
2025,神岡區,住宅竊盜,8,63271,year_end_registered_population,12.6440233282
2025,神岡區,強制性交,1,63271,year_end_registered_population,1.580502916
2025,神岡區,機車竊盜,4,63271,year_end_registered_population,6.3220116641
2025,神岡區,毒品,36,63271,year_end_registered_population,56.898104977
2025,神岡區,汽車竊盜,2,63271,year_end_registered_population,3.1610058321
2025,西區,住宅竊盜,22,113288,year_end_registered_population,19.4195325189
2025,西區,搶奪,2,113288,year_end_registered_population,1.7654120472
2025,西區,機車竊盜,15,113288,year_end_registered_population,13.2405903538
2025,西區,毒品,87,113288,year_end_registered_population,76.795424052
2025,西區,汽車竊盜,2,113288,year_end_registered_population,1.7654120472
2025,西屯區,住宅竊盜,11,238052,year_end_registered_population,4.6208391444
2025,西屯區,強盜,1,238052,year_end_registered_population,0.4200762859
2025,西屯區,搶奪,1,238052,year_end_registered_population,0.4200762859
2025,西屯區,機車竊盜,38,238052,year_end_registered_population,15.9628988624
2025,西屯區,毒品,391,238052,year_end_registered_population,164.2498277687
2025,西屯區,汽車竊盜,6,238052,year_end_registered_population,2.5204577151
2025,豐原區,住宅竊盜,25,161771,year_end_registered_population,15.4539441556
2025,豐原區,搶奪,1,161771,year_end_registered_population,0.6181577662
2025,豐原區,機車竊盜,28,161771,year_end_registered_population,17.3084174543
2025,豐原區,毒品,59,161771,year_end_registered_population,36.4713082073
2025,豐原區,汽車竊盜,5,161771,year_end_registered_population,3.0907888311
2025,霧峰區,住宅竊盜,15,62627,year_end_registered_population,23.9513308956
2025,霧峰區,機車竊盜,16,62627,year_end_registered_population,25.5480862887
2025,霧峰區,毒品,32,62627,year_end_registered_population,51.0961725773
2025,龍井區,住宅竊盜,37,79241,year_end_registered_population,46.6929998359
2025,龍井區,機車竊盜,7,79241,year_end_registered_population,8.8338107798
2025,龍井區,毒品,84,79241,year_end_registered_population,106.0057293573
2025,龍井區,汽車竊盜,3,79241,year_end_registered_population,3.7859189056
