year,quarter,crime_type,category_available,coverage_status,source_file,notes
2016,1,住宅竊盜,true,complete,npa_crime_105_01_03.csv,Category is present in the actual national quarterly source file.
2016,1,強制性交,true,complete,npa_crime_105_01_03.csv,Category is present in the actual national quarterly source file.
2016,1,強盜,true,complete,npa_crime_105_01_03.csv,Category is present in the actual national quarterly source file.
2016,1,搶奪,true,complete,npa_crime_105_01_03.csv,Category is present in the actual national quarterly source file.
2016,1,機車竊盜,true,complete,npa_crime_105_01_03.csv,Category is present in the actual national quarterly source file.
2016,1,毒品,true,complete,npa_crime_105_01_03.csv,Category is present in the actual national quarterly source file.
2016,1,汽車竊盜,true,complete,npa_crime_105_01_03.csv,Category is present in the actual national quarterly source file.
2016,1,組織犯罪防制條例,false,unavailable,npa_crime_105_01_03.csv,Category is absent from the actual quarterly source file; absence is not interpreted as zero.
2016,2,住宅竊盜,true,complete,npa_crime_105_04_06.csv,Category is present in the actual national quarterly source file.
2016,2,強制性交,true,complete,npa_crime_105_04_06.csv,Category is present in the actual national quarterly source file.
2016,2,強盜,true,complete,npa_crime_105_04_06.csv,Category is present in the actual national quarterly source file.
2016,2,搶奪,true,complete,npa_crime_105_04_06.csv,Category is present in the actual national quarterly source file.
2016,2,機車竊盜,true,complete,npa_crime_105_04_06.csv,Category is present in the actual national quarterly source file.
2016,2,毒品,true,complete,npa_crime_105_04_06.csv,Category is present in the actual national quarterly source file.
2016,2,汽車竊盜,true,complete,npa_crime_105_04_06.csv,Category is present in the actual national quarterly source file.
2016,2,組織犯罪防制條例,false,unavailable,npa_crime_105_04_06.csv,Category is absent from the actual quarterly source file; absence is not interpreted as zero.
2016,3,住宅竊盜,true,complete,npa_crime_105_07_09.csv,Category is present in the actual national quarterly source file.
2016,3,強制性交,true,complete,npa_crime_105_07_09.csv,Category is present in the actual national quarterly source file.
2016,3,強盜,true,complete,npa_crime_105_07_09.csv,Category is present in the actual national quarterly source file.
2016,3,搶奪,true,complete,npa_crime_105_07_09.csv,Category is present in the actual national quarterly source file.
2016,3,機車竊盜,true,complete,npa_crime_105_07_09.csv,Category is present in the actual national quarterly source file.
2016,3,毒品,true,complete,npa_crime_105_07_09.csv,Category is present in the actual national quarterly source file.
2016,3,汽車竊盜,true,complete,npa_crime_105_07_09.csv,Category is present in the actual national quarterly source file.
2016,3,組織犯罪防制條例,false,unavailable,npa_crime_105_07_09.csv,Category is absent from the actual quarterly source file; absence is not interpreted as zero.
2016,4,住宅竊盜,true,complete,npa_crime_105_10_12.csv,Category is present in the actual national quarterly source file.
2016,4,強制性交,true,complete,npa_crime_105_10_12.csv,Category is present in the actual national quarterly source file.
2016,4,強盜,true,complete,npa_crime_105_10_12.csv,Category is present in the actual national quarterly source file.
2016,4,搶奪,true,complete,npa_crime_105_10_12.csv,Category is present in the actual national quarterly source file.
2016,4,機車竊盜,true,complete,npa_crime_105_10_12.csv,Category is present in the actual national quarterly source file.
2016,4,毒品,true,complete,npa_crime_105_10_12.csv,Category is present in the actual national quarterly source file.
2016,4,汽車竊盜,true,complete,npa_crime_105_10_12.csv,Category is present in the actual national quarterly source file.
2016,4,組織犯罪防制條例,false,unavailable,npa_crime_105_10_12.csv,Category is absent from the actual quarterly source file; absence is not interpreted as zero.
2017,1,住宅竊盜,true,complete,npa_crime_106_01_03.csv,Category is present in the actual national quarterly source file.
2017,1,強制性交,true,complete,npa_crime_106_01_03.csv,Category is present in the actual national quarterly source file.
2017,1,強盜,true,complete,npa_crime_106_01_03.csv,Category is present in the actual national quarterly source file.
2017,1,搶奪,true,complete,npa_crime_106_01_03.csv,Category is present in the actual national quarterly source file.
2017,1,機車竊盜,true,complete,npa_crime_106_01_03.csv,Category is present in the actual national quarterly source file.
2017,1,毒品,true,complete,npa_crime_106_01_03.csv,Category is present in the actual national quarterly source file.
2017,1,汽車竊盜,true,complete,npa_crime_106_01_03.csv,Category is present in the actual national quarterly source file.
2017,1,組織犯罪防制條例,false,unavailable,npa_crime_106_01_03.csv,Category is absent from the actual quarterly source file; absence is not interpreted as zero.
2017,2,住宅竊盜,true,complete,npa_crime_106_04_06.csv,Category is present in the actual national quarterly source file.
2017,2,強制性交,true,complete,npa_crime_106_04_06.csv,Category is present in the actual national quarterly source file.
2017,2,強盜,true,complete,npa_crime_106_04_06.csv,Category is present in the actual national quarterly source file.
2017,2,搶奪,true,complete,npa_crime_106_04_06.csv,Category is present in the actual national quarterly source file.
2017,2,機車竊盜,true,complete,npa_crime_106_04_06.csv,Category is present in the actual national quarterly source file.
2017,2,毒品,true,complete,npa_crime_106_04_06.csv,Category is present in the actual national quarterly source file.
2017,2,汽車竊盜,true,complete,npa_crime_106_04_06.csv,Category is present in the actual national quarterly source file.
2017,2,組織犯罪防制條例,false,unavailable,npa_crime_106_04_06.csv,Category is absent from the actual quarterly source file; absence is not interpreted as zero.
2017,3,住宅竊盜,true,complete,npa_crime_106_07_09.csv,Category is present in the actual national quarterly source file.
2017,3,強制性交,true,complete,npa_crime_106_07_09.csv,Category is present in the actual national quarterly source file.
2017,3,強盜,true,complete,npa_crime_106_07_09.csv,Category is present in the actual national quarterly source file.
2017,3,搶奪,true,complete,npa_crime_106_07_09.csv,Category is present in the actual national quarterly source file.
2017,3,機車竊盜,true,complete,npa_crime_106_07_09.csv,Category is present in the actual national quarterly source file.
2017,3,毒品,true,complete,npa_crime_106_07_09.csv,Category is present in the actual national quarterly source file.
2017,3,汽車竊盜,true,complete,npa_crime_106_07_09.csv,Category is present in the actual national quarterly source file.
2017,3,組織犯罪防制條例,false,unavailable,npa_crime_106_07_09.csv,Category is absent from the actual quarterly source file; absence is not interpreted as zero.
2017,4,住宅竊盜,true,complete,npa_crime_106_10_12.csv,Category is present in the actual national quarterly source file.
2017,4,強制性交,true,complete,npa_crime_106_10_12.csv,Category is present in the actual national quarterly source file.
2017,4,強盜,true,complete,npa_crime_106_10_12.csv,Category is present in the actual national quarterly source file.
2017,4,搶奪,true,complete,npa_crime_106_10_12.csv,Category is present in the actual national quarterly source file.
2017,4,機車竊盜,true,complete,npa_crime_106_10_12.csv,Category is present in the actual national quarterly source file.
2017,4,毒品,true,complete,npa_crime_106_10_12.csv,Category is present in the actual national quarterly source file.
2017,4,汽車竊盜,true,complete,npa_crime_106_10_12.csv,Category is present in the actual national quarterly source file.
2017,4,組織犯罪防制條例,false,unavailable,npa_crime_106_10_12.csv,Category is absent from the actual quarterly source file; absence is not interpreted as zero.
2018,1,住宅竊盜,true,complete,npa_crime_107_01_03.csv,Category is present in the actual national quarterly source file.
2018,1,強制性交,true,complete,npa_crime_107_01_03.csv,Category is present in the actual national quarterly source file.
2018,1,強盜,true,complete,npa_crime_107_01_03.csv,Category is present in the actual national quarterly source file.
2018,1,搶奪,true,complete,npa_crime_107_01_03.csv,Category is present in the actual national quarterly source file.
2018,1,機車竊盜,true,complete,npa_crime_107_01_03.csv,Category is present in the actual national quarterly source file.
2018,1,毒品,true,complete,npa_crime_107_01_03.csv,Category is present in the actual national quarterly source file.
2018,1,汽車竊盜,true,complete,npa_crime_107_01_03.csv,Category is present in the actual national quarterly source file.
2018,1,組織犯罪防制條例,false,unavailable,npa_crime_107_01_03.csv,Category is absent from the actual quarterly source file; absence is not interpreted as zero.
2018,2,住宅竊盜,true,complete,npa_crime_107_04_06.csv,Category is present in the actual national quarterly source file.
2018,2,強制性交,true,complete,npa_crime_107_04_06.csv,Category is present in the actual national quarterly source file.
2018,2,強盜,true,complete,npa_crime_107_04_06.csv,Category is present in the actual national quarterly source file.
2018,2,搶奪,true,complete,npa_crime_107_04_06.csv,Category is present in the actual national quarterly source file.
2018,2,機車竊盜,true,complete,npa_crime_107_04_06.csv,Category is present in the actual national quarterly source file.
2018,2,毒品,true,complete,npa_crime_107_04_06.csv,Category is present in the actual national quarterly source file.
2018,2,汽車竊盜,true,complete,npa_crime_107_04_06.csv,Category is present in the actual national quarterly source file.
2018,2,組織犯罪防制條例,false,unavailable,npa_crime_107_04_06.csv,Category is absent from the actual quarterly source file; absence is not interpreted as zero.
2018,3,住宅竊盜,true,complete,npa_crime_107_07_09.csv,Category is present in the actual national quarterly source file.
2018,3,強制性交,true,complete,npa_crime_107_07_09.csv,Category is present in the actual national quarterly source file.
2018,3,強盜,true,complete,npa_crime_107_07_09.csv,Category is present in the actual national quarterly source file.
2018,3,搶奪,true,complete,npa_crime_107_07_09.csv,Category is present in the actual national quarterly source file.
2018,3,機車竊盜,true,complete,npa_crime_107_07_09.csv,Category is present in the actual national quarterly source file.
2018,3,毒品,true,complete,npa_crime_107_07_09.csv,Category is present in the actual national quarterly source file.
2018,3,汽車竊盜,true,complete,npa_crime_107_07_09.csv,Category is present in the actual national quarterly source file.
2018,3,組織犯罪防制條例,false,unavailable,npa_crime_107_07_09.csv,Category is absent from the actual quarterly source file; absence is not interpreted as zero.
2018,4,住宅竊盜,true,complete,npa_crime_107_10_12.csv,Category is present in the actual national quarterly source file.
2018,4,強制性交,true,complete,npa_crime_107_10_12.csv,Category is present in the actual national quarterly source file.
2018,4,強盜,true,complete,npa_crime_107_10_12.csv,Category is present in the actual national quarterly source file.
2018,4,搶奪,true,complete,npa_crime_107_10_12.csv,Category is present in the actual national quarterly source file.
2018,4,機車竊盜,true,complete,npa_crime_107_10_12.csv,Category is present in the actual national quarterly source file.
2018,4,毒品,true,complete,npa_crime_107_10_12.csv,Category is present in the actual national quarterly source file.
2018,4,汽車竊盜,true,complete,npa_crime_107_10_12.csv,Category is present in the actual national quarterly source file.
2018,4,組織犯罪防制條例,true,complete,npa_crime_107_10_12.csv,Category is present in the actual national quarterly source file.
2019,1,住宅竊盜,true,complete,npa_crime_108_01_03.csv,Category is present in the actual national quarterly source file.
2019,1,強制性交,true,complete,npa_crime_108_01_03.csv,Category is present in the actual national quarterly source file.
2019,1,強盜,true,complete,npa_crime_108_01_03.csv,Category is present in the actual national quarterly source file.
2019,1,搶奪,true,complete,npa_crime_108_01_03.csv,Category is present in the actual national quarterly source file.
2019,1,機車竊盜,true,complete,npa_crime_108_01_03.csv,Category is present in the actual national quarterly source file.
2019,1,毒品,true,complete,npa_crime_108_01_03.csv,Category is present in the actual national quarterly source file.
2019,1,汽車竊盜,true,complete,npa_crime_108_01_03.csv,Category is present in the actual national quarterly source file.
2019,1,組織犯罪防制條例,true,complete,npa_crime_108_01_03.csv,Category is present in the actual national quarterly source file.
2019,2,住宅竊盜,true,complete,npa_crime_108_04_06.csv,Category is present in the actual national quarterly source file.
2019,2,強制性交,true,complete,npa_crime_108_04_06.csv,Category is present in the actual national quarterly source file.
2019,2,強盜,true,complete,npa_crime_108_04_06.csv,Category is present in the actual national quarterly source file.
2019,2,搶奪,true,complete,npa_crime_108_04_06.csv,Category is present in the actual national quarterly source file.
2019,2,機車竊盜,true,complete,npa_crime_108_04_06.csv,Category is present in the actual national quarterly source file.
2019,2,毒品,true,complete,npa_crime_108_04_06.csv,Category is present in the actual national quarterly source file.
2019,2,汽車竊盜,true,complete,npa_crime_108_04_06.csv,Category is present in the actual national quarterly source file.
2019,2,組織犯罪防制條例,true,complete,npa_crime_108_04_06.csv,Category is present in the actual national quarterly source file.
2019,3,住宅竊盜,true,complete,npa_crime_108_07_09.csv,Category is present in the actual national quarterly source file.
2019,3,強制性交,true,complete,npa_crime_108_07_09.csv,Category is present in the actual national quarterly source file.
2019,3,強盜,true,complete,npa_crime_108_07_09.csv,Category is present in the actual national quarterly source file.
2019,3,搶奪,true,complete,npa_crime_108_07_09.csv,Category is present in the actual national quarterly source file.
2019,3,機車竊盜,true,complete,npa_crime_108_07_09.csv,Category is present in the actual national quarterly source file.
2019,3,毒品,true,complete,npa_crime_108_07_09.csv,Category is present in the actual national quarterly source file.
2019,3,汽車竊盜,true,complete,npa_crime_108_07_09.csv,Category is present in the actual national quarterly source file.
2019,3,組織犯罪防制條例,true,complete,npa_crime_108_07_09.csv,Category is present in the actual national quarterly source file.
2019,4,住宅竊盜,true,complete,npa_crime_108_10_12.csv,Category is present in the actual national quarterly source file.
2019,4,強制性交,true,complete,npa_crime_108_10_12.csv,Category is present in the actual national quarterly source file.
2019,4,強盜,true,complete,npa_crime_108_10_12.csv,Category is present in the actual national quarterly source file.
2019,4,搶奪,true,complete,npa_crime_108_10_12.csv,Category is present in the actual national quarterly source file.
2019,4,機車竊盜,true,complete,npa_crime_108_10_12.csv,Category is present in the actual national quarterly source file.
2019,4,毒品,true,complete,npa_crime_108_10_12.csv,Category is present in the actual national quarterly source file.
2019,4,汽車竊盜,true,complete,npa_crime_108_10_12.csv,Category is present in the actual national quarterly source file.
2019,4,組織犯罪防制條例,true,complete,npa_crime_108_10_12.csv,Category is present in the actual national quarterly source file.
2020,1,住宅竊盜,true,complete,npa_crime_109_01_03.csv,Category is present in the actual national quarterly source file.
2020,1,強制性交,true,complete,npa_crime_109_01_03.csv,Category is present in the actual national quarterly source file.
2020,1,強盜,true,complete,npa_crime_109_01_03.csv,Category is present in the actual national quarterly source file.
2020,1,搶奪,true,complete,npa_crime_109_01_03.csv,Category is present in the actual national quarterly source file.
2020,1,機車竊盜,true,complete,npa_crime_109_01_03.csv,Category is present in the actual national quarterly source file.
2020,1,毒品,true,complete,npa_crime_109_01_03.csv,Category is present in the actual national quarterly source file.
2020,1,汽車竊盜,true,complete,npa_crime_109_01_03.csv,Category is present in the actual national quarterly source file.
2020,1,組織犯罪防制條例,true,complete,npa_crime_109_01_03.csv,Category is present in the actual national quarterly source file.
2020,2,住宅竊盜,true,complete,npa_crime_109_04_06.csv,Category is present in the actual national quarterly source file.
2020,2,強制性交,true,complete,npa_crime_109_04_06.csv,Category is present in the actual national quarterly source file.
2020,2,強盜,true,complete,npa_crime_109_04_06.csv,Category is present in the actual national quarterly source file.
2020,2,搶奪,true,complete,npa_crime_109_04_06.csv,Category is present in the actual national quarterly source file.
2020,2,機車竊盜,true,complete,npa_crime_109_04_06.csv,Category is present in the actual national quarterly source file.
2020,2,毒品,true,complete,npa_crime_109_04_06.csv,Category is present in the actual national quarterly source file.
2020,2,汽車竊盜,true,complete,npa_crime_109_04_06.csv,Category is present in the actual national quarterly source file.
2020,2,組織犯罪防制條例,true,complete,npa_crime_109_04_06.csv,Category is present in the actual national quarterly source file.
2020,3,住宅竊盜,true,complete,npa_crime_109_07_09.csv,Category is present in the actual national quarterly source file.
2020,3,強制性交,true,complete,npa_crime_109_07_09.csv,Category is present in the actual national quarterly source file.
2020,3,強盜,true,complete,npa_crime_109_07_09.csv,Category is present in the actual national quarterly source file.
2020,3,搶奪,true,complete,npa_crime_109_07_09.csv,Category is present in the actual national quarterly source file.
2020,3,機車竊盜,true,complete,npa_crime_109_07_09.csv,Category is present in the actual national quarterly source file.
2020,3,毒品,true,complete,npa_crime_109_07_09.csv,Category is present in the actual national quarterly source file.
2020,3,汽車竊盜,true,complete,npa_crime_109_07_09.csv,Category is present in the actual national quarterly source file.
2020,3,組織犯罪防制條例,true,complete,npa_crime_109_07_09.csv,Category is present in the actual national quarterly source file.
2020,4,住宅竊盜,true,complete,npa_crime_109_10_12.csv,Category is present in the actual national quarterly source file.
2020,4,強制性交,true,complete,npa_crime_109_10_12.csv,Category is present in the actual national quarterly source file.
2020,4,強盜,true,complete,npa_crime_109_10_12.csv,Category is present in the actual national quarterly source file.
2020,4,搶奪,true,complete,npa_crime_109_10_12.csv,Category is present in the actual national quarterly source file.
2020,4,機車竊盜,true,complete,npa_crime_109_10_12.csv,Category is present in the actual national quarterly source file.
2020,4,毒品,true,complete,npa_crime_109_10_12.csv,Category is present in the actual national quarterly source file.
2020,4,汽車竊盜,true,complete,npa_crime_109_10_12.csv,Category is present in the actual national quarterly source file.
2020,4,組織犯罪防制條例,true,complete,npa_crime_109_10_12.csv,Category is present in the actual national quarterly source file.
2021,1,住宅竊盜,true,complete,npa_crime_110_01_03.csv,Category is present in the actual national quarterly source file.
2021,1,強制性交,true,complete,npa_crime_110_01_03.csv,Category is present in the actual national quarterly source file.
2021,1,強盜,true,complete,npa_crime_110_01_03.csv,Category is present in the actual national quarterly source file.
2021,1,搶奪,true,complete,npa_crime_110_01_03.csv,Category is present in the actual national quarterly source file.
2021,1,機車竊盜,true,complete,npa_crime_110_01_03.csv,Category is present in the actual national quarterly source file.
2021,1,毒品,true,complete,npa_crime_110_01_03.csv,Category is present in the actual national quarterly source file.
2021,1,汽車竊盜,true,complete,npa_crime_110_01_03.csv,Category is present in the actual national quarterly source file.
2021,1,組織犯罪防制條例,true,complete,npa_crime_110_01_03.csv,Category is present in the actual national quarterly source file.
2021,2,住宅竊盜,true,complete,npa_crime_110_04_06.csv,Category is present in the actual national quarterly source file.
2021,2,強制性交,true,complete,npa_crime_110_04_06.csv,Category is present in the actual national quarterly source file.
2021,2,強盜,true,complete,npa_crime_110_04_06.csv,Category is present in the actual national quarterly source file.
2021,2,搶奪,true,complete,npa_crime_110_04_06.csv,Category is present in the actual national quarterly source file.
2021,2,機車竊盜,true,complete,npa_crime_110_04_06.csv,Category is present in the actual national quarterly source file.
2021,2,毒品,true,complete,npa_crime_110_04_06.csv,Category is present in the actual national quarterly source file.
2021,2,汽車竊盜,true,complete,npa_crime_110_04_06.csv,Category is present in the actual national quarterly source file.
2021,2,組織犯罪防制條例,false,unavailable,npa_crime_110_04_06.csv,Category is absent from the actual quarterly source file; absence is not interpreted as zero.
2021,3,住宅竊盜,true,complete,npa_crime_110_07_09.csv,Category is present in the actual national quarterly source file.
2021,3,強制性交,true,complete,npa_crime_110_07_09.csv,Category is present in the actual national quarterly source file.
2021,3,強盜,true,complete,npa_crime_110_07_09.csv,Category is present in the actual national quarterly source file.
2021,3,搶奪,true,complete,npa_crime_110_07_09.csv,Category is present in the actual national quarterly source file.
2021,3,機車竊盜,true,complete,npa_crime_110_07_09.csv,Category is present in the actual national quarterly source file.
2021,3,毒品,true,complete,npa_crime_110_07_09.csv,Category is present in the actual national quarterly source file.
2021,3,汽車竊盜,true,complete,npa_crime_110_07_09.csv,Category is present in the actual national quarterly source file.
2021,3,組織犯罪防制條例,true,complete,npa_crime_110_07_09.csv,Category is present in the actual national quarterly source file.
2021,4,住宅竊盜,true,complete,npa_crime_110_10_12.csv,Category is present in the actual national quarterly source file.
2021,4,強制性交,true,complete,npa_crime_110_10_12.csv,Category is present in the actual national quarterly source file.
2021,4,強盜,true,complete,npa_crime_110_10_12.csv,Category is present in the actual national quarterly source file.
2021,4,搶奪,true,complete,npa_crime_110_10_12.csv,Category is present in the actual national quarterly source file.
2021,4,機車竊盜,true,complete,npa_crime_110_10_12.csv,Category is present in the actual national quarterly source file.
2021,4,毒品,true,complete,npa_crime_110_10_12.csv,Category is present in the actual national quarterly source file.
2021,4,汽車竊盜,true,complete,npa_crime_110_10_12.csv,Category is present in the actual national quarterly source file.
2021,4,組織犯罪防制條例,true,complete,npa_crime_110_10_12.csv,Category is present in the actual national quarterly source file.
2022,1,住宅竊盜,true,complete,npa_crime_111_01_03.csv,Category is present in the actual national quarterly source file.
2022,1,強制性交,true,complete,npa_crime_111_01_03.csv,Category is present in the actual national quarterly source file.
2022,1,強盜,true,complete,npa_crime_111_01_03.csv,Category is present in the actual national quarterly source file.
2022,1,搶奪,true,complete,npa_crime_111_01_03.csv,Category is present in the actual national quarterly source file.
2022,1,機車竊盜,true,complete,npa_crime_111_01_03.csv,Category is present in the actual national quarterly source file.
2022,1,毒品,true,complete,npa_crime_111_01_03.csv,Category is present in the actual national quarterly source file.
2022,1,汽車竊盜,true,complete,npa_crime_111_01_03.csv,Category is present in the actual national quarterly source file.
2022,1,組織犯罪防制條例,true,complete,npa_crime_111_01_03.csv,Category is present in the actual national quarterly source file.
2022,2,住宅竊盜,true,complete,npa_crime_111_04_06.csv,Category is present in the actual national quarterly source file.
2022,2,強制性交,true,complete,npa_crime_111_04_06.csv,Category is present in the actual national quarterly source file.
2022,2,強盜,true,complete,npa_crime_111_04_06.csv,Category is present in the actual national quarterly source file.
2022,2,搶奪,true,complete,npa_crime_111_04_06.csv,Category is present in the actual national quarterly source file.
2022,2,機車竊盜,true,complete,npa_crime_111_04_06.csv,Category is present in the actual national quarterly source file.
2022,2,毒品,true,complete,npa_crime_111_04_06.csv,Category is present in the actual national quarterly source file.
2022,2,汽車竊盜,true,complete,npa_crime_111_04_06.csv,Category is present in the actual national quarterly source file.
2022,2,組織犯罪防制條例,true,complete,npa_crime_111_04_06.csv,Category is present in the actual national quarterly source file.
2022,3,住宅竊盜,true,complete,npa_crime_111_07_09.csv,Category is present in the actual national quarterly source file.
2022,3,強制性交,true,complete,npa_crime_111_07_09.csv,Category is present in the actual national quarterly source file.
2022,3,強盜,true,complete,npa_crime_111_07_09.csv,Category is present in the actual national quarterly source file.
2022,3,搶奪,true,complete,npa_crime_111_07_09.csv,Category is present in the actual national quarterly source file.
2022,3,機車竊盜,true,complete,npa_crime_111_07_09.csv,Category is present in the actual national quarterly source file.
2022,3,毒品,true,complete,npa_crime_111_07_09.csv,Category is present in the actual national quarterly source file.
2022,3,汽車竊盜,true,complete,npa_crime_111_07_09.csv,Category is present in the actual national quarterly source file.
2022,3,組織犯罪防制條例,true,complete,npa_crime_111_07_09.csv,Category is present in the actual national quarterly source file.
2022,4,住宅竊盜,true,complete,npa_crime_111_10_12.csv,Category is present in the actual national quarterly source file.
2022,4,強制性交,true,complete,npa_crime_111_10_12.csv,Category is present in the actual national quarterly source file.
2022,4,強盜,true,complete,npa_crime_111_10_12.csv,Category is present in the actual national quarterly source file.
2022,4,搶奪,true,complete,npa_crime_111_10_12.csv,Category is present in the actual national quarterly source file.
2022,4,機車竊盜,true,complete,npa_crime_111_10_12.csv,Category is present in the actual national quarterly source file.
2022,4,毒品,true,complete,npa_crime_111_10_12.csv,Category is present in the actual national quarterly source file.
2022,4,汽車竊盜,true,complete,npa_crime_111_10_12.csv,Category is present in the actual national quarterly source file.
2022,4,組織犯罪防制條例,false,unavailable,npa_crime_111_10_12.csv,Category is absent from the actual quarterly source file; absence is not interpreted as zero.
2023,1,住宅竊盜,true,complete,npa_crime_112_01_03.csv,Category is present in the actual national quarterly source file.
2023,1,強制性交,true,complete,npa_crime_112_01_03.csv,Category is present in the actual national quarterly source file.
2023,1,強盜,true,complete,npa_crime_112_01_03.csv,Category is present in the actual national quarterly source file.
2023,1,搶奪,true,complete,npa_crime_112_01_03.csv,Category is present in the actual national quarterly source file.
2023,1,機車竊盜,true,complete,npa_crime_112_01_03.csv,Category is present in the actual national quarterly source file.
2023,1,毒品,true,complete,npa_crime_112_01_03.csv,Category is present in the actual national quarterly source file.
2023,1,汽車竊盜,true,complete,npa_crime_112_01_03.csv,Category is present in the actual national quarterly source file.
2023,1,組織犯罪防制條例,true,complete,npa_crime_112_01_03.csv,Category is present in the actual national quarterly source file.
2023,2,住宅竊盜,true,complete,npa_crime_112_04_06.csv,Category is present in the actual national quarterly source file.
2023,2,強制性交,true,complete,npa_crime_112_04_06.csv,Category is present in the actual national quarterly source file.
2023,2,強盜,true,complete,npa_crime_112_04_06.csv,Category is present in the actual national quarterly source file.
2023,2,搶奪,true,complete,npa_crime_112_04_06.csv,Category is present in the actual national quarterly source file.
2023,2,機車竊盜,true,complete,npa_crime_112_04_06.csv,Category is present in the actual national quarterly source file.
2023,2,毒品,true,complete,npa_crime_112_04_06.csv,Category is present in the actual national quarterly source file.
2023,2,汽車竊盜,true,complete,npa_crime_112_04_06.csv,Category is present in the actual national quarterly source file.
2023,2,組織犯罪防制條例,true,complete,npa_crime_112_04_06.csv,Category is present in the actual national quarterly source file.
2023,3,住宅竊盜,true,complete,npa_crime_112_07_09.csv,Category is present in the actual national quarterly source file.
2023,3,強制性交,true,complete,npa_crime_112_07_09.csv,Category is present in the actual national quarterly source file.
2023,3,強盜,true,complete,npa_crime_112_07_09.csv,Category is present in the actual national quarterly source file.
2023,3,搶奪,true,complete,npa_crime_112_07_09.csv,Category is present in the actual national quarterly source file.
2023,3,機車竊盜,true,complete,npa_crime_112_07_09.csv,Category is present in the actual national quarterly source file.
2023,3,毒品,true,complete,npa_crime_112_07_09.csv,Category is present in the actual national quarterly source file.
2023,3,汽車竊盜,true,complete,npa_crime_112_07_09.csv,Category is present in the actual national quarterly source file.
2023,3,組織犯罪防制條例,true,complete,npa_crime_112_07_09.csv,Category is present in the actual national quarterly source file.
2023,4,住宅竊盜,true,complete,npa_crime_112_10_12.csv,Category is present in the actual national quarterly source file.
2023,4,強制性交,true,complete,npa_crime_112_10_12.csv,Category is present in the actual national quarterly source file.
2023,4,強盜,true,complete,npa_crime_112_10_12.csv,Category is present in the actual national quarterly source file.
2023,4,搶奪,true,complete,npa_crime_112_10_12.csv,Category is present in the actual national quarterly source file.
2023,4,機車竊盜,true,complete,npa_crime_112_10_12.csv,Category is present in the actual national quarterly source file.
2023,4,毒品,true,complete,npa_crime_112_10_12.csv,Category is present in the actual national quarterly source file.
2023,4,汽車竊盜,true,complete,npa_crime_112_10_12.csv,Category is present in the actual national quarterly source file.
2023,4,組織犯罪防制條例,true,complete,npa_crime_112_10_12.csv,Category is present in the actual national quarterly source file.
2024,1,住宅竊盜,true,complete,npa_crime_113_01_03.csv,Category is present in the actual national quarterly source file.
2024,1,強制性交,true,complete,npa_crime_113_01_03.csv,Category is present in the actual national quarterly source file.
2024,1,強盜,true,complete,npa_crime_113_01_03.csv,Category is present in the actual national quarterly source file.
2024,1,搶奪,true,complete,npa_crime_113_01_03.csv,Category is present in the actual national quarterly source file.
2024,1,機車竊盜,true,complete,npa_crime_113_01_03.csv,Category is present in the actual national quarterly source file.
2024,1,毒品,true,complete,npa_crime_113_01_03.csv,Category is present in the actual national quarterly source file.
2024,1,汽車竊盜,true,complete,npa_crime_113_01_03.csv,Category is present in the actual national quarterly source file.
2024,1,組織犯罪防制條例,true,complete,npa_crime_113_01_03.csv,Category is present in the actual national quarterly source file.
2024,2,住宅竊盜,true,complete,npa_crime_113_04_06.csv,Category is present in the actual national quarterly source file.
2024,2,強制性交,true,complete,npa_crime_113_04_06.csv,Category is present in the actual national quarterly source file.
2024,2,強盜,true,complete,npa_crime_113_04_06.csv,Category is present in the actual national quarterly source file.
2024,2,搶奪,true,complete,npa_crime_113_04_06.csv,Category is present in the actual national quarterly source file.
2024,2,機車竊盜,true,complete,npa_crime_113_04_06.csv,Category is present in the actual national quarterly source file.
2024,2,毒品,true,complete,npa_crime_113_04_06.csv,Category is present in the actual national quarterly source file.
2024,2,汽車竊盜,true,complete,npa_crime_113_04_06.csv,Category is present in the actual national quarterly source file.
2024,2,組織犯罪防制條例,true,complete,npa_crime_113_04_06.csv,Category is present in the actual national quarterly source file.
2024,3,住宅竊盜,true,complete,npa_crime_113_07_09.csv,Category is present in the actual national quarterly source file.
2024,3,強制性交,true,complete,npa_crime_113_07_09.csv,Category is present in the actual national quarterly source file.
2024,3,強盜,true,complete,npa_crime_113_07_09.csv,Category is present in the actual national quarterly source file.
2024,3,搶奪,true,complete,npa_crime_113_07_09.csv,Category is present in the actual national quarterly source file.
2024,3,機車竊盜,true,complete,npa_crime_113_07_09.csv,Category is present in the actual national quarterly source file.
2024,3,毒品,true,complete,npa_crime_113_07_09.csv,Category is present in the actual national quarterly source file.
2024,3,汽車竊盜,true,complete,npa_crime_113_07_09.csv,Category is present in the actual national quarterly source file.
2024,3,組織犯罪防制條例,true,complete,npa_crime_113_07_09.csv,Category is present in the actual national quarterly source file.
2024,4,住宅竊盜,true,complete,npa_crime_113_10_12.csv,Category is present in the actual national quarterly source file.
2024,4,強制性交,true,complete,npa_crime_113_10_12.csv,Category is present in the actual national quarterly source file.
2024,4,強盜,true,complete,npa_crime_113_10_12.csv,Category is present in the actual national quarterly source file.
2024,4,搶奪,true,complete,npa_crime_113_10_12.csv,Category is present in the actual national quarterly source file.
2024,4,機車竊盜,true,complete,npa_crime_113_10_12.csv,Category is present in the actual national quarterly source file.
2024,4,毒品,true,complete,npa_crime_113_10_12.csv,Category is present in the actual national quarterly source file.
2024,4,汽車竊盜,true,complete,npa_crime_113_10_12.csv,Category is present in the actual national quarterly source file.
2024,4,組織犯罪防制條例,true,complete,npa_crime_113_10_12.csv,Category is present in the actual national quarterly source file.
2025,1,住宅竊盜,true,complete,npa_crime_114_01_03.csv,Category is present in the actual national quarterly source file.
2025,1,強制性交,true,complete,npa_crime_114_01_03.csv,Category is present in the actual national quarterly source file.
2025,1,強盜,true,complete,npa_crime_114_01_03.csv,Category is present in the actual national quarterly source file.
2025,1,搶奪,true,complete,npa_crime_114_01_03.csv,Category is present in the actual national quarterly source file.
2025,1,機車竊盜,true,complete,npa_crime_114_01_03.csv,Category is present in the actual national quarterly source file.
2025,1,毒品,true,complete,npa_crime_114_01_03.csv,Category is present in the actual national quarterly source file.
2025,1,汽車竊盜,true,complete,npa_crime_114_01_03.csv,Category is present in the actual national quarterly source file.
2025,1,組織犯罪防制條例,true,complete,npa_crime_114_01_03.csv,Category is present in the actual national quarterly source file.
2025,2,住宅竊盜,true,complete,npa_crime_114_04_06.csv,Category is present in the actual national quarterly source file.
2025,2,強制性交,true,complete,npa_crime_114_04_06.csv,Category is present in the actual national quarterly source file.
2025,2,強盜,true,complete,npa_crime_114_04_06.csv,Category is present in the actual national quarterly source file.
2025,2,搶奪,true,complete,npa_crime_114_04_06.csv,Category is present in the actual national quarterly source file.
2025,2,機車竊盜,true,complete,npa_crime_114_04_06.csv,Category is present in the actual national quarterly source file.
2025,2,毒品,true,complete,npa_crime_114_04_06.csv,Category is present in the actual national quarterly source file.
2025,2,汽車竊盜,true,complete,npa_crime_114_04_06.csv,Category is present in the actual national quarterly source file.
2025,2,組織犯罪防制條例,true,complete,npa_crime_114_04_06.csv,Category is present in the actual national quarterly source file.
2025,3,住宅竊盜,true,complete,npa_crime_114_07_09.csv,Category is present in the actual national quarterly source file.
2025,3,強制性交,true,complete,npa_crime_114_07_09.csv,Category is present in the actual national quarterly source file.
2025,3,強盜,true,complete,npa_crime_114_07_09.csv,Category is present in the actual national quarterly source file.
2025,3,搶奪,true,complete,npa_crime_114_07_09.csv,Category is present in the actual national quarterly source file.
2025,3,機車竊盜,true,complete,npa_crime_114_07_09.csv,Category is present in the actual national quarterly source file.
2025,3,毒品,true,complete,npa_crime_114_07_09.csv,Category is present in the actual national quarterly source file.
2025,3,汽車竊盜,true,complete,npa_crime_114_07_09.csv,Category is present in the actual national quarterly source file.
2025,3,組織犯罪防制條例,true,complete,npa_crime_114_07_09.csv,Category is present in the actual national quarterly source file.
2025,4,住宅竊盜,true,complete,npa_crime_114_10_12.csv,Category is present in the actual national quarterly source file.
2025,4,強制性交,true,complete,npa_crime_114_10_12.csv,Category is present in the actual national quarterly source file.
2025,4,強盜,true,complete,npa_crime_114_10_12.csv,Category is present in the actual national quarterly source file.
2025,4,搶奪,true,complete,npa_crime_114_10_12.csv,Category is present in the actual national quarterly source file.
2025,4,機車竊盜,true,complete,npa_crime_114_10_12.csv,Category is present in the actual national quarterly source file.
2025,4,毒品,true,complete,npa_crime_114_10_12.csv,Category is present in the actual national quarterly source file.
2025,4,汽車竊盜,true,complete,npa_crime_114_10_12.csv,Category is present in the actual national quarterly source file.
2025,4,組織犯罪防制條例,true,complete,npa_crime_114_10_12.csv,Category is present in the actual national quarterly source file.
