year,crime_type,dataset14200_city_source_count,official_annual_count,absolute_difference,percent_difference_vs_official,preliminary_to_official_ratio,comparison_status,preliminary_statistics_label,official_statistics_label
2016,毒品,3086,4277,-1191,-27.8466214636,0.7215337854,comparable,警政署季度初步案件資料,警政署／刑事警察局年度正式統計
2016,強盜,22,25,-3,-12,0.88,comparable,警政署季度初步案件資料,警政署／刑事警察局年度正式統計
2016,搶奪,24,23,1,4.347826087,1.0434782609,comparable,警政署季度初步案件資料,警政署／刑事警察局年度正式統計
2016,住宅竊盜,144,203,-59,-29.0640394089,0.7093596059,comparable,警政署季度初步案件資料,警政署／刑事警察局年度正式統計
2016,汽車竊盜,238,247,-9,-3.6437246964,0.963562753,comparable,警政署季度初步案件資料,警政署／刑事警察局年度正式統計
2016,機車竊盜,1192,1312,-120,-9.1463414634,0.9085365854,comparable,警政署季度初步案件資料,警政署／刑事警察局年度正式統計
2016,強制性交,24,37,-13,-35.1351351351,0.6486486486,comparable,警政署季度初步案件資料,警政署／刑事警察局年度正式統計
2016,組織犯罪防制條例,,,,,,category_not_comparable,警政署季度初步案件資料,警政署／刑事警察局年度正式統計
2017,毒品,3441,4733,-1292,-27.2976970209,0.7270230298,comparable,警政署季度初步案件資料,警政署／刑事警察局年度正式統計
2017,強盜,14,15,-1,-6.6666666667,0.9333333333,comparable,警政署季度初步案件資料,警政署／刑事警察局年度正式統計
2017,搶奪,19,19,0,0,1,comparable,警政署季度初步案件資料,警政署／刑事警察局年度正式統計
2017,住宅竊盜,131,198,-67,-33.8383838384,0.6616161616,comparable,警政署季度初步案件資料,警政署／刑事警察局年度正式統計
2017,汽車竊盜,173,180,-7,-3.8888888889,0.9611111111,comparable,警政署季度初步案件資料,警政署／刑事警察局年度正式統計
2017,機車竊盜,964,1136,-172,-15.1408450704,0.8485915493,comparable,警政署季度初步案件資料,警政署／刑事警察局年度正式統計
2017,強制性交,33,14,19,135.7142857143,2.3571428571,comparable,警政署季度初步案件資料,警政署／刑事警察局年度正式統計
2017,組織犯罪防制條例,,,,,,category_not_comparable,警政署季度初步案件資料,警政署／刑事警察局年度正式統計
2018,毒品,3136,4266,-1130,-26.4885138303,0.7351148617,comparable,警政署季度初步案件資料,警政署／刑事警察局年度正式統計
2018,強盜,24,24,0,0,1,comparable,警政署季度初步案件資料,警政署／刑事警察局年度正式統計
2018,搶奪,17,17,0,0,1,comparable,警政署季度初步案件資料,警政署／刑事警察局年度正式統計
2018,住宅竊盜,104,186,-82,-44.0860215054,0.5591397849,comparable,警政署季度初步案件資料,警政署／刑事警察局年度正式統計
2018,汽車竊盜,135,144,-9,-6.25,0.9375,comparable,警政署季度初步案件資料,警政署／刑事警察局年度正式統計
2018,機車竊盜,629,814,-185,-22.7272727273,0.7727272727,comparable,警政署季度初步案件資料,警政署／刑事警察局年度正式統計
2018,強制性交,18,7,11,157.1428571429,2.5714285714,comparable,警政署季度初步案件資料,警政署／刑事警察局年度正式統計
2018,組織犯罪防制條例,1,,,,,category_not_comparable,警政署季度初步案件資料,警政署／刑事警察局年度正式統計
2019,毒品,2722,3700,-978,-26.4324324324,0.7356756757,comparable,警政署季度初步案件資料,警政署／刑事警察局年度正式統計
2019,強盜,17,19,-2,-10.5263157895,0.8947368421,comparable,警政署季度初步案件資料,警政署／刑事警察局年度正式統計
2019,搶奪,16,16,0,0,1,comparable,警政署季度初步案件資料,警政署／刑事警察局年度正式統計
2019,住宅竊盜,78,148,-70,-47.2972972973,0.527027027,comparable,警政署季度初步案件資料,警政署／刑事警察局年度正式統計
2019,汽車竊盜,102,108,-6,-5.5555555556,0.9444444444,comparable,警政署季度初步案件資料,警政署／刑事警察局年度正式統計
2019,機車竊盜,526,517,9,1.7408123791,1.0174081238,comparable,警政署季度初步案件資料,警政署／刑事警察局年度正式統計
2019,強制性交,0,0,0,,,comparable,警政署季度初步案件資料,警政署／刑事警察局年度正式統計
2019,組織犯罪防制條例,1,,,,,category_not_comparable,警政署季度初步案件資料,警政署／刑事警察局年度正式統計
2020,毒品,2549,3624,-1075,-29.6633554084,0.7033664459,comparable,警政署季度初步案件資料,警政署／刑事警察局年度正式統計
2020,強盜,14,13,1,7.6923076923,1.0769230769,comparable,警政署季度初步案件資料,警政署／刑事警察局年度正式統計
2020,搶奪,8,7,1,14.2857142857,1.1428571429,comparable,警政署季度初步案件資料,警政署／刑事警察局年度正式統計
2020,住宅竊盜,70,128,-58,-45.3125,0.546875,comparable,警政署季度初步案件資料,警政署／刑事警察局年度正式統計
2020,汽車竊盜,91,94,-3,-3.1914893617,0.9680851064,comparable,警政署季度初步案件資料,警政署／刑事警察局年度正式統計
2020,機車竊盜,423,417,6,1.4388489209,1.0143884892,comparable,警政署季度初步案件資料,警政署／刑事警察局年度正式統計
2020,強制性交,6,1,5,500,6,comparable,警政署季度初步案件資料,警政署／刑事警察局年度正式統計
2020,組織犯罪防制條例,0,,,,,category_not_comparable,警政署季度初步案件資料,警政署／刑事警察局年度正式統計
2021,毒品,2135,3083,-948,-30.7492701914,0.6925072981,comparable,警政署季度初步案件資料,警政署／刑事警察局年度正式統計
2021,強盜,14,16,-2,-12.5,0.875,comparable,警政署季度初步案件資料,警政署／刑事警察局年度正式統計
2021,搶奪,7,7,0,0,1,comparable,警政署季度初步案件資料,警政署／刑事警察局年度正式統計
2021,住宅竊盜,70,115,-45,-39.1304347826,0.6086956522,comparable,警政署季度初步案件資料,警政署／刑事警察局年度正式統計
2021,汽車竊盜,49,56,-7,-12.5,0.875,comparable,警政署季度初步案件資料,警政署／刑事警察局年度正式統計
2021,機車竊盜,432,443,-11,-2.4830699774,0.9751693002,comparable,警政署季度初步案件資料,警政署／刑事警察局年度正式統計
2021,強制性交,3,1,2,200,3,comparable,警政署季度初步案件資料,警政署／刑事警察局年度正式統計
2021,組織犯罪防制條例,1,,,,,category_not_comparable,警政署季度初步案件資料,警政署／刑事警察局年度正式統計
2022,毒品,1854,2817,-963,-34.1853035144,0.6581469649,comparable,警政署季度初步案件資料,警政署／刑事警察局年度正式統計
2022,強盜,7,5,2,40,1.4,comparable,警政署季度初步案件資料,警政署／刑事警察局年度正式統計
2022,搶奪,6,5,1,20,1.2,comparable,警政署季度初步案件資料,警政署／刑事警察局年度正式統計
2022,住宅竊盜,50,104,-54,-51.9230769231,0.4807692308,comparable,警政署季度初步案件資料,警政署／刑事警察局年度正式統計
2022,汽車竊盜,41,45,-4,-8.8888888889,0.9111111111,comparable,警政署季度初步案件資料,警政署／刑事警察局年度正式統計
2022,機車竊盜,461,451,10,2.2172949002,1.022172949,comparable,警政署季度初步案件資料,警政署／刑事警察局年度正式統計
2022,強制性交,1,0,1,,,comparable,警政署季度初步案件資料,警政署／刑事警察局年度正式統計
2022,組織犯罪防制條例,0,,,,,category_not_comparable,警政署季度初步案件資料,警政署／刑事警察局年度正式統計
2023,毒品,1952,2915,-963,-33.0360205832,0.6696397942,comparable,警政署季度初步案件資料,警政署／刑事警察局年度正式統計
2023,強盜,3,3,0,0,1,comparable,警政署季度初步案件資料,警政署／刑事警察局年度正式統計
2023,搶奪,9,8,1,12.5,1.125,comparable,警政署季度初步案件資料,警政署／刑事警察局年度正式統計
2023,住宅竊盜,47,91,-44,-48.3516483516,0.5164835165,comparable,警政署季度初步案件資料,警政署／刑事警察局年度正式統計
2023,汽車竊盜,64,80,-16,-20,0.8,comparable,警政署季度初步案件資料,警政署／刑事警察局年度正式統計
2023,機車竊盜,488,479,9,1.878914405,1.0187891441,comparable,警政署季度初步案件資料,警政署／刑事警察局年度正式統計
2023,強制性交,5,0,5,,,comparable,警政署季度初步案件資料,警政署／刑事警察局年度正式統計
2023,組織犯罪防制條例,1,,,,,category_not_comparable,警政署季度初步案件資料,警政署／刑事警察局年度正式統計
2024,毒品,1886,2936,-1050,-35.7629427793,0.6423705722,comparable,警政署季度初步案件資料,警政署／刑事警察局年度正式統計
2024,強盜,5,5,0,0,1,comparable,警政署季度初步案件資料,警政署／刑事警察局年度正式統計
2024,搶奪,4,2,2,100,2,comparable,警政署季度初步案件資料,警政署／刑事警察局年度正式統計
2024,住宅竊盜,129,142,-13,-9.1549295775,0.9084507042,comparable,警政署季度初步案件資料,警政署／刑事警察局年度正式統計
2024,汽車竊盜,74,81,-7,-8.6419753086,0.9135802469,comparable,警政署季度初步案件資料,警政署／刑事警察局年度正式統計
2024,機車竊盜,464,467,-3,-0.6423982869,0.9935760171,comparable,警政署季度初步案件資料,警政署／刑事警察局年度正式統計
2024,強制性交,2,0,2,,,comparable,警政署季度初步案件資料,警政署／刑事警察局年度正式統計
2024,組織犯罪防制條例,1,,,,,category_not_comparable,警政署季度初步案件資料,警政署／刑事警察局年度正式統計
2025,毒品,2496,3972,-1476,-37.1601208459,0.6283987915,comparable,警政署季度初步案件資料,警政署／刑事警察局年度正式統計
2025,強盜,10,9,1,11.1111111111,1.1111111111,comparable,警政署季度初步案件資料,警政署／刑事警察局年度正式統計
2025,搶奪,10,10,0,0,1,comparable,警政署季度初步案件資料,警政署／刑事警察局年度正式統計
2025,住宅竊盜,703,766,-63,-8.2245430809,0.9177545692,comparable,警政署季度初步案件資料,警政署／刑事警察局年度正式統計
2025,汽車竊盜,82,84,-2,-2.380952381,0.9761904762,comparable,警政署季度初步案件資料,警政署／刑事警察局年度正式統計
2025,機車竊盜,457,463,-6,-1.2958963283,0.9870410367,comparable,警政署季度初步案件資料,警政署／刑事警察局年度正式統計
2025,強制性交,6,0,6,,,comparable,警政署季度初步案件資料,警政署／刑事警察局年度正式統計
2025,組織犯罪防制條例,2,,,,,category_not_comparable,警政署季度初步案件資料,警政署／刑事警察局年度正式統計
