county,district,county_code,town_code,geometry_available
連江縣,南竿鄉,09007,09007010,true
連江縣,北竿鄉,09007,09007020,true
連江縣,莒光鄉,09007,09007030,true
連江縣,東引鄉,09007,09007040,true
金門縣,金城鎮,09020,09020010,true
金門縣,金沙鎮,09020,09020020,true
金門縣,金湖鎮,09020,09020030,true
金門縣,金寧鄉,09020,09020040,true
金門縣,烈嶼鄉,09020,09020050,true
金門縣,烏坵鄉,09020,09020060,true
宜蘭縣,宜蘭市,10002,10002010,true
宜蘭縣,羅東鎮,10002,10002020,true
宜蘭縣,蘇澳鎮,10002,10002030,true
宜蘭縣,頭城鎮,10002,10002040,true
宜蘭縣,礁溪鄉,10002,10002050,true
宜蘭縣,壯圍鄉,10002,10002060,true
宜蘭縣,員山鄉,10002,10002070,true
宜蘭縣,冬山鄉,10002,10002080,true
宜蘭縣,五結鄉,10002,10002090,true
宜蘭縣,三星鄉,10002,10002100,true
宜蘭縣,大同鄉,10002,10002110,true
宜蘭縣,南澳鄉,10002,10002120,true
新竹縣,竹北市,10004,10004010,true
新竹縣,竹東鎮,10004,10004020,true
新竹縣,新埔鎮,10004,10004030,true
新竹縣,關西鎮,10004,10004040,true
新竹縣,湖口鄉,10004,10004050,true
新竹縣,新豐鄉,10004,10004060,true
新竹縣,芎林鄉,10004,10004070,true
新竹縣,橫山鄉,10004,10004080,true
新竹縣,北埔鄉,10004,10004090,true
新竹縣,寶山鄉,10004,10004100,true
新竹縣,峨眉鄉,10004,10004110,true
新竹縣,尖石鄉,10004,10004120,true
新竹縣,五峰鄉,10004,10004130,true
苗栗縣,苗栗市,10005,10005010,true
苗栗縣,苑裡鎮,10005,10005020,true
苗栗縣,通霄鎮,10005,10005030,true
苗栗縣,竹南鎮,10005,10005040,true
苗栗縣,頭份市,10005,10005050,true
苗栗縣,後龍鎮,10005,10005060,true
苗栗縣,卓蘭鎮,10005,10005070,true
苗栗縣,大湖鄉,10005,10005080,true
苗栗縣,公館鄉,10005,10005090,true
苗栗縣,銅鑼鄉,10005,10005100,true
苗栗縣,南庄鄉,10005,10005110,true
苗栗縣,頭屋鄉,10005,10005120,true
苗栗縣,三義鄉,10005,10005130,true
苗栗縣,西湖鄉,10005,10005140,true
苗栗縣,造橋鄉,10005,10005150,true
苗栗縣,三灣鄉,10005,10005160,true
苗栗縣,獅潭鄉,10005,10005170,true
苗栗縣,泰安鄉,10005,10005180,true
彰化縣,彰化市,10007,10007010,true
彰化縣,鹿港鎮,10007,10007020,true
彰化縣,和美鎮,10007,10007030,true
彰化縣,線西鄉,10007,10007040,true
彰化縣,伸港鄉,10007,10007050,true
彰化縣,福興鄉,10007,10007060,true
彰化縣,秀水鄉,10007,10007070,true
彰化縣,花壇鄉,10007,10007080,true
彰化縣,芬園鄉,10007,10007090,true
彰化縣,員林市,10007,10007100,true
彰化縣,溪湖鎮,10007,10007110,true
彰化縣,田中鎮,10007,10007120,true
彰化縣,大村鄉,10007,10007130,true
彰化縣,埔鹽鄉,10007,10007140,true
彰化縣,埔心鄉,10007,10007150,true
彰化縣,永靖鄉,10007,10007160,true
彰化縣,社頭鄉,10007,10007170,true
彰化縣,二水鄉,10007,10007180,true
彰化縣,北斗鎮,10007,10007190,true
彰化縣,二林鎮,10007,10007200,true
彰化縣,田尾鄉,10007,10007210,true
彰化縣,埤頭鄉,10007,10007220,true
彰化縣,芳苑鄉,10007,10007230,true
彰化縣,大城鄉,10007,10007240,true
彰化縣,竹塘鄉,10007,10007250,true
彰化縣,溪州鄉,10007,10007260,true
南投縣,南投市,10008,10008010,true
南投縣,埔里鎮,10008,10008020,true
南投縣,草屯鎮,10008,10008030,true
南投縣,竹山鎮,10008,10008040,true
南投縣,集集鎮,10008,10008050,true
南投縣,名間鄉,10008,10008060,true
南投縣,鹿谷鄉,10008,10008070,true
南投縣,中寮鄉,10008,10008080,true
南投縣,魚池鄉,10008,10008090,true
南投縣,國姓鄉,10008,10008100,true
南投縣,水里鄉,10008,10008110,true
南投縣,信義鄉,10008,10008120,true
南投縣,仁愛鄉,10008,10008130,true
雲林縣,斗六市,10009,10009010,true
雲林縣,斗南鎮,10009,10009020,true
雲林縣,虎尾鎮,10009,10009030,true
雲林縣,西螺鎮,10009,10009040,true
雲林縣,土庫鎮,10009,10009050,true
雲林縣,北港鎮,10009,10009060,true
雲林縣,古坑鄉,10009,10009070,true
雲林縣,大埤鄉,10009,10009080,true
雲林縣,莿桐鄉,10009,10009090,true
雲林縣,林內鄉,10009,10009100,true
雲林縣,二崙鄉,10009,10009110,true
雲林縣,崙背鄉,10009,10009120,true
雲林縣,麥寮鄉,10009,10009130,true
雲林縣,東勢鄉,10009,10009140,true
雲林縣,褒忠鄉,10009,10009150,true
雲林縣,臺西鄉,10009,10009160,true
雲林縣,元長鄉,10009,10009170,true
雲林縣,四湖鄉,10009,10009180,true
雲林縣,口湖鄉,10009,10009190,true
雲林縣,水林鄉,10009,10009200,true
嘉義縣,太保市,10010,10010010,true
嘉義縣,朴子市,10010,10010020,true
嘉義縣,布袋鎮,10010,10010030,true
嘉義縣,大林鎮,10010,10010040,true
嘉義縣,民雄鄉,10010,10010050,true
嘉義縣,溪口鄉,10010,10010060,true
嘉義縣,新港鄉,10010,10010070,true
嘉義縣,六腳鄉,10010,10010080,true
嘉義縣,東石鄉,10010,10010090,true
嘉義縣,義竹鄉,10010,10010100,true
嘉義縣,鹿草鄉,10010,10010110,true
嘉義縣,水上鄉,10010,10010120,true
嘉義縣,中埔鄉,10010,10010130,true
嘉義縣,竹崎鄉,10010,10010140,true
嘉義縣,梅山鄉,10010,10010150,true
嘉義縣,番路鄉,10010,10010160,true
嘉義縣,大埔鄉,10010,10010170,true
嘉義縣,阿里山鄉,10010,10010180,true
屏東縣,屏東市,10013,10013010,true
屏東縣,潮州鎮,10013,10013020,true
屏東縣,東港鎮,10013,10013030,true
屏東縣,恆春鎮,10013,10013040,true
屏東縣,萬丹鄉,10013,10013050,true
屏東縣,長治鄉,10013,10013060,true
屏東縣,麟洛鄉,10013,10013070,true
屏東縣,九如鄉,10013,10013080,true
屏東縣,里港鄉,10013,10013090,true
屏東縣,鹽埔鄉,10013,10013100,true
屏東縣,高樹鄉,10013,10013110,true
屏東縣,萬巒鄉,10013,10013120,true
屏東縣,內埔鄉,10013,10013130,true
屏東縣,竹田鄉,10013,10013140,true
屏東縣,新埤鄉,10013,10013150,true
屏東縣,枋寮鄉,10013,10013160,true
屏東縣,新園鄉,10013,10013170,true
屏東縣,崁頂鄉,10013,10013180,true
屏東縣,林邊鄉,10013,10013190,true
屏東縣,南州鄉,10013,10013200,true
屏東縣,佳冬鄉,10013,10013210,true
屏東縣,琉球鄉,10013,10013220,true
屏東縣,車城鄉,10013,10013230,true
屏東縣,滿州鄉,10013,10013240,true
屏東縣,枋山鄉,10013,10013250,true
屏東縣,三地門鄉,10013,10013260,true
屏東縣,霧臺鄉,10013,10013270,true
屏東縣,瑪家鄉,10013,10013280,true
屏東縣,泰武鄉,10013,10013290,true
屏東縣,來義鄉,10013,10013300,true
屏東縣,春日鄉,10013,10013310,true
屏東縣,獅子鄉,10013,10013320,true
屏東縣,牡丹鄉,10013,10013330,true
臺東縣,臺東市,10014,10014010,true
臺東縣,成功鎮,10014,10014020,true
臺東縣,關山鎮,10014,10014030,true
臺東縣,卑南鄉,10014,10014040,true
臺東縣,鹿野鄉,10014,10014050,true
臺東縣,池上鄉,10014,10014060,true
臺東縣,東河鄉,10014,10014070,true
臺東縣,長濱鄉,10014,10014080,true
臺東縣,太麻里鄉,10014,10014090,true
臺東縣,大武鄉,10014,10014100,true
臺東縣,綠島鄉,10014,10014110,true
臺東縣,海端鄉,10014,10014120,true
臺東縣,延平鄉,10014,10014130,true
臺東縣,金峰鄉,10014,10014140,true
臺東縣,達仁鄉,10014,10014150,true
臺東縣,蘭嶼鄉,10014,10014160,true
花蓮縣,花蓮市,10015,10015010,true
花蓮縣,鳳林鎮,10015,10015020,true
花蓮縣,玉里鎮,10015,10015030,true
花蓮縣,新城鄉,10015,10015040,true
花蓮縣,吉安鄉,10015,10015050,true
花蓮縣,壽豐鄉,10015,10015060,true
花蓮縣,光復鄉,10015,10015070,true
花蓮縣,豐濱鄉,10015,10015080,true
花蓮縣,瑞穗鄉,10015,10015090,true
花蓮縣,富里鄉,10015,10015100,true
花蓮縣,秀林鄉,10015,10015110,true
花蓮縣,萬榮鄉,10015,10015120,true
花蓮縣,卓溪鄉,10015,10015130,true
澎湖縣,馬公市,10016,10016010,true
澎湖縣,湖西鄉,10016,10016020,true
澎湖縣,白沙鄉,10016,10016030,true
澎湖縣,西嶼鄉,10016,10016040,true
澎湖縣,望安鄉,10016,10016050,true
澎湖縣,七美鄉,10016,10016060,true
基隆市,中正區,10017,10017010,true
基隆市,七堵區,10017,10017020,true
基隆市,暖暖區,10017,10017030,true
基隆市,仁愛區,10017,10017040,true
基隆市,中山區,10017,10017050,true
基隆市,安樂區,10017,10017060,true
基隆市,信義區,10017,10017070,true
新竹市,東區,10018,10018010,true
新竹市,北區,10018,10018020,true
新竹市,香山區,10018,10018030,true
嘉義市,東區,10020,10020010,true
嘉義市,西區,10020,10020020,true
臺北市,松山區,63000,63000010,true
臺北市,信義區,63000,63000020,true
臺北市,大安區,63000,63000030,true
臺北市,中山區,63000,63000040,true
臺北市,中正區,63000,63000050,true
臺北市,大同區,63000,63000060,true
臺北市,萬華區,63000,63000070,true
臺北市,文山區,63000,63000080,true
臺北市,南港區,63000,63000090,true
臺北市,內湖區,63000,63000100,true
臺北市,士林區,63000,63000110,true
臺北市,北投區,63000,63000120,true
高雄市,鹽埕區,64000,64000010,true
高雄市,鼓山區,64000,64000020,true
高雄市,左營區,64000,64000030,true
高雄市,楠梓區,64000,64000040,true
高雄市,三民區,64000,64000050,true
高雄市,新興區,64000,64000060,true
高雄市,前金區,64000,64000070,true
高雄市,苓雅區,64000,64000080,true
高雄市,前鎮區,64000,64000090,true
高雄市,旗津區,64000,64000100,true
高雄市,小港區,64000,64000110,true
高雄市,鳳山區,64000,64000120,true
高雄市,林園區,64000,64000130,true
高雄市,大寮區,64000,64000140,true
高雄市,大樹區,64000,64000150,true
高雄市,大社區,64000,64000160,true
高雄市,仁武區,64000,64000170,true
高雄市,鳥松區,64000,64000180,true
高雄市,岡山區,64000,64000190,true
高雄市,橋頭區,64000,64000200,true
高雄市,燕巢區,64000,64000210,true
高雄市,田寮區,64000,64000220,true
高雄市,阿蓮區,64000,64000230,true
高雄市,路竹區,64000,64000240,true
高雄市,湖內區,64000,64000250,true
高雄市,茄萣區,64000,64000260,true
高雄市,永安區,64000,64000270,true
高雄市,彌陀區,64000,64000280,true
高雄市,梓官區,64000,64000290,true
高雄市,旗山區,64000,64000300,true
高雄市,美濃區,64000,64000310,true
高雄市,六龜區,64000,64000320,true
高雄市,甲仙區,64000,64000330,true
高雄市,杉林區,64000,64000340,true
高雄市,內門區,64000,64000350,true
高雄市,茂林區,64000,64000360,true
高雄市,桃源區,64000,64000370,true
高雄市,那瑪夏區,64000,64000380,true
新北市,板橋區,65000,65000010,true
新北市,三重區,65000,65000020,true
新北市,中和區,65000,65000030,true
新北市,永和區,65000,65000040,true
新北市,新莊區,65000,65000050,true
新北市,新店區,65000,65000060,true
新北市,樹林區,65000,65000070,true
新北市,鶯歌區,65000,65000080,true
新北市,三峽區,65000,65000090,true
新北市,淡水區,65000,65000100,true
新北市,汐止區,65000,65000110,true
新北市,瑞芳區,65000,65000120,true
新北市,土城區,65000,65000130,true
新北市,蘆洲區,65000,65000140,true
新北市,五股區,65000,65000150,true
新北市,泰山區,65000,65000160,true
新北市,林口區,65000,65000170,true
新北市,深坑區,65000,65000180,true
新北市,石碇區,65000,65000190,true
新北市,坪林區,65000,65000200,true
新北市,三芝區,65000,65000210,true
新北市,石門區,65000,65000220,true
新北市,八里區,65000,65000230,true
新北市,平溪區,65000,65000240,true
新北市,雙溪區,65000,65000250,true
新北市,貢寮區,65000,65000260,true
新北市,金山區,65000,65000270,true
新北市,萬里區,65000,65000280,true
新北市,烏來區,65000,65000290,true
臺中市,中區,66000,66000010,true
臺中市,東區,66000,66000020,true
臺中市,南區,66000,66000030,true
臺中市,西區,66000,66000040,true
臺中市,北區,66000,66000050,true
臺中市,西屯區,66000,66000060,true
臺中市,南屯區,66000,66000070,true
臺中市,北屯區,66000,66000080,true
臺中市,豐原區,66000,66000090,true
臺中市,東勢區,66000,66000100,true
臺中市,大甲區,66000,66000110,true
臺中市,清水區,66000,66000120,true
臺中市,沙鹿區,66000,66000130,true
臺中市,梧棲區,66000,66000140,true
臺中市,后里區,66000,66000150,true
臺中市,神岡區,66000,66000160,true
臺中市,潭子區,66000,66000170,true
臺中市,大雅區,66000,66000180,true
臺中市,新社區,66000,66000190,true
臺中市,石岡區,66000,66000200,true
臺中市,外埔區,66000,66000210,true
臺中市,大安區,66000,66000220,true
臺中市,烏日區,66000,66000230,true
臺中市,大肚區,66000,66000240,true
臺中市,龍井區,66000,66000250,true
臺中市,霧峰區,66000,66000260,true
臺中市,太平區,66000,66000270,true
臺中市,大里區,66000,66000280,true
臺中市,和平區,66000,66000290,true
臺南市,新營區,67000,67000010,true
臺南市,鹽水區,67000,67000020,true
臺南市,白河區,67000,67000030,true
臺南市,柳營區,67000,67000040,true
臺南市,後壁區,67000,67000050,true
臺南市,東山區,67000,67000060,true
臺南市,麻豆區,67000,67000070,true
臺南市,下營區,67000,67000080,true
臺南市,六甲區,67000,67000090,true
臺南市,官田區,67000,67000100,true
臺南市,大內區,67000,67000110,true
臺南市,佳里區,67000,67000120,true
臺南市,學甲區,67000,67000130,true
臺南市,西港區,67000,67000140,true
臺南市,七股區,67000,67000150,true
臺南市,將軍區,67000,67000160,true
臺南市,北門區,67000,67000170,true
臺南市,新化區,67000,67000180,true
臺南市,善化區,67000,67000190,true
臺南市,新市區,67000,67000200,true
臺南市,安定區,67000,67000210,true
臺南市,山上區,67000,67000220,true
臺南市,玉井區,67000,67000230,true
臺南市,楠西區,67000,67000240,true
臺南市,南化區,67000,67000250,true
臺南市,左鎮區,67000,67000260,true
臺南市,仁德區,67000,67000270,true
臺南市,歸仁區,67000,67000280,true
臺南市,關廟區,67000,67000290,true
臺南市,龍崎區,67000,67000300,true
臺南市,永康區,67000,67000310,true
臺南市,東區,67000,67000320,true
臺南市,南區,67000,67000330,true
臺南市,北區,67000,67000340,true
臺南市,安南區,67000,67000350,true
臺南市,安平區,67000,67000360,true
臺南市,中西區,67000,67000370,true
桃園市,桃園區,68000,68000010,true
桃園市,中壢區,68000,68000020,true
桃園市,大溪區,68000,68000030,true
桃園市,楊梅區,68000,68000040,true
桃園市,蘆竹區,68000,68000050,true
桃園市,大園區,68000,68000060,true
桃園市,龜山區,68000,68000070,true
桃園市,八德區,68000,68000080,true
桃園市,龍潭區,68000,68000090,true
桃園市,平鎮區,68000,68000100,true
桃園市,新屋區,68000,68000110,true
桃園市,觀音區,68000,68000120,true
桃園市,復興區,68000,68000130,true
